Cheval	Âge	Sexe	Race	Courses	Victoires	Places	Allocation tot.	Prime Prop.	Alloc. + Prime Prop.	Gain moyen	Valeur
DIAMOND NECKLACE	3	F	PUR SANG	3	2	1	977110,00	195422,00	1172532,00	325703,33	545
RAYIF	3	M	PUR SANG	3	2	1	954250,00	0,00	954250,00	318083,33	545
CONSTITUTION RIVER	3	M	PUR SANG	1	1	0	857100,00	171420,00	1028520,00	857100,00	560
ERDENALI	3	H	PUR SANG	5	4	1	521600,00	0,00	521600,00	104320,00	560
PINK PANTHERA	3	F	PUR SANG	8	3	5	453601,00	139031,00	592632,00	56700,13	515
CABALLO DE MAR	5	H	PUR SANG	2	2	0	399980,00	0,00	399980,00	199990,00	520
DARYZ	4	M	PUR SANG	3	3	0	382100,00	93377,00	475477,00	127366,67	575
HAWK MOUNTAIN	3	M	PUR SANG	2	1	1	379500,00	0,00	379500,00	189750,00	525
AVENTURE	5	F	PUR SANG	4	2	2	353520,00	87661,00	441181,00	88380,00	535
MALTESE CROSS	3	M	PUR SANG	1	1	0	342840,00	68568,00	411408,00	342840,00	560
FRIENDLY SOUL	5	F	PUR SANG	1	1	0	342840,00	0,00	342840,00	342840,00	520
MASTER MAN	2	M	PUR SANG	5	3	2	287390,00	20541,00	307931,00	57478,00	495
SAMANGAN	3	M	PUR SANG	4	1	3	261932,00	0,00	261932,00	65483,00	535
SUNLY	4	F	PUR SANG	5	1	4	245660,00	0,00	245660,00	49132,00	525
ZEUS OLYMPIOS	4	M	PUR SANG	1	0	1	228600,00	0,00	228600,00	228600,00	540
CALANDAGAN	5	H	PUR SANG	1	1	0	228560,00	0,00	228560,00	228560,00	575
THESECRETADVERSARY	3	M	PUR SANG	2	1	0	228560,00	0,00	228560,00	114280,00	520
SENORITA BONITA	2	F	PUR SANG	1	1	0	199990,00	0,00	199990,00	199990,00	485
JABRACADABRA	3	H	PUR SANG	7	5	2	191200,00	135599,00	326799,00	27314,29	500
MONTREAL	3	M	PUR SANG	4	0	3	189840,00	0,00	189840,00	47460,00	525
KOMOREBI	3	H	PUR SANG	4	1	1	185190,00	0,00	185190,00	46297,50	515
ALAM	3	M	PUR SANG	6	1	5	183648,00	76419,00	260067,00	30608,00	515
NO LUNCH	5	M	PUR SANG	5	4	1	183530,00	68313,00	251843,00	36706,00	525
TEN BOB TONY	5	H	PUR SANG	1	0	1	182880,00	0,00	182880,00	182880,00	550
PRECISE	3	F	PUR SANG	2	0	2	182880,00	0,00	182880,00	91440,00	520
FAIRY GLEN	5	F	PUR SANG	2	1	1	182860,00	0,00	182860,00	91430,00	505
BRIGHT PICTURE	5	H	PUR SANG	3	2	1	173010,00	60709,00	233719,00	57670,00	530
BLUE BOLT	4	F	PUR SANG	1	1	0	171420,00	0,00	171420,00	171420,00	540
HALF HALF	6	H	PUR SANG	11	3	7	168006,00	75598,00	243604,00	15273,27	495
VARANDIR	3	M	PUR SANG	5	4	1	161090,00	101973,00	263063,00	32218,00	530
NIGHTTIME	3	M	PUR SANG	5	1	3	151070,00	75572,00	226642,00	30214,00	510
THE LAST DANCE	3	F	PUR SANG	3	2	1	150880,00	44008,00	194888,00	50293,33	500
TOKAIDO	2	H	PUR SANG	5	4	1	150786,00	0,00	150786,00	30157,20	485
GAZI	3	M	PUR SANG	5	1	4	145014,00	11260,00	156274,00	29002,80	460
BEHRAYNA	3	F	PUR SANG	4	4	0	141930,00	106446,00	248376,00	35482,50	515
WIMBLEDON HAWKEYE	4	M	PUR SANG	2	2	0	140910,00	0,00	140910,00	70455,00	540
ANCIENT EGYPT	3	M	PUR SANG	1	0	1	137160,00	0,00	137160,00	137160,00	500
RABBIT'S FOOT	4	F	PUR SANG	4	2	2	134670,00	52036,00	186706,00	33667,50	505
SILIUS	4	M	PUR SANG	7	3	4	134140,00	60362,00	194502,00	19162,86	500
PEARLED MAJESTY	3	M	PUR SANG	5	3	1	129725,00	0,00	129725,00	25945,00	510
SANTORINI STAR	5	F	PUR SANG	3	0	2	127675,00	0,00	127675,00	42558,33	505
STOLEN KISS	4	M	PUR SANG	6	3	2	123954,00	44920,00	168874,00	20659,00	530
SPACE WALTZ	3	M	PUR SANG	5	1	4	123300,00	0,00	123300,00	24660,00	490
CUALIFICAR	4	M	PUR SANG	4	0	4	120090,00	0,00	120090,00	30022,50	545
ZELZARI	5	H	PUR SANG	9	4	4	116196,00	52284,00	168480,00	12910,67	495
AVEC TOI	2	M	PUR SANG	4	4	0	114350,00	0,00	114350,00	28587,50	500
INIS MOR	3	F	PUR SANG	1	0	1	114300,00	22860,00	137160,00	114300,00	460
BAROUD	3	M	PUR SANG	5	2	3	111008,00	0,00	111008,00	22201,60	520
DRAZINDA	2	F	PUR SANG	5	3	2	107890,00	75411,00	183301,00	21578,00	470
HORIZON DORE	6	H	PUR SANG	8	2	6	104412,00	46985,00	151397,00	13051,50	500
ZAYDANN	4	M	PUR SANG	3	2	1	104310,00	46939,00	151249,00	34770,00	515
AL AASY	9	H	PUR SANG	1	1	0	104310,00	0,00	104310,00	104310,00	505
QIRAT	5	H	PUR SANG	1	1	0	104310,00	0,00	104310,00	104310,00	510
KOSUMA	2	F	PUR SANG	4	3	1	104005,00	56001,00	160006,00	26001,25	495
LAPOTHEOSE	3	F	PUR SANG	4	3	0	103030,00	77271,00	180301,00	25757,50	505
TRUE LOVE	3	F	PUR SANG	2	0	2	102308,00	0,00	102308,00	51154,00	510
ASMARANI	4	H	PUR SANG	4	3	1	100640,00	0,00	100640,00	25160,00	515
MAZZALA	3	H	PUR SANG	5	4	1	100610,00	75456,00	176066,00	20122,00	505
PHINEAS	4	H	PUR SANG	5	4	0	100200,00	45089,00	145289,00	20040,00	530
WOOT WOOT	2	F	PUR SANG	4	2	2	97716,00	73286,00	171002,00	24429,00	490
VICTOIRE MAGIQUE	3	M	PUR SANG	9	3	4	97305,00	72976,00	170281,00	10811,67	485
NAOMIS	3	F	PUR SANG	4	2	2	97200,00	72899,00	170099,00	24300,00	480
MISE EN BOITE	4	M	PUR SANG	7	2	3	96502,00	43425,00	139927,00	13786,00	490
RYMSKHAYA	2	F	PUR SANG	3	1	2	95100,00	10275,00	105375,00	31700,00	450
REMBRAND TO GO	4	M	PUR SANG	8	2	6	94447,00	42497,00	136944,00	11805,88	435
HABIBI	3	F	PUR SANG	5	0	5	94015,00	39105,00	133120,00	18803,00	480
DEFIANTLY	4	H	PUR SANG	1	1	0	93879,00	42245,00	136124,00	93879,00	480
VATICANA	3	F	PUR SANG	9	3	3	93286,00	69963,00	163249,00	10365,11	470
DOUBLE MAJOR	6	H	PUR SANG	8	0	7	92330,00	37264,00	129594,00	11541,25	505
GSTAAD	3	M	PUR SANG	1	0	1	91440,00	0,00	91440,00	91440,00	565
MALIKAT AL REMAL	2	F	PUR SANG	2	1	1	88330,00	6247,00	94577,00	44165,00	
CALAS	6	H	PUR SANG	6	3	3	87010,00	39153,00	126163,00	14501,67	485
DIVISION	3	M	PUR SANG	1	0	1	86868,00	0,00	86868,00	86868,00	510
CLAVUS	5	M	PUR SANG	6	4	2	86229,00	38801,00	125030,00	14371,50	465
BARBATE	6	H	PUR SANG	7	4	2	85744,00	38582,00	124326,00	12249,14	485
A BOY NAMED SUSIE	3	M	PUR SANG	1	0	1	85650,00	0,00	85650,00	85650,00	485
KARLA JET	4	F	PUR SANG	7	2	3	84925,00	38215,00	123140,00	12132,14	475
MOONDANCE	2	F	PUR SANG	6	1	5	84502,00	26326,00	110828,00	14083,67	450
BIG LOG	6	H	PUR SANG	8	1	5	83448,00	37550,00	120998,00	10431,00	390
LEFFARD	4	M	PUR SANG	4	0	2	83330,00	23211,00	106541,00	20832,50	525
ARALIA	2	F	PUR SANG	6	1	5	83216,00	35112,00	118328,00	13869,33	435
CARRY THE FLAG	2	M	PUR SANG	1	0	1	80010,00	0,00	80010,00	80010,00	460
I WILL BE KING	2	M	PUR SANG	2	1	0	80000,00	0,00	80000,00	40000,00	
PIERCHIC	3	F	PUR SANG	7	0	7	79151,00	0,00	79151,00	11307,29	490
ANAKOVA	4	F	PUR SANG	5	2	1	77894,00	35051,00	112945,00	15578,80	490
KAILANI	3	M	PUR SANG	10	3	3	77280,00	57959,00	135239,00	7728,00	465
CHESTNUT ROCKET	4	M	PUR SANG	5	1	3	76325,00	34346,00	110671,00	15265,00	510
FORT PAYNE	8	M	PUR SANG	6	3	1	76094,00	34241,00	110335,00	12682,33	485
ROSBERG	2	M	PUR SANG	2	1	1	75980,00	0,00	75980,00	37990,00	465
ZAMBEZI	3	M	PUR SANG	5	0	5	75695,00	19720,00	95415,00	15139,00	455
COSY BEAR	3	H	PUR SANG	6	3	2	75558,00	51793,00	127351,00	12593,00	450
WAPI	5	H	PUR SANG	7	2	3	74888,00	33698,00	108586,00	10698,29	425
HANKELOW	3	M	PUR SANG	2	0	1	74295,00	0,00	74295,00	37147,50	515
MY CALYX CEN	3	M	PUR SANG	4	3	0	71800,00	53849,00	125649,00	17950,00	480
PARACHUTISTE	4	H	PUR SANG	4	1	3	71760,00	32292,00	104052,00	17940,00	525
SHOWNA	3	F	PUR SANG	5	2	2	71650,00	45086,00	116736,00	14330,00	495
GRAND SCOOP	5	H	PUR SANG	10	1	8	71325,00	0,00	71325,00	7132,50	405
NARISSA	3	F	PUR SANG	4	1	2	71195,00	36123,00	107318,00	17798,75	485
THE SHADOW	4	F	PUR SANG	8	2	5	71153,00	32012,00	103165,00	8894,13	390
LETHAL BEAUTY	3	F	PUR SANG	7	1	5	70499,00	52873,00	123372,00	10071,29	460
GREEN SPIRIT	3	F	PUR SANG	4	0	2	70185,00	0,00	70185,00	17546,25	485
AMINACO	4	M	PUR SANG	4	3	1	70036,00	0,00	70036,00	17509,00	415
DATA	2	F	PUR SANG	4	2	2	69851,00	52387,00	122238,00	17462,75	475
BOX OFFICER	3	H	PUR SANG	10	2	7	69559,00	52167,00	121726,00	6955,90	450
ELASTIC	3	M	PUR SANG	5	1	3	69360,00	41795,00	111155,00	13872,00	505
SEAGULLS ELEVEN	4	H	PUR SANG	3	1	2	69195,00	0,00	69195,00	23065,00	505
ODEMAR	6	H	PUR SANG	8	4	3	68671,00	30900,00	99571,00	8583,88	480
LAZZAT	5	H	PUR SANG	1	1	0	68600,00	30870,00	99470,00	68600,00	525
SCANDINAVIA	4	M	PUR SANG	1	0	1	68580,00	0,00	68580,00	68580,00	565
COLIN THE BRAVE	4	H	PUR SANG	7	1	6	68312,00	0,00	68312,00	9758,86	455
HOW ARE YOU	3	M	PUR SANG	6	2	3	68280,00	0,00	68280,00	11380,00	470
GOLIATH	6	H	PUR SANG	1	1	0	67830,00	0,00	67830,00	67830,00	545
SONS AND LOVERS	5	H	PUR SANG	1	1	0	67830,00	0,00	67830,00	67830,00	505
ROGUE PASSION	2	F	PUR SANG	1	1	0	67830,00	0,00	67830,00	67830,00	400
LANZELOT GOLD	5	M	PUR SANG	6	1	3	67580,00	30410,00	97990,00	11263,33	465
BELISA BAY	2	F	PUR SANG	6	3	3	67360,00	0,00	67360,00	11226,67	455
AFANDY	3	H	PUR SANG	5	2	2	66890,00	50167,00	117057,00	13378,00	485
CASAPUEBLO	5	H	PUR SANG	4	2	2	66820,00	30069,00	96889,00	16705,00	500
CENTRAL PARK WEST	8	H	PUR SANG	11	3	5	65625,00	29528,00	95153,00	5965,91	400
DARYZAN	3	M	PUR SANG	5	2	2	65510,00	49132,00	114642,00	13102,00	505
GAGA GIRL	4	F	PUR SANG	6	2	3	65390,00	29425,00	94815,00	10898,33	490
DARK ZEL	6	F	PUR SANG	12	2	7	64993,00	29241,00	94234,00	5416,08	385
NO TUNE	3	F	PUR SANG	7	1	5	64435,00	48325,00	112760,00	9205,00	485
TALENTUOSO	5	H	PUR SANG	9	2	6	64225,00	0,00	64225,00	7136,11	410
CHARLY	3	H	PUR SANG	6	3	1	64042,00	48031,00	112073,00	10673,67	450
YES ZARA	6	F	PUR SANG	13	4	3	63970,00	28784,00	92754,00	4920,77	410
COLONEL MITCH	4	H	PUR SANG	7	3	2	63844,00	28727,00	92571,00	9120,57	455
ROYALWOOD	6	F	PUR SANG	13	2	5	63793,00	28703,00	92496,00	4907,15	380
MISTER CHANG	4	H	PUR SANG	8	2	5	63701,00	28662,00	92363,00	7962,63	410
HELLO AVENUE	3	F	PUR SANG	9	2	6	63583,00	47686,00	111269,00	7064,78	440
FELIX AUX ORMES	4	M	PUR SANG	9	1	6	63159,00	28415,00	91574,00	7017,67	415
PRIMETIME EMMY	2	F	PUR SANG	3	2	1	63110,00	0,00	63110,00	21036,67	480
CONCORDE AGREEMENT	3	F	PUR SANG	2	1	1	62780,00	47085,00	109865,00	31390,00	500
BLARNEY	4	H	PUR SANG	5	4	0	61800,00	0,00	61800,00	12360,00	425
HASSALEH	3	F	PUR SANG	2	2	0	61750,00	0,00	61750,00	30875,00	470
HUMAN EVOLUTION	5	M	PUR SANG	8	3	3	61697,00	0,00	61697,00	7712,13	410
WIKI	3	M	PUR SANG	6	2	3	61231,00	45921,00	107152,00	10205,17	465
PRESAGE NOCTURNE	6	M	PUR SANG	6	1	4	61130,00	27508,00	88638,00	10188,33	495
EVITA	3	F	PUR SANG	6	0	4	60599,00	29719,00	90318,00	10099,83	475
ZAKKAN	2	M	PUR SANG	5	1	4	60458,00	45343,00	105801,00	12091,60	475
FLYING SPUR	2	F	PUR SANG	5	1	3	59886,00	17614,00	77500,00	11977,20	440
EGYPTIAN GLORY	3	F	PUR SANG	8	2	6	59711,00	44782,00	104493,00	7463,88	395
SHIRI	3	F	PUR SANG	4	2	2	59470,00	44602,00	104072,00	14867,50	470
MELUSINE DU HOULEY	3	F	PUR SANG	9	1	6	59156,00	44364,00	103520,00	6572,89	400
SAJIR	5	M	PUR SANG	3	1	2	58920,00	0,00	58920,00	19640,00	505
CREW DRAGON	9	H	PUR SANG	17	2	12	58519,00	26327,00	84846,00	3442,29	345
HATANKA FAL	3	F	PUR SANG	7	2	4	57865,00	43398,00	101263,00	8266,43	450
SYNARAN	3	H	PUR SANG	6	2	2	57765,00	0,00	57765,00	9627,50	470
DISPATCHES	3	F	PUR SANG	4	2	2	57765,00	0,00	57765,00	14441,25	490
KHOVIKHOV	3	M	PUR SANG	6	1	2	57640,00	43230,00	100870,00	9606,67	475
SEGALL	3	M	PUR SANG	5	1	2	57640,00	43230,00	100870,00	11528,00	470
CALASITA	3	F	PUR SANG	4	2	2	57004,00	0,00	57004,00	14251,00	485
BLACK SAXON	5	H	PUR SANG	8	2	5	56683,00	25504,00	82187,00	7085,38	390
TORNADO ALLEY	3	H	PUR SANG	6	2	3	56642,00	42481,00	99123,00	9440,33	420
HELLO JO	3	M	PUR SANG	6	2	4	56559,00	42416,00	98975,00	9426,50	455
SABROSO	5	H	PUR SANG	2	1	1	56399,00	25379,00	81778,00	28199,50	435
HAYEJOHN	6	H	PUR SANG	10	3	7	56377,00	25364,00	81741,00	5637,70	335
TORTISAMBERT	5	H	PUR SANG	8	1	4	56120,00	25249,00	81369,00	7015,00	430
MR TEE	4	H	PUR SANG	5	2	3	56057,00	25223,00	81280,00	11211,40	435
NITOI	4	M	PUR SANG	4	1	3	56000,00	0,00	56000,00	14000,00	505
QUEST FOR MAGIC	4	F	PUR SANG	3	2	1	55730,00	25077,00	80807,00	18576,67	450
KIMI REY	3	F	PUR SANG	4	1	3	55530,00	0,00	55530,00	13882,50	455
GERARD TER BORCH	4	H	PUR SANG	6	1	5	55370,00	24915,00	80285,00	9228,33	425
GO MAN	3	M	PUR SANG	6	0	5	54895,00	41170,00	96065,00	9149,17	480
OVERNIGHT	3	H	PUR SANG	4	2	2	54689,00	41014,00	95703,00	13672,25	485
CITY SOLACE	3	H	PUR SANG	8	2	5	54610,00	40954,00	95564,00	6826,25	405
DALAKIR	4	H	PUR SANG	5	2	2	54590,00	24564,00	79154,00	10918,00	440
SAINT MARTIN	3	M	PUR SANG	7	3	1	54556,00	40916,00	95472,00	7793,71	445
SKYRIDGE	2	M	PUR SANG	4	2	2	54136,00	40601,00	94737,00	13534,00	465
FORTUNA DIAMOND	3	F	PUR SANG	5	3	1	53980,00	0,00	53980,00	10796,00	475
EVOLUTIONIST	3	F	PUR SANG	3	1	1	53730,00	0,00	53730,00	17910,00	505
CROWDFUNDING	8	H	PUR SANG	20	3	15	53659,00	24140,00	77799,00	2682,95	355
GILDED PRIZE	3	F	PUR SANG	3	2	1	53565,00	0,00	53565,00	17855,00	495
NO TURNING BACK	3	F	PUR SANG	6	3	3	53561,00	40169,00	93730,00	8926,83	455
MERANO	4	M	PUR SANG	6	2	2	53430,00	0,00	53430,00	8905,00	490
HEPBURN	3	F	PUR SANG	9	2	6	53368,00	40026,00	93394,00	5929,78	385
RUMORISTE	3	M	PUR SANG	4	2	2	53344,00	0,00	53344,00	13336,00	460
GUILLERETTE	4	F	PUR SANG	14	3	2	53174,00	23926,00	77100,00	3798,14	375
IMPERIAL STRIKE	2	M	PUR SANG	3	2	1	53040,00	0,00	53040,00	17680,00	480
REGALIEN	7	M	PUR SANG	17	3	6	52691,00	23707,00	76398,00	3099,47	345
BASQUIAT	3	H	PUR SANG	8	4	3	52162,00	39121,00	91283,00	6520,25	405
YMEEELIH	3	F	PUR SANG	7	1	5	52151,00	21562,00	73713,00	7450,14	405
NEW CONNECTION	3	H	PUR SANG	5	3	2	52077,00	0,00	52077,00	10415,40	460
JUST YET	2	F	PUR SANG	4	2	2	51865,00	0,00	51865,00	12966,25	445
ZELZARA	3	F	PUR SANG	9	1	6	51656,00	38742,00	90398,00	5739,56	395
HERCULE STAR	3	M	PUR SANG	9	4	4	51616,00	0,00	51616,00	5735,11	385
EL PROFESSOR CHOP	6	H	PUR SANG	18	4	10	51566,00	23202,00	74768,00	2864,78	265
TIPINSO	4	H	PUR SANG	6	1	5	51179,00	23029,00	74208,00	8529,83	475
ALEM	4	H	PUR SANG	8	1	6	51121,00	23002,00	74123,00	6390,13	460
SAINT AQUILIN	5	H	PUR SANG	12	3	8	51044,00	22964,00	74008,00	4253,67	365
THING FOR THE HOT	3	H	PUR SANG	9	2	6	51033,00	38272,00	89305,00	5670,33	415
ITAEWON	6	M	PUR SANG	14	4	6	50755,00	22835,00	73590,00	3625,36	315
ANSSIO	4	H	PUR SANG	5	1	4	50654,00	22790,00	73444,00	10130,80	450
HELLO CAREL	3	H	PUR SANG	12	4	6	50579,00	37357,00	87936,00	4214,92	405
EDAJA	3	F	PUR SANG	3	3	0	50300,00	37724,00	88024,00	16766,67	440
ZELORO	5	H	PUR SANG	6	1	5	50137,00	22558,00	72695,00	8356,17	420
AERONEF	3	H	PUR SANG	4	2	2	49939,00	0,00	49939,00	12484,75	475
FOCUS	3	M	PUR SANG	4	1	3	49735,00	37300,00	87035,00	12433,75	465
BOLKHOV	4	H	PUR SANG	10	3	7	49561,00	22297,00	71858,00	4956,10	375
YUQUOT	2	F	PUR SANG	6	1	4	49530,00	37147,00	86677,00	8255,00	450
CAMPONANES	3	M	PUR SANG	7	5	2	49420,00	0,00	49420,00	7060,00	380
MONTGAUDRY	6	H	PUR SANG	8	2	4	49413,00	22233,00	71646,00	6176,63	380
DIEGO VENTURA	4	H	PUR SANG	3	1	1	49410,00	0,00	49410,00	16470,00	485
NITY GALESTE	3	M	PUR SANG	8	1	7	49398,00	37048,00	86446,00	6174,75	410
ALGEBRE	2	M	PUR SANG	3	2	1	49385,00	37038,00	86423,00	16461,67	445
TORTSANLOT	2	M	PUR SANG	3	2	1	49380,00	37034,00	86414,00	16460,00	450
SOIF DE VIVRE	4	H	PUR SANG	10	3	6	49178,00	22126,00	71304,00	4917,80	320
LAVENDIN	5	H	PUR SANG	9	3	6	48770,00	21943,00	70713,00	5418,89	350
LA MANDALA	5	F	PUR SANG	5	2	2	48761,00	21941,00	70702,00	9752,20	450
GRANDPA CEN	4	M	PUR SANG	5	2	3	48600,00	21867,00	70467,00	9720,00	435
MOST GLAMOROUS	4	F	PUR SANG	6	2	3	48503,00	0,00	48503,00	8083,83	425
SHRIHARA	4	F	PUR SANG	5	1	3	48292,00	0,00	48292,00	9658,40	395
MISTER BLACK	3	H	PUR SANG	10	1	7	47832,00	35872,00	83704,00	4783,20	365
AFJAN	3	M	PUR SANG	6	0	5	47625,00	35718,00	83343,00	7937,50	460
AZAMRA	2	F	PUR SANG	7	4	1	47595,00	35695,00	83290,00	6799,29	420
RAYEVKA	4	F	PUR SANG	2	1	1	47580,00	0,00	47580,00	23790,00	500
FAMILLY	4	F	PUR SANG	3	1	2	47570,00	21406,00	68976,00	15856,67	480
GRECIAN COMET	4	F	PUR SANG	6	2	3	47478,00	21362,00	68840,00	7913,00	430
CIAO PA'	6	M	PUR SANG	15	1	10	47457,00	21351,00	68808,00	3163,80	380
LESSLEPASSER	7	H	PUR SANG	10	1	6	47285,00	21275,00	68560,00	4728,50	440
VICTORIA SECRET	3	F	PUR SANG	17	3	10	47148,00	35356,00	82504,00	2773,41	315
BEJAR	5	F	PUR SANG	13	3	8	47092,00	21186,00	68278,00	3622,46	305
PLUTARQUE	3	M	PUR SANG	10	2	7	47084,00	35310,00	82394,00	4708,40	425
TIMUR	2	M	PUR SANG	7	3	3	47077,00	35304,00	82381,00	6725,29	400
ROMANTIC SYMPHONY	3	F	PUR SANG	3	1	1	46660,00	0,00	46660,00	15553,33	495
TESTIFY	3	H	PUR SANG	8	3	4	46380,00	34783,00	81163,00	5797,50	425
MON FLAMANT	5	H	PUR SANG	4	1	3	46250,00	20810,00	67060,00	11562,50	460
GOLDEN BLUSH	4	F	PUR SANG	14	4	7	46249,00	20810,00	67059,00	3303,50	370
BRAIDA	3	F	PUR SANG	4	3	0	46200,00	34650,00	80850,00	11550,00	465
MIRIK	3	H	PUR SANG	4	1	2	46190,00	34642,00	80832,00	11547,50	475
MAYA CHOP	4	H	PUR SANG	18	4	10	46168,00	20770,00	66938,00	2564,89	300
SYDNEY MOON	2	H	PUR SANG	6	2	4	45998,00	34497,00	80495,00	7666,33	440
CLICCLIC PANPANPAN	6	F	PUR SANG	15	3	5	45943,00	20670,00	66613,00	3062,87	285
AL RIFFA	6	M	PUR SANG	1	0	1	45720,00	0,00	45720,00	45720,00	545
TIMEFORSHOWCASING	3	F	PUR SANG	1	0	1	45720,00	0,00	45720,00	45720,00	510
OPERA BALLO	4	M	PUR SANG	1	0	1	45680,00	9136,00	54816,00	45680,00	560
BLUFF	6	H	PUR SANG	15	4	7	45611,00	20520,00	66131,00	3040,73	310
SAINT SAENS	3	M	PUR SANG	8	1	5	45600,00	34200,00	79800,00	5700,00	365
SAINT ARNOULT	3	H	PUR SANG	5	3	2	45534,00	34150,00	79684,00	9106,80	450
MISTER CHARMES	3	H	PUR SANG	7	2	5	45372,00	0,00	45372,00	6481,71	420
FIRST LOOK	5	H	PUR SANG	5	0	5	45275,00	18228,00	63503,00	9055,00	505
VALENTINA BELLA	2	F	PUR SANG	4	2	1	45270,00	33952,00	79222,00	11317,50	435
ZAYIDA	3	F	PUR SANG	3	2	1	45270,00	33952,00	79222,00	15090,00	475
DRUMARD	5	M	PUR SANG	7	2	5	45254,00	20362,00	65616,00	6464,86	445
KINGORI	7	H	PUR SANG	14	4	8	45137,00	0,00	45137,00	3224,07	315
TEMAPICA	3	F	PUR SANG	4	2	1	45045,00	33782,00	78827,00	11261,25	465
WITCHWAY	2	M	PUR SANG	7	3	3	45043,00	33780,00	78823,00	6434,71	435
ORACLE	4	H	PUR SANG	4	0	4	44985,00	20243,00	65228,00	11246,25	520
LE CENTRAL	6	H	PUR SANG	20	2	15	44814,00	20159,00	64973,00	2240,70	340
GOLDEN SAVIOR	2	F	PUR SANG	5	2	2	44712,00	0,00	44712,00	8942,40	410
MUST BAY	3	M	PUR SANG	6	1	5	44696,00	33520,00	78216,00	7449,33	435
SPEEDY GREEN	4	H	PUR SANG	11	3	5	44597,00	20066,00	64663,00	4054,27	350
PLATA D OCTOBRE	4	F	PUR SANG	12	3	9	44272,00	19919,00	64191,00	3689,33	375
ACOTANGO	5	H	PUR SANG	13	3	7	44254,00	19911,00	64165,00	3404,15	340
IVORY SPRING	7	H	PUR SANG	8	4	3	44058,00	19825,00	63883,00	5507,25	400
REVE DE VALLARSA	6	M	PUR SANG	9	2	3	43978,00	19788,00	63766,00	4886,44	390
MODELE ABSOLU	3	M	PUR SANG	7	4	2	43826,00	32868,00	76694,00	6260,86	375
HAUTE GAMME	5	H	PUR SANG	15	2	9	43823,00	19717,00	63540,00	2921,53	270
KESKAVIEL	2	M	PUR SANG	6	0	6	43759,00	10393,00	54152,00	7293,17	400
LE BON TEMPS ROULE	2	F	PUR SANG	3	1	2	43716,00	0,00	43716,00	14572,00	460
BAYAMOON	5	M	PUR SANG	4	1	1	43690,00	19660,00	63350,00	10922,50	420
ASLAN SENORA	7	H	PUR SANG	9	4	4	43564,00	19600,00	63164,00	4840,44	340
TAXXI	2	F	PUR SANG	9	2	7	43497,00	32619,00	76116,00	4833,00	410
MODERN SPIRIT	4	H	PUR SANG	14	3	7	43452,00	19548,00	63000,00	3103,71	330
SANGOMAR	3	F	PUR SANG	7	2	4	43394,00	32544,00	75938,00	6199,14	405
LE COMBAT CONTINUE	5	F	PUR SANG	6	2	3	43247,00	19459,00	62706,00	7207,83	440
SCARFACE	8	H	PUR SANG	9	1	6	43229,00	19451,00	62680,00	4803,22	390
CAPITOL HILL	3	H	PUR SANG	20	4	10	43070,00	32299,00	75369,00	2153,50	295
FIRE REBEL	5	H	PUR SANG	11	2	4	43016,00	19355,00	62371,00	3910,55	380
FREERIDER	3	H	PUR SANG	4	2	2	42992,00	32242,00	75234,00	10748,00	400
MISTER GEORGE	3	H	PUR SANG	6	2	3	42976,00	32231,00	75207,00	7162,67	400
MARIA APOLLONIA	3	F	PUR SANG	8	3	3	42916,00	32186,00	75102,00	5364,50	405
BON VIVEUR	3	M	PUR SANG	11	2	8	42832,00	32122,00	74954,00	3893,82	390
VIANETA	5	F	PUR SANG	11	4	3	42777,00	19247,00	62024,00	3888,82	290
LOFSONGUR ISLANDE	6	F	PUR SANG	11	3	6	42732,00	19226,00	61958,00	3884,73	300
SICILIANO	3	H	PUR SANG	5	1	3	42657,00	31992,00	74649,00	8531,40	495
LINFASOMMER	6	F	PUR SANG	12	2	7	42624,00	19177,00	61801,00	3552,00	375
SAXON VILLAGE	7	H	PUR SANG	11	1	3	42420,00	0,00	42420,00	3856,36	350
STEALITWITHAKISS	3	F	PUR SANG	6	2	3	42307,00	0,00	42307,00	7051,17	400
GRAND MACHO	5	H	PUR SANG	18	3	12	42289,00	19024,00	61313,00	2349,39	280
GRAND BALCON	7	H	PUR SANG	5	1	2	42248,00	19009,00	61257,00	8449,60	375
EARTHQUAKE	3	H	PUR SANG	6	2	4	41964,00	31471,00	73435,00	6994,00	430
DOURIANN	7	H	PUR SANG	8	1	4	41759,00	18789,00	60548,00	5219,88	380
LE MATELOT	4	H	PUR SANG	5	2	3	41758,00	18788,00	60546,00	8351,60	450
SISSY DU GROHO	4	F	PUR SANG	9	3	5	41706,00	18764,00	60470,00	4634,00	380
TEN HORNS	5	M	PUR SANG	9	0	8	41390,00	18622,00	60012,00	4598,89	420
MADAME FAYETTE	3	F	PUR SANG	5	2	2	41108,00	30830,00	71938,00	8221,60	455
TI AMO BELLO	3	M	PUR SANG	8	2	4	41064,00	30797,00	71861,00	5133,00	400
PAS DANSANT	3	H	PUR SANG	8	1	6	41057,00	30791,00	71848,00	5132,13	425
J'AURAIS DU	10	H	PUR SANG	18	2	12	40848,00	18373,00	59221,00	2269,33	260
CANKOURA	4	F	PUR SANG	3	1	2	40710,00	15459,00	56169,00	13570,00	500
EASTMAN	4	M	PUR SANG	13	3	9	40664,00	18294,00	58958,00	3128,00	325
MARINALEDA	4	F	PUR SANG	8	1	5	40660,00	18293,00	58953,00	5082,50	360
ROZARION	3	M	PUR SANG	8	0	7	40636,00	30475,00	71111,00	5079,50	365
ESTEPONA	4	M	PUR SANG	6	1	4	40508,00	18226,00	58734,00	6751,33	465
HINATA GREY	2	F	PUR SANG	4	1	3	40330,00	0,00	40330,00	10082,50	435
QUDDWAH	6	M	PUR SANG	1	0	1	40260,00	0,00	40260,00	40260,00	520
FREJA	7	F	PUR SANG	8	2	3	40110,00	18048,00	58158,00	5013,75	370
PRINCESSE D'AMOUR	4	F	PUR SANG	7	3	2	40058,00	18023,00	58081,00	5722,57	390
HERBAL	4	M	PUR SANG	4	2	2	40000,00	0,00	40000,00	10000,00	495
PRINCE DES VILLES	5	H	PUR SANG	5	1	1	39990,00	17995,00	57985,00	7998,00	410
AMUSINGLY	2	F	PUR SANG	2	1	1	39880,00	0,00	39880,00	19940,00	
ZARAKI	3	H	PUR SANG	3	1	1	39790,00	29842,00	69632,00	13263,33	505
MADAHA QUEEN	2	F	PUR SANG	5	2	3	39710,00	29782,00	69492,00	7942,00	410
BIG MONEY MAN	2	M	PUR SANG	3	1	1	39700,00	0,00	39700,00	13233,33	455
FEVE	4	F	PUR SANG	11	1	4	39581,00	17809,00	57390,00	3598,27	375
PEINTRESSE	2	F	PUR SANG	5	2	3	39541,00	0,00	39541,00	7908,20	450
REVE DU FRAISSE	3	M	PUR SANG	8	2	6	39502,00	29624,00	69126,00	4937,75	385
SOUS INFLUENCE	5	H	PUR SANG	11	3	8	39394,00	0,00	39394,00	3581,27	370
JAYCLE DE GREE	5	H	PUR SANG	8	2	6	39370,00	17713,00	57083,00	4921,25	355
DOUBLE UP	4	H	PUR SANG	7	1	4	39365,00	17713,00	57078,00	5623,57	420
VOLLERING	2	F	PUR SANG	4	0	4	39345,00	0,00	39345,00	9836,25	435
QUEEN OF THE DAY	2	F	PUR SANG	3	1	2	39320,00	29490,00	68810,00	13106,67	460
MIGHTY BOY	4	H	PUR SANG	9	1	7	39295,00	17679,00	56974,00	4366,11	370
KOHAKOU	3	H	PUR SANG	10	2	6	39294,00	29470,00	68764,00	3929,40	390
MARLOWE	6	H	PUR SANG	6	1	4	39205,00	17640,00	56845,00	6534,17	355
USER KINDLY	7	M	PUR SANG	13	4	8	39196,00	0,00	39196,00	3015,08	310
STANDING STONE	6	H	PUR SANG	5	2	2	39139,00	17611,00	56750,00	7827,80	355
AIDAN'S PHONE	4	H	PUR SANG	6	1	3	39122,00	17604,00	56726,00	6520,33	445
WOOD MING	3	H	PUR SANG	6	3	2	39119,00	29338,00	68457,00	6519,83	390
ELUSIVE WAY	3	F	PUR SANG	9	2	4	39119,00	29338,00	68457,00	4346,56	340
TREVOR SENORA	6	H	PUR SANG	7	4	3	39064,00	17575,00	56639,00	5580,57	270
ASPIRE	3	F	PUR SANG	7	2	4	39055,00	29289,00	68344,00	5579,29	395
GENTLEMANLIKE	3	H	PUR SANG	5	1	3	39026,00	29269,00	68295,00	7805,20	455
STAR OF ARTABAN	4	H	PUR SANG	5	3	0	38900,00	0,00	38900,00	7780,00	405
KALKARA	3	H	PUR SANG	7	2	4	38812,00	29106,00	67918,00	5544,57	430
CHESS	5	M	PUR SANG	7	1	4	38752,00	17434,00	56186,00	5536,00	395
OLYMPIC MESSAGE	6	H	PUR SANG	7	0	6	38730,00	17426,00	56156,00	5532,86	415
CLEOD'OR	9	H	PUR SANG	12	2	7	38608,00	17370,00	55978,00	3217,33	400
FUCHSIA	9	F	PUR SANG	9	2	6	38598,00	0,00	38598,00	4288,67	305
PROFUMO DI IENA	4	F	PUR SANG	9	1	6	38557,00	17347,00	55904,00	4284,11	415
DEMPY	5	H	PUR SANG	12	1	9	38537,00	17337,00	55874,00	3211,42	350
IZASTEP	6	M	PUR SANG	8	3	2	38492,00	17319,00	55811,00	4811,50	345
TONNANT	3	M	PUR SANG	3	1	2	38425,00	28818,00	67243,00	12808,33	455
KENSILVER	4	M	PUR SANG	9	2	6	38380,00	17266,00	55646,00	4264,44	320
SKYLIGHT BROCHARD	5	H	PUR SANG	9	1	6	38290,00	0,00	38290,00	4254,44	430
KODI GO	2	M	PUR SANG	6	2	4	38194,00	28643,00	66837,00	6365,67	420
GET SET	9	H	PUR SANG	8	3	4	38187,00	17182,00	55369,00	4773,38	415
ZARABABY	3	F	PUR SANG	9	1	7	38182,00	28634,00	66816,00	4242,44	335
CARAMELITO	7	H	PUR SANG	4	1	3	38138,00	17159,00	55297,00	9534,50	455
GRIGNETTE	5	F	PUR SANG	14	4	7	38129,00	17154,00	55283,00	2723,50	315
CARCAGNY	3	F	PUR SANG	8	1	7	38034,00	28522,00	66556,00	4754,25	410
MODERN LIGHT	5	F	PUR SANG	7	1	3	38013,00	17104,00	55117,00	5430,43	360
ZAKOSHA	4	F	PUR SANG	12	2	7	37999,00	17096,00	55095,00	3166,58	375
DOLMALAN	3	M	PUR SANG	3	2	0	37950,00	28462,00	66412,00	12650,00	510
LORD CLOVER	3	M	PUR SANG	5	1	3	37934,00	0,00	37934,00	7586,80	480
RAM SEA	4	H	PUR SANG	7	1	3	37928,00	0,00	37928,00	5418,29	370
HERMES WOOD	4	H	PUR SANG	12	1	9	37676,00	16950,00	54626,00	3139,67	360
FOU FURIEUX	5	M	PUR SANG	8	1	3	37666,00	16947,00	54613,00	4708,25	370
PROOF	3	M	PUR SANG	2	1	1	37645,00	28233,00	65878,00	18822,50	505
FAOLIO	3	H	PUR SANG	8	1	7	37643,00	28231,00	65874,00	4705,38	365
DUBALAA	4	H	PUR SANG	8	0	7	37627,00	16927,00	54554,00	4703,38	370
SAN GIORGIO	2	M	PUR SANG	5	1	4	37612,00	28208,00	65820,00	7522,40	460
CHICA SUERTE	3	F	PUR SANG	9	4	2	37608,00	28204,00	65812,00	4178,67	370
AUTEUR	5	M	PUR SANG	7	2	4	37559,00	16901,00	54460,00	5365,57	370
MONEY TIME	4	F	PUR SANG	11	3	3	37486,00	16866,00	54352,00	3407,82	330
ZZODIAC	4	F	PUR SANG	5	0	4	37454,00	0,00	37454,00	7490,80	455
LIGHT OF THUNDER	3	F	PUR SANG	8	2	4	37395,00	28045,00	65440,00	4674,38	370
KOURPLUVIX	4	H	PUR SANG	6	1	4	37343,00	16802,00	54145,00	6223,83	440
BEST SHALAA	5	F	PUR SANG	11	3	6	37239,00	16753,00	53992,00	3385,36	315
PUERTO RICO	3	M	PUR SANG	1	0	1	37115,00	0,00	37115,00	37115,00	510
COSMIC BOY	3	M	PUR SANG	6	2	3	37042,00	27780,00	64822,00	6173,67	415
MEFIE TOI	3	H	PUR SANG	13	2	8	36949,00	27711,00	64660,00	2842,23	350
VICTORY PACE	3	F	PUR SANG	9	1	8	36768,00	27572,00	64340,00	4085,33	375
SWEET AS	6	H	PUR SANG	17	3	8	36686,00	16504,00	53190,00	2158,00	290
ILE AUX ROSES	3	F	PUR SANG	13	4	7	36632,00	27473,00	64105,00	2817,85	280
DANDY STYLE	3	M	PUR SANG	6	1	4	36608,00	0,00	36608,00	6101,33	460
BEST SECRET	4	M	PUR SANG	2	1	0	36600,00	16470,00	53070,00	18300,00	515
DREAMLINER	4	M	PUR SANG	3	1	0	36600,00	16470,00	53070,00	12200,00	505
DOSTOIEVSKY	3	M	PUR SANG	4	1	0	36600,00	27450,00	64050,00	9150,00	480
NAANA'S SHADOW	3	F	PUR SANG	1	1	0	36600,00	0,00	36600,00	36600,00	495
DISTANT STORM	3	M	PUR SANG	2	1	0	36600,00	0,00	36600,00	18300,00	510
REMMOOZ	4	M	PUR SANG	1	1	0	36600,00	0,00	36600,00	36600,00	495
JENNIFER JANE	3	F	PUR SANG	1	1	0	36600,00	0,00	36600,00	36600,00	490
SYMBOL OF MAJESTY	3	F	PUR SANG	1	1	0	36600,00	0,00	36600,00	36600,00	415
GREAT WISH	5	M	PUR SANG	1	1	0	36600,00	0,00	36600,00	36600,00	505
JULIAN SCHNABEL	2	M	PUR SANG	3	2	1	36570,00	0,00	36570,00	12190,00	435
LOVE IS GOLD	6	H	PUR SANG	9	2	6	36498,00	16421,00	52919,00	4055,33	440
VICIOUS HARRY	6	M	PUR SANG	6	1	5	36464,00	16407,00	52871,00	6077,33	445
ROSE GHAIYYATH	3	F	PUR SANG	1	0	1	36400,00	0,00	36400,00	36400,00	455
MAJNOUN	2	M	PUR SANG	3	1	2	36398,00	0,00	36398,00	12132,67	415
ARROW EAGLE	5	M	PUR SANG	3	0	2	36345,00	12072,00	48417,00	12115,00	515
OSHIA	3	F	PUR SANG	12	1	10	36317,00	27235,00	63552,00	3026,42	360
LUCIO VERO	6	H	PUR SANG	13	3	6	36283,00	0,00	36283,00	2791,00	300
ROI DE L'AIR	6	M	PUR SANG	7	2	5	36211,00	0,00	36211,00	5173,00	380
HATFAVILLE	5	F	PUR SANG	6	3	3	36206,00	16290,00	52496,00	6034,33	315
REPEL	3	F	PUR SANG	4	2	1	36110,00	0,00	36110,00	9027,50	420
VALASARA	3	F	PUR SANG	3	1	2	35992,00	26994,00	62986,00	11997,33	440
LEVER DE RIDEAU	3	H	PUR SANG	7	2	4	35858,00	26892,00	62750,00	5122,57	425
WEEMAGATEE	4	F	PUR SANG	7	1	4	35795,00	16105,00	51900,00	5113,57	370
GREY REIGN	3	F	PUR SANG	11	3	7	35732,00	26795,00	62527,00	3248,36	310
CHECKERED FLAG	2	F	PUR SANG	6	2	4	35722,00	26789,00	62511,00	5953,67	410
AQUITAIN	4	H	PUR SANG	11	2	4	35717,00	16071,00	51788,00	3247,00	390
TERREDEGUERRE	6	F	PUR SANG	14	3	8	35709,00	16065,00	51774,00	2550,64	315
APOLIDE	3	M	PUR SANG	7	2	4	35661,00	26745,00	62406,00	5094,43	390
FERDINAND PREMIER	4	H	PUR SANG	7	2	3	35643,00	16038,00	51681,00	5091,86	380
LEFTEYE	3	F	PUR SANG	4	1	3	35569,00	26674,00	62243,00	8892,25	475
PHIL THE FLUTER	6	H	PUR SANG	8	3	4	35558,00	0,00	35558,00	4444,75	265
EUBOA	6	F	PUR SANG	4	0	4	35465,00	15958,00	51423,00	8866,25	485
SAY SQUIRREL	2	F	PUR SANG	4	1	3	35376,00	26531,00	61907,00	8844,00	420
SPANISH LIGHT	6	H	PUR SANG	13	1	9	35359,00	15907,00	51266,00	2719,92	350
THE ODYSSEY	3	M	PUR SANG	5	2	3	35345,00	26507,00	61852,00	7069,00	445
SASKATOON	5	H	PUR SANG	13	2	7	34968,00	15733,00	50701,00	2689,85	365
CALIFANO	7	H	PUR SANG	15	3	8	34953,00	15724,00	50677,00	2330,20	275
KLIFF BERE	6	H	PUR SANG	7	2	2	34950,00	15726,00	50676,00	4992,86	450
ALEXANDER MAXIMUS	3	M	PUR SANG	6	3	2	34942,00	26205,00	61147,00	5823,67	370
OUT OF THE BLUE	4	H	PUR SANG	12	3	4	34901,00	15703,00	50604,00	2908,42	310
BABADOO	3	H	PUR SANG	8	3	3	34895,00	26170,00	61065,00	4361,88	350
MATAURI BAY	4	M	PUR SANG	6	0	4	34892,00	0,00	34892,00	5815,33	480
FERRARI FEVER	5	H	PUR SANG	10	2	5	34881,00	15691,00	50572,00	3488,10	425
LOVING QUEEN	3	F	PUR SANG	12	3	7	34822,00	26115,00	60937,00	2901,83	360
PUMALIN PARK	6	H	PUR SANG	8	1	3	34817,00	15666,00	50483,00	4352,13	375
CHARM KING	9	H	PUR SANG	14	3	7	34740,00	15628,00	50368,00	2481,43	265
FLASH GIRL	3	F	PUR SANG	7	2	4	34731,00	26048,00	60779,00	4961,57	390
MORO	5	H	PUR SANG	10	3	6	34613,00	15573,00	50186,00	3461,30	340
MIJAS	3	M	PUR SANG	7	2	2	34564,00	25923,00	60487,00	4937,71	430
WARRIORS WHISPER	3	F	PUR SANG	4	1	2	34535,00	0,00	34535,00	8633,75	455
MAKAROV	4	H	PUR SANG	10	2	6	34483,00	15514,00	49997,00	3448,30	350
CORONADO	5	H	PUR SANG	13	2	6	34445,00	15496,00	49941,00	2649,62	290
QUEENSTOWN	6	H	PUR SANG	1	0	1	34290,00	0,00	34290,00	34290,00	515
AMELIA EARHART	3	F	PUR SANG	1	0	1	34290,00	0,00	34290,00	34290,00	475
MOON TARGET	3	F	PUR SANG	1	0	1	34290,00	0,00	34290,00	34290,00	505
GOLD PLAYER	7	H	PUR SANG	9	1	3	34236,00	15404,00	49640,00	3804,00	355
INTERACTIV	4	H	PUR SANG	6	1	3	34166,00	0,00	34166,00	5694,33	430
TOPY'SIM	5	F	PUR SANG	6	1	3	34164,00	15372,00	49536,00	5694,00	355
SHEERAN	3	F	PUR SANG	6	2	2	34163,00	25621,00	59784,00	5693,83	415
STRAKO	6	H	PUR SANG	4	2	0	34150,00	15367,00	49517,00	8537,50	375
BELL SONG	6	F	PUR SANG	11	3	8	34144,00	15359,00	49503,00	3104,00	295
MISTER GATZ	5	H	PUR SANG	8	1	5	34128,00	15355,00	49483,00	4266,00	390
MON BLACK DU LIVET	4	H	PUR SANG	9	2	5	34076,00	15331,00	49407,00	3786,22	335
GARIYANN	4	H	PUR SANG	9	3	3	34062,00	15326,00	49388,00	3784,67	330
DARIUS CEN	4	M	PUR SANG	3	1	2	34060,00	15327,00	49387,00	11353,33	470
GOLDY GLORY	2	F	PUR SANG	6	3	1	34040,00	25529,00	59569,00	5673,33	380
BARZAMBITION	3	M	PUR SANG	6	1	4	33977,00	0,00	33977,00	5662,83	460
CIELO DI ROMA	3	M	PUR SANG	6	0	5	33961,00	25469,00	59430,00	5660,17	460
CENTAURI	3	H	PUR SANG	5	2	3	33851,00	25386,00	59237,00	6770,20	450
LAMIRAL DARHAAN	5	H	PUR SANG	17	2	13	33686,00	15151,00	48837,00	1981,53	290
SPLENDINO	6	H	PUR SANG	14	2	6	33679,00	15152,00	48831,00	2405,64	310
MARIE LA CROIX	3	F	PUR SANG	7	3	4	33658,00	25243,00	58901,00	4808,29	355
PURPLE BAY	3	H	PUR SANG	12	1	9	33639,00	25228,00	58867,00	2803,25	350
ECIJA	3	F	PUR SANG	4	1	3	33615,00	25210,00	58825,00	8403,75	445
DAMABIAH ANGEL	3	F	PUR SANG	7	2	5	33590,00	25188,00	58778,00	4798,57	340
CICERON	2	M	PUR SANG	3	1	2	33546,00	25159,00	58705,00	11182,00	470
ANCTOT	7	H	PUR SANG	13	2	8	33520,00	15080,00	48600,00	2578,46	295
CRACKING GOOD TIME	3	F	PUR SANG	6	3	2	33412,00	0,00	33412,00	5568,67	410
C'EST VRAI	4	M	PUR SANG	6	0	6	33338,00	15001,00	48339,00	5556,33	480
SAINT HELLIER	7	H	PUR SANG	10	4	4	33264,00	14966,00	48230,00	3326,40	320
RIASSOU	5	F	PUR SANG	8	2	4	33198,00	14936,00	48134,00	4149,75	410
HARMONY	3	F	PUR SANG	14	8	6	33180,00	24885,00	58065,00	2370,00	645
ALOYSIUS	4	M	PUR SANG	7	1	4	33157,00	14917,00	48074,00	4736,71	400
RECOLETTY	6	F	PUR SANG	9	2	4	33118,00	14900,00	48018,00	3679,78	325
KINASANI	3	H	PUR SANG	3	2	1	33044,00	0,00	33044,00	11014,67	430
AZURE DRAGON	3	M	PUR SANG	6	2	3	32935,00	24699,00	57634,00	5489,17	415
VIGNELLI	2	M	PUR SANG	3	2	1	32910,00	24682,00	57592,00	10970,00	430
FAMOSO	6	H	PUR SANG	10	2	4	32909,00	14805,00	47714,00	3290,90	340
PRINCE AUBOIS	4	H	PUR SANG	7	1	3	32899,00	14803,00	47702,00	4699,86	390
ORLHENA	5	F	PUR SANG	13	2	6	32840,00	14774,00	47614,00	2526,15	260
TSAVERNA	3	F	PUR SANG	9	2	7	32830,00	24620,00	57450,00	3647,78	335
BAKLAWA	3	F	PUR SANG	7	1	2	32822,00	24616,00	57438,00	4688,86	425
TICKEA	3	F	PUR SANG	8	2	4	32810,00	24606,00	57416,00	4101,25	400
SAINT ELIGIUS	4	H	PUR SANG	6	1	4	32798,00	0,00	32798,00	5466,33	365
RIO	5	F	PUR SANG	8	2	6	32786,00	14751,00	47537,00	4098,25	320
MONT DE SOLEIL	6	H	PUR SANG	6	1	5	32764,00	14741,00	47505,00	5460,67	465
MERVEILLE	3	F	PUR SANG	9	3	6	32759,00	24566,00	57325,00	3639,89	330
FIRE FLY	3	F	PUR SANG	6	1	4	32751,00	24559,00	57310,00	5458,50	420
NEW CHAPTER	3	H	PUR SANG	5	2	3	32704,00	24527,00	57231,00	6540,80	360
VARENNE	4	H	PUR SANG	16	2	8	32667,00	14064,00	46731,00	2041,69	310
LONDONPOLO	4	M	PUR SANG	10	2	5	32655,00	14692,00	47347,00	3265,50	330
BIG JET PLANE	2	H	PUR SANG	7	1	5	32567,00	24423,00	56990,00	4652,43	415
MR LOPE CEN	3	M	PUR SANG	6	1	5	32491,00	24366,00	56857,00	5415,17	450
FILIGRANE	3	F	PUR SANG	12	2	5	32485,00	24361,00	56846,00	2707,08	340
ARKANSAS	3	F	PUR SANG	2	1	1	32470,00	24352,00	56822,00	16235,00	455
KRITIC	2	F	PUR SANG	3	1	2	32453,00	24339,00	56792,00	10817,67	435
HIGHARA	4	F	PUR SANG	6	2	3	32421,00	14588,00	47009,00	5403,50	415
PERCEVAL	3	M	PUR SANG	12	1	11	32382,00	24285,00	56667,00	2698,50	310
BORN TO DARE	4	F	PUR SANG	13	3	9	32333,00	14545,00	46878,00	2487,15	300
MARIE DE PRUSSE	4	F	PUR SANG	15	1	11	32300,00	14528,00	46828,00	2153,33	230
ZACAPO	7	H	PUR SANG	14	2	8	32264,00	0,00	32264,00	2304,57	330
MERCI ELIE	6	H	PUR SANG	10	3	6	32171,00	14473,00	46644,00	3217,10	350
HOLLIE WOOD	3	F	PUR SANG	12	1	9	32011,00	24005,00	56016,00	2667,58	335
HOUVILLE	3	F	PUR SANG	6	1	4	32010,00	24006,00	56016,00	5335,00	415
NOBLE TRAVELLER	2	M	PUR SANG	1	0	1	32000,00	0,00	32000,00	32000,00	
SIM CARD	8	H	PUR SANG	7	1	6	31987,00	14390,00	46377,00	4569,57	330
SIR TOMMY CEN	4	M	PUR SANG	6	2	3	31957,00	14379,00	46336,00	5326,17	470
DON'T SHUT ME DOWN	4	H	PUR SANG	7	1	5	31932,00	14367,00	46299,00	4561,71	405
DREAMS	8	M	PUR SANG	6	2	4	31925,00	14365,00	46290,00	5320,83	335
MEARAS STYLE	8	F	PUR SANG	20	3	13	31902,00	14351,00	46253,00	1595,10	240
ZULU CHANT	3	H	PUR SANG	6	1	4	31845,00	23883,00	55728,00	5307,50	435
SPANISH PRINCE	4	H	PUR SANG	6	1	4	31804,00	14309,00	46113,00	5300,67	385
SHARP RISE	6	H	PUR SANG	6	3	3	31788,00	0,00	31788,00	5298,00	385
MUENCHEN	3	H	PUR SANG	5	1	4	31749,00	23811,00	55560,00	6349,80	380
ABBEY ROAD	3	F	PUR SANG	6	1	3	31719,00	23788,00	55507,00	5286,50	460
MIUCCIA	3	F	PUR SANG	7	1	5	31612,00	0,00	31612,00	4516,00	400
MAXIMILIEN	3	M	PUR SANG	8	2	5	31597,00	23696,00	55293,00	3949,63	405
AL MAX	4	H	PUR SANG	7	1	4	31597,00	14216,00	45813,00	4513,86	395
MEMPHIS TENNESSEE	5	M	PUR SANG	9	1	3	31589,00	14212,00	45801,00	3509,89	345
BASHA	3	H	PUR SANG	4	2	2	31558,00	23668,00	55226,00	7889,50	450
HYPERCORE	5	H	PUR SANG	7	1	5	31545,00	0,00	31545,00	4506,43	450
PRINCESSE BLONDE	6	F	PUR SANG	7	2	5	31527,00	14184,00	45711,00	4503,86	310
SENATRICE	3	F	PUR SANG	9	2	7	31493,00	23617,00	55110,00	3499,22	380
ADONIDE	3	F	PUR SANG	7	1	3	31486,00	23614,00	55100,00	4498,00	390
MICHAEL THE GREAT	3	M	PUR SANG	8	1	3	31484,00	23613,00	55097,00	3935,50	430
WILD MOOR	4	F	PUR SANG	11	1	9	31364,00	14108,00	45472,00	2851,27	285
MY HABITUDE	3	H	PUR SANG	9	3	3	31344,00	23506,00	54850,00	3482,67	365
CHAMALI	3	M	PUR SANG	4	1	3	31340,00	0,00	31340,00	7835,00	450
SIR GARSING	5	H	PUR SANG	14	4	5	31319,00	14091,00	45410,00	2237,07	275
MISS OF CHANGE	4	F	PUR SANG	6	1	2	31305,00	14086,00	45391,00	5217,50	440
KIEVSKY	6	H	PUR SANG	15	3	6	31285,00	14075,00	45360,00	2085,67	270
PRADARO	11	H	PUR SANG	12	2	6	31276,00	14071,00	45347,00	2606,33	315
VANVITELLI	3	M	PUR SANG	8	1	7	31239,00	23426,00	54665,00	3904,88	375
MAIAKOVSKA	2	F	PUR SANG	3	1	1	31085,00	23313,00	54398,00	10361,67	420
NOVA HOPE	5	F	PUR SANG	10	2	4	31046,00	13969,00	45015,00	3104,60	360
JAGUARE PRECIEUSE	7	F	PUR SANG	11	3	2	30996,00	13946,00	44942,00	2817,82	310
BOOGIE	8	H	PUR SANG	10	2	6	30993,00	13944,00	44937,00	3099,30	375
MARKSWOMAN	6	F	PUR SANG	12	2	8	30876,00	13890,00	44766,00	2573,00	265
ORANGE VIF	7	H	PUR SANG	12	3	4	30860,00	13884,00	44744,00	2571,67	250
PRESA DIRETTA	7	F	PUR SANG	5	0	5	30815,00	13863,00	44678,00	6163,00	385
ALHAEBA	3	M	PUR SANG	6	2	2	30804,00	0,00	30804,00	5134,00	410
GILDED DRAGON	5	H	PUR SANG	5	1	2	30794,00	13856,00	44650,00	6158,80	410
CAUDRY	3	F	PUR SANG	7	2	4	30706,00	23029,00	53735,00	4386,57	370
BELIEVER	5	M	PUR SANG	2	1	1	30582,00	13761,00	44343,00	15291,00	455
LE SAGE	6	H	PUR SANG	9	2	6	30576,00	13755,00	44331,00	3397,33	365
PROXIMA DU CENTAUR	3	F	PUR SANG	6	0	6	30574,00	22929,00	53503,00	5095,67	480
VIVE LA REINE	5	F	PUR SANG	12	3	7	30573,00	13755,00	44328,00	2547,75	320
SORBETTO	3	H	PUR SANG	4	1	3	30565,00	22922,00	53487,00	7641,25	450
AMOUAGE	5	H	PUR SANG	12	2	3	30531,00	13737,00	44268,00	2544,25	270
HARMONY IN BLUE	2	F	PUR SANG	5	2	3	30521,00	22889,00	53410,00	6104,20	385
CANNEZA	4	F	PUR SANG	5	1	2	30500,00	13724,00	44224,00	6100,00	450
LOUIZA	3	F	PUR SANG	5	2	3	30484,00	22861,00	53345,00	6096,80	390
GO LOVE	7	H	PUR SANG	7	2	4	30480,00	13714,00	44194,00	4354,29	355
MASTER PAT	5	H	PUR SANG	10	1	8	30464,00	13704,00	44168,00	3046,40	315
ABIAT	5	F	PUR SANG	9	1	5	30460,00	13703,00	44163,00	3384,44	375
MARCUS AURELIUS	6	H	PUR SANG	5	2	3	30455,00	13703,00	44158,00	6091,00	415
TAKE ME ON	3	M	PUR SANG	5	1	2	30405,00	0,00	30405,00	6081,00	470
ROMANCE MARINE	5	F	PUR SANG	14	1	9	30337,00	13646,00	43983,00	2166,93	270
SBIKHA	3	F	PUR SANG	12	2	8	30317,00	22734,00	53051,00	2526,42	320
UN INSTANT	5	M	PUR SANG	9	0	6	30312,00	13639,00	43951,00	3368,00	450
SWEET FOR ME	3	F	PUR SANG	7	2	4	30300,00	22723,00	53023,00	4328,57	375
TASHANKA	5	M	PUR SANG	9	2	6	30275,00	13621,00	43896,00	3363,89	390
WOFF	8	H	PUR SANG	17	1	15	30254,00	13606,00	43860,00	1779,65	300
RED SCOTCH	3	H	PUR SANG	11	1	8	30216,00	22661,00	52877,00	2746,91	330
TOMAKAY	5	H	PUR SANG	7	1	6	30214,00	13591,00	43805,00	4316,29	440
REMENBER CHOPE	3	F	PUR SANG	8	2	3	30158,00	22617,00	52775,00	3769,75	365
MARBELLESA	3	F	PUR SANG	7	1	6	30146,00	22608,00	52754,00	4306,57	370
VOILA POURQUOI	9	H	PUR SANG	13	3	9	30106,00	13543,00	43649,00	2315,85	275
ALWAYS WELCOME	9	H	PUR SANG	4	2	1	30104,00	13546,00	43650,00	7526,00	425
SOUPIR	8	H	PUR SANG	12	2	10	30070,00	13529,00	43599,00	2505,83	230
ILIANNABELLA	3	F	PUR SANG	9	1	8	30046,00	0,00	30046,00	3338,44	360
COMMANDER TUNG	3	H	PUR SANG	3	2	1	30014,00	22510,00	52524,00	10004,67	435
HUGO CABRET	3	H	PUR SANG	6	2	4	29952,00	22464,00	52416,00	4992,00	365
SMILE FOR ME	4	F	PUR SANG	13	1	10	29950,00	13472,00	43422,00	2303,85	330
EL KRAKEN	4	H	PUR SANG	12	1	8	29921,00	13461,00	43382,00	2493,42	285
MR SAY	2	H	PUR SANG	13	1	11	29890,00	22414,00	52304,00	2299,23	330
SPEEDSTER	5	H	PUR SANG	11	1	8	29868,00	13436,00	43304,00	2715,27	330
TANIS	5	F	PUR SANG	11	2	6	29857,00	13433,00	43290,00	2714,27	315
MANEKI	4	M	PUR SANG	5	1	2	29814,00	13416,00	43230,00	5962,80	430
PERSIS	3	F	PUR SANG	8	2	4	29803,00	22352,00	52155,00	3725,38	385
LORD POST OFFICE	7	M	PUR SANG	15	2	8	29760,00	13389,00	43149,00	1984,00	245
HUR CAT	9	H	PUR SANG	13	2	8	29738,00	13380,00	43118,00	2287,54	245
FREJULFE	3	F	PUR SANG	8	3	4	29722,00	20490,00	50212,00	3715,25	315
SAHIMAA	3	F	PUR SANG	5	2	3	29662,00	22246,00	51908,00	5932,40	410
MISTY CITY	3	F	PUR SANG	19	1	12	29634,00	22222,00	51856,00	1559,68	265
JONIN	5	F	PUR SANG	7	2	4	29543,00	0,00	29543,00	4220,43	340
A BEAUREGARD	5	H	PUR SANG	8	1	4	29520,00	13282,00	42802,00	3690,00	385
EXCEED THE STARS	3	F	PUR SANG	5	1	4	29506,00	22129,00	51635,00	5901,20	430
BASANTI	3	F	PUR SANG	8	1	5	29485,00	22113,00	51598,00	3685,63	385
AMUSANTE	3	F	PUR SANG	9	1	7	29472,00	0,00	29472,00	3274,67	335
DERNI CHOP	3	H	PUR SANG	9	1	8	29454,00	22090,00	51544,00	3272,67	345
RUE DE L'ODEON	4	F	PUR SANG	17	2	8	29423,00	13238,00	42661,00	1730,76	245
GLORI LEADER	6	H	PUR SANG	12	1	8	29390,00	13221,00	42611,00	2449,17	310
SEONA	4	F	PUR SANG	10	0	8	29371,00	13213,00	42584,00	2937,10	380
CHARIBELLE	4	F	PUR SANG	5	1	2	29370,00	13216,00	42586,00	5874,00	465
WILD PACIFIC	3	F	PUR SANG	5	1	4	29326,00	0,00	29326,00	5865,20	410
ALLELA	2	F	PUR SANG	2	2	0	29250,00	21937,00	51187,00	14625,00	
RING JOY	2	F	PUR SANG	2	0	2	29206,00	3904,00	33110,00	14603,00	
MR FLEURANT	5	H	PUR SANG	8	2	6	29200,00	13138,00	42338,00	3650,00	400
NOLITO	6	H	PUR SANG	9	1	7	29173,00	13123,00	42296,00	3241,44	370
REUX	4	M	PUR SANG	18	2	12	29093,00	13085,00	42178,00	1616,28	280
LOST IN MUSIC	5	H	PUR SANG	10	2	5	29084,00	13085,00	42169,00	2908,40	345
SOMETHING BLUE	4	F	PUR SANG	8	1	7	29080,00	13086,00	42166,00	3635,00	660
ETINCELLE	3	F	PUR SANG	5	1	3	29079,00	21807,00	50886,00	5815,80	465
MIKEY	4	M	PUR SANG	9	2	4	29074,00	13080,00	42154,00	3230,44	370
PERSIAN GRACE	3	F	PUR SANG	7	1	5	29054,00	21787,00	50841,00	4150,57	380
DARIYANGEL	7	H	PUR SANG	17	1	11	29044,00	13064,00	42108,00	1708,47	230
THE MAGPIE	3	F	PUR SANG	9	1	7	28952,00	21710,00	50662,00	3216,89	330
NOW FOR GLORY	3	M	PUR SANG	4	2	2	28945,00	0,00	28945,00	7236,25	435
ODIN NORMANDY	7	H	PUR SANG	7	4	1	28935,00	13020,00	41955,00	4133,57	310
TISSIMO	3	M	PUR SANG	5	1	3	28908,00	21681,00	50589,00	5781,60	420
DREAM OF GLORY	2	F	PUR SANG	5	1	4	28882,00	0,00	28882,00	5776,40	395
AMADEO	3	H	PUR SANG	6	2	3	28876,00	21657,00	50533,00	4812,67	395
PAMELA BOUM	5	F	PUR SANG	10	1	9	28873,00	12988,00	41861,00	2887,30	275
ZLATA	3	F	PUR SANG	4	0	3	28865,00	0,00	28865,00	7216,25	460
FONROMY	3	F	PUR SANG	11	3	7	28797,00	14284,00	43081,00	2617,91	315
TRINQUETTE	3	M	PUR SANG	4	2	1	28780,00	21584,00	50364,00	7195,00	435
DIVIDE AND RULE	5	F	PUR SANG	5	1	2	28758,00	12940,00	41698,00	5751,60	415
SUMMER FLIRT	5	F	PUR SANG	7	3	2	28735,00	12929,00	41664,00	4105,00	265
APPLICATION	2	F	PUR SANG	6	2	3	28724,00	21541,00	50265,00	4787,33	390
INCREMENTAL	6	H	PUR SANG	12	1	8	28701,00	0,00	28701,00	2391,75	320
ANASHKAYA	3	F	PUR SANG	7	1	3	28665,00	0,00	28665,00	4095,00	420
KOVROV	6	H	PUR SANG	6	1	3	28630,00	12882,00	41512,00	4771,67	425
NUMERI HOOVES	2	M	PUR SANG	3	0	2	28606,00	3904,00	32510,00	9535,33	430
MORE THUNDER	5	M	PUR SANG	1	0	1	28600,00	0,00	28600,00	28600,00	545
SOSIE	5	M	PUR SANG	1	0	1	28575,00	5715,00	34290,00	28575,00	550
NUMERUS BORGET	8	H	PUR SANG	13	1	7	28567,00	12850,00	41417,00	2197,46	295
MARQUISAT	6	H	PUR SANG	2	1	1	28560,00	0,00	28560,00	14280,00	500
CARLSTON	5	H	PUR SANG	15	2	4	28542,00	12841,00	41383,00	1902,80	285
LA BELLE ISOLA	2	F	PUR SANG	5	2	3	28542,00	21405,00	49947,00	5708,40	400
MAY IT BE	5	F	PUR SANG	5	2	3	28432,00	12790,00	41222,00	5686,40	410
PURE LEGEND	4	H	PUR SANG	3	1	2	28420,00	12788,00	41208,00	9473,33	435
GUSTO	3	H	PUR SANG	5	1	2	28360,00	21269,00	49629,00	5672,00	455
MOOJEED	3	M	PUR SANG	4	0	4	28360,00	21270,00	49630,00	7090,00	460
REGAL RESOLVE	3	H	PUR SANG	3	0	3	28360,00	0,00	28360,00	9453,33	485
JUMBOTRON	2	H	PUR SANG	3	2	1	28340,00	0,00	28340,00	9446,67	450
QUEENFLEUR	5	F	PUR SANG	14	1	12	28340,00	12749,00	41089,00	2024,29	255
DALYAMIX	4	F	PUR SANG	9	1	8	28283,00	12723,00	41006,00	3142,56	300
CERAMIC	3	F	PUR SANG	5	0	4	28270,00	21202,00	49472,00	5654,00	470
PLOTINUS	7	H	PUR SANG	8	1	3	28238,00	12705,00	40943,00	3529,75	330
BEVAN	7	H	PUR SANG	6	0	5	28164,00	12673,00	40837,00	4694,00	455
RENCONTRE SPORTIVE	3	H	PUR SANG	3	0	2	28125,00	21093,00	49218,00	9375,00	470
BEETLEJUICE	4	H	PUR SANG	10	1	5	28086,00	12636,00	40722,00	2808,60	320
TOKYO DREAMER	5	F	PUR SANG	13	1	9	28075,00	0,00	28075,00	2159,62	280
METS LE FEU	4	H	PUR SANG	10	3	4	28066,00	12627,00	40693,00	2806,60	350
AMORCITA	5	F	PUR SANG	9	2	2	28048,00	12620,00	40668,00	3116,44	325
LOREEN	5	F	PUR SANG	6	2	4	28046,00	0,00	28046,00	4674,33	340
LAST SINN	8	H	PUR SANG	10	2	5	28021,00	12606,00	40627,00	2802,10	290
BURNING HEART	4	M	PUR SANG	15	0	13	27943,00	12564,00	40507,00	1862,87	290
GREYMARA	4	H	PUR SANG	11	2	6	27929,00	12565,00	40494,00	2539,00	265
TAMYZ	5	H	PUR SANG	6	1	4	27911,00	12557,00	40468,00	4651,83	365
USER AMISTOSO	5	H	PUR SANG	7	3	3	27899,00	12552,00	40451,00	3985,57	315
DUTY	4	H	PUR SANG	6	1	3	27895,00	12550,00	40445,00	4649,17	370
BLACKCLOVER	3	F	PUR SANG	6	2	2	27866,00	20899,00	48765,00	4644,33	420
IRBIS	7	H	PUR SANG	11	2	5	27842,00	12526,00	40368,00	2531,09	305
VADIROUMA	3	F	PUR SANG	4	2	1	27808,00	20855,00	48663,00	6952,00	410
ALKIDAN	4	H	PUR SANG	13	1	9	27789,00	12501,00	40290,00	2137,62	315
SALAZAR	6	H	PUR SANG	6	3	3	27766,00	12492,00	40258,00	4627,67	250
GARRIS	4	H	PUR SANG	9	2	6	27737,00	12477,00	40214,00	3081,89	325
PELIGROSO	3	H	PUR SANG	7	1	6	27704,00	20775,00	48479,00	3957,71	390
TIZIAN	4	H	PUR SANG	9	1	6	27687,00	12455,00	40142,00	3076,33	320
HEREWARD	2	M	PUR SANG	2	0	2	27660,00	2745,00	30405,00	13830,00	
BARGING THRU	7	H	PUR SANG	7	2	2	27656,00	0,00	27656,00	3950,86	360
CICCIO BOY	8	M	PUR SANG	14	1	6	27607,00	12418,00	40025,00	1971,93	370
IL MAGISTERO	3	H	PUR SANG	7	3	3	27596,00	20696,00	48292,00	3942,29	370
STRELLING	2	F	PUR SANG	5	2	3	27570,00	20676,00	48246,00	5514,00	390
VICTORIA COLONIA	3	F	PUR SANG	7	2	3	27564,00	20671,00	48235,00	3937,71	385
YOKEN	5	H	PUR SANG	6	2	2	27553,00	12397,00	39950,00	4592,17	375
SOFT DREAM	3	M	PUR SANG	6	2	2	27508,00	20631,00	48139,00	4584,67	360
OZAN	8	H	PUR SANG	7	1	1	27486,00	12368,00	39854,00	3926,57	405
CHALDERO	6	H	PUR SANG	7	1	1	27486,00	12368,00	39854,00	3926,57	390
PURPLE LION	4	H	PUR SANG	3	1	1	27486,00	12368,00	39854,00	9162,00	425
NYMPHEAS	3	F	PUR SANG	11	3	4	27478,00	20608,00	48086,00	2498,00	270
MANA MAHA	8	F	PUR SANG	13	2	6	27466,00	12354,00	39820,00	2112,77	290
NAY	3	F	PUR SANG	6	1	3	27453,00	20588,00	48041,00	4575,50	355
CROWNBREAKER	2	F	PUR SANG	1	1	0	27450,00	0,00	27450,00	27450,00	440
LOVELY WARRIOR	2	M	PUR SANG	8	1	6	27370,00	17600,00	44970,00	3421,25	355
FOXEY LADY	6	F	PUR SANG	9	1	5	27321,00	12292,00	39613,00	3035,67	340
AMOR A MANI	5	F	PUR SANG	15	0	11	27266,00	12266,00	39532,00	1817,73	215
PITCH PERFECT	3	H	PUR SANG	5	1	3	27250,00	20436,00	47686,00	5450,00	455
QUIET STRENGTH	2	F	PUR SANG	7	1	5	27250,00	20434,00	47684,00	3892,86	340
QUANTAS	3	M	PUR SANG	4	1	3	27104,00	0,00	27104,00	6776,00	440
SPIRIT OF ZARAK	3	F	PUR SANG	3	2	1	27094,00	20318,00	47412,00	9031,33	430
FIREMAN	4	H	PUR SANG	9	3	2	27078,00	12184,00	39262,00	3008,67	305
WATT OHM	6	H	PUR SANG	11	1	9	27048,00	12166,00	39214,00	2458,91	275
FASTER	7	F	PUR SANG	7	2	3	26997,00	12147,00	39144,00	3856,71	315
MONTE LINAS	6	H	PUR SANG	8	3	3	26992,00	0,00	26992,00	3374,00	315
WAZIERS	6	F	PUR SANG	12	1	8	26952,00	12124,00	39076,00	2246,00	365
WIND OF CHANGE	8	H	PUR SANG	11	1	6	26948,00	12123,00	39071,00	2449,82	290
MOABI	4	F	PUR SANG	10	2	8	26944,00	12121,00	39065,00	2694,40	300
L'ALTA ROCCA	3	M	PUR SANG	10	2	5	26933,00	20198,00	47131,00	2693,30	300
MAROON SIX	7	M	PUR SANG	9	1	7	26892,00	12096,00	38988,00	2988,00	325
HAVIASSOR	8	H	PUR SANG	9	0	5	26892,00	12098,00	38990,00	2988,00	340
SAGANO	3	H	PUR SANG	3	2	1	26880,00	20160,00	47040,00	8960,00	430
JOEY UP	8	H	PUR SANG	11	2	5	26844,00	12076,00	38920,00	2440,36	250
MELANIES JOY	5	H	PUR SANG	12	1	6	26841,00	0,00	26841,00	2236,75	250
LADY FRANCA ROSA	3	F	PUR SANG	9	3	3	26786,00	18073,00	44859,00	2976,22	350
NOTIONI FAL	3	F	PUR SANG	7	1	6	26717,00	20036,00	46753,00	3816,71	340
MISS JUSTICE	5	F	PUR SANG	2	1	1	26710,00	12019,00	38729,00	13355,00	455
AWAITING CHRISTMAS	4	H	PUR SANG	5	0	3	26660,00	11995,00	38655,00	5332,00	390
MAGIC STARS	6	F	PUR SANG	13	3	4	26586,00	11961,00	38547,00	2045,08	270
ROI DU CIEL	3	H	PUR SANG	16	1	11	26570,00	19924,00	46494,00	1660,63	265
SOUL AMBASSADOR	3	H	PUR SANG	5	1	4	26560,00	19919,00	46479,00	5312,00	400
ALSABA	4	F	PUR SANG	4	1	2	26555,00	0,00	26555,00	6638,75	415
WILLY WINNER	6	H	PUR SANG	11	2	6	26501,00	11923,00	38424,00	2409,18	335
WEDGEWOOD PEARL	5	F	PUR SANG	2	1	1	26486,00	11918,00	38404,00	13243,00	375
LOHENGREEN	3	M	PUR SANG	8	1	5	26474,00	19853,00	46327,00	3309,25	380
JOUKOVKA	4	F	PUR SANG	14	2	8	26448,00	11897,00	38345,00	1889,14	230
SCHUMAN	4	M	PUR SANG	10	0	7	26437,00	11893,00	38330,00	2643,70	380
ANOLANTE	3	H	PUR SANG	5	2	1	26410,00	19807,00	46217,00	5282,00	590
MARCHEMALO	4	H	PUR SANG	9	1	6	26377,00	11866,00	38243,00	2930,78	360
POLNOR	4	H	PUR SANG	8	2	2	26366,00	11864,00	38230,00	3295,75	275
FRANCISCANO	4	H	PUR SANG	12	2	7	26364,00	11860,00	38224,00	2197,00	350
LOVECAYAN	5	F	PUR SANG	12	3	6	26304,00	9473,00	35777,00	2192,00	235
CATHERINE LA MER	3	F	PUR SANG	9	1	7	26298,00	19722,00	46020,00	2922,00	310
IN THE ARMY NOW	6	F	PUR SANG	9	3	4	26273,00	11822,00	38095,00	2919,22	260
APOLLON	7	H	PUR SANG	9	2	6	26272,00	0,00	26272,00	2919,11	300
ESTELLA MOBRAY	5	F	PUR SANG	7	3	3	26244,00	0,00	26244,00	3749,14	245
MICOLEO	7	H	PUR SANG	10	2	3	26241,00	11807,00	38048,00	2624,10	215
TANQUES	3	M	PUR SANG	6	1	5	26238,00	19676,00	45914,00	4373,00	385
MISS CHIQUITA	3	F	PUR SANG	7	1	4	26233,00	19674,00	45907,00	3747,57	420
SPACE GOOD	3	H	PUR SANG	10	1	6	26204,00	19652,00	45856,00	2620,40	325
BAY CITY ROLLER	4	M	PUR SANG	1	0	1	26180,00	0,00	26180,00	26180,00	560
KING OF CLOUGHAN	2	M	PUR SANG	1	0	1	26180,00	0,00	26180,00	26180,00	455
WALMA	4	F	PUR SANG	12	1	8	26179,00	11775,00	37954,00	2181,58	325
VARZUGA	3	F	PUR SANG	9	3	3	26173,00	19629,00	45802,00	2908,11	300
SWEET CHOP	4	M	PUR SANG	5	0	5	26159,00	11769,00	37928,00	5231,80	445
ANTICO	5	H	PUR SANG	12	2	4	26135,00	11758,00	37893,00	2177,92	245
FEARLESS CHEETAH	6	F	PUR SANG	9	1	4	26129,00	11755,00	37884,00	2903,22	365
GOLDENSIM	6	H	PUR SANG	11	1	8	26104,00	11742,00	37846,00	2373,09	320
JOJO FANTAISIE	3	F	PUR SANG	11	3	5	26096,00	19570,00	45666,00	2372,36	290
SPRING HEART	5	F	PUR SANG	8	1	5	26088,00	11737,00	37825,00	3261,00	320
SEESHAUPT	3	F	PUR SANG	9	2	5	26075,00	19555,00	45630,00	2897,22	330
FLAMINGWAY	6	H	PUR SANG	6	2	4	26069,00	11728,00	37797,00	4344,83	365
LITERARY SONG	2	H	PUR SANG	5	1	4	26063,00	19543,00	45606,00	5212,60	410
INJU	3	F	PUR SANG	8	1	4	26039,00	0,00	26039,00	3254,88	415
PYRAMIDE	4	F	PUR SANG	3	1	1	25998,00	11698,00	37696,00	8666,00	435
RINASCERO	4	H	PUR SANG	8	2	4	25997,00	11696,00	37693,00	3249,63	350
ST GERMAIN	3	H	PUR SANG	7	2	5	25981,00	19483,00	45464,00	3711,57	305
SY LY	3	F	PUR SANG	12	4	8	25980,00	19485,00	45465,00	2165,00	690
BOURBON MOON	3	F	PUR SANG	8	2	3	25936,00	19451,00	45387,00	3242,00	335
BLEU NUIT	3	H	PUR SANG	10	1	8	25902,00	19425,00	45327,00	2590,20	340
LE ROI DAVID	7	H	PUR SANG	4	2	0	25900,00	11654,00	37554,00	6475,00	665
AMERICAN GLORY	5	F	PUR SANG	9	1	4	25900,00	11653,00	37553,00	2877,78	375
HUTTON	6	H	PUR SANG	9	4	4	25883,00	0,00	25883,00	2875,89	290
DACHKOVA	3	F	PUR SANG	4	1	2	25868,00	0,00	25868,00	6467,00	425
LHASA	5	F	PUR SANG	10	2	7	25815,00	11615,00	37430,00	2581,50	210
MELBORA	6	F	PUR SANG	13	1	6	25775,00	11595,00	37370,00	1982,69	335
NO CURE NO PAY	6	H	PUR SANG	7	3	4	25760,00	11592,00	37352,00	3680,00	680
SORANO	3	M	PUR SANG	8	1	5	25759,00	19315,00	45074,00	3219,88	400
SEEYOUGO	4	H	PUR SANG	8	2	4	25729,00	11575,00	37304,00	3216,13	300
MOON RIDER	6	H	PUR SANG	16	1	10	25719,00	11569,00	37288,00	1607,44	275
AMIE AMOUR	3	F	PUR SANG	6	1	5	25683,00	0,00	25683,00	4280,50	370
STAR CREEK	4	H	PUR SANG	10	1	7	25679,00	11551,00	37230,00	2567,90	290
INDALIMOS	4	F	PUR SANG	6	0	3	25665,00	11548,00	37213,00	4277,50	465
SHARPSHOOT	3	H	PUR SANG	5	2	3	25596,00	0,00	25596,00	5119,20	400
LOUIS OTHON	4	H	PUR SANG	7	2	4	25578,00	11508,00	37086,00	3654,00	340
EYE OF THE TIGER	4	H	PUR SANG	14	2	9	25572,00	11503,00	37075,00	1826,57	285
CHAUMIERE DE PRE	4	H	PUR SANG	5	2	1	25570,00	11505,00	37075,00	5114,00	410
PREMONITION	4	F	PUR SANG	8	2	3	25567,00	11503,00	37070,00	3195,88	355
INGEBORG	3	F	PUR SANG	8	1	6	25567,00	19174,00	44741,00	3195,88	370
DOCTEUR TOURNESOL	6	H	PUR SANG	9	2	7	25474,00	11461,00	36935,00	2830,44	250
CENTRICAL	8	H	PUR SANG	8	2	5	25459,00	11455,00	36914,00	3182,38	395
DON FALCO	7	H	PUR SANG	14	2	7	25445,00	11447,00	36892,00	1817,50	260
TOMOE GOZEN	3	F	PUR SANG	18	1	12	25445,00	19078,00	44523,00	1413,61	260
MAP OF STARS	5	H	PUR SANG	3	0	3	25440,00	11448,00	36888,00	8480,00	525
SHE'S BOX OFFICE	2	F	PUR SANG	8	3	3	25411,00	0,00	25411,00	3176,38	360
HAYA LAND	4	M	PUR SANG	6	2	4	25401,00	11428,00	36829,00	4233,50	335
NADIR	3	H	PUR SANG	7	1	6	25400,00	19048,00	44448,00	3628,57	345
CIAO BELLO	2	M	PUR SANG	5	1	4	25396,00	19045,00	44441,00	5079,20	390
SATURDAY NIGHT	4	F	PUR SANG	11	1	7	25385,00	11419,00	36804,00	2307,73	315
RUBENESQUE	3	F	PUR SANG	14	1	12	25364,00	19019,00	44383,00	1811,71	325
MAX VERST	7	H	PUR SANG	13	0	8	25352,00	11405,00	36757,00	1950,15	360
DARK SECRET	4	M	PUR SANG	5	1	4	25349,00	11404,00	36753,00	5069,80	375
STORIA DI ROMA	4	H	PUR SANG	8	2	5	25338,00	11400,00	36738,00	3167,25	370
BABOSHKA	3	F	PUR SANG	4	3	1	25334,00	0,00	25334,00	6333,50	320
ASTREDARGENT	3	M	PUR SANG	9	2	5	25328,00	18996,00	44324,00	2814,22	320
ZAKHAROVA	4	F	PUR SANG	6	1	3	25323,00	11394,00	36717,00	4220,50	445
ZASYMOKA	5	F	PUR SANG	10	1	4	25216,00	11345,00	36561,00	2521,60	310
PIERRE LE GRAND	7	H	PUR SANG	10	1	8	25183,00	11329,00	36512,00	2518,30	280
CANDYMAN	5	H	PUR SANG	6	2	4	25163,00	11320,00	36483,00	4193,83	345
DEMAH	3	F	PUR SANG	3	2	0	25150,00	18862,00	44012,00	8383,33	400
CANALEJAS	3	M	PUR SANG	5	1	0	25150,00	18862,00	44012,00	5030,00	455
BEHIKE	3	M	PUR SANG	1	1	0	25150,00	0,00	25150,00	25150,00	460
MOONLIT SUN	3	F	PUR SANG	1	1	0	25150,00	0,00	25150,00	25150,00	415
GANODIN	3	M	PUR SANG	7	2	3	25114,00	18835,00	43949,00	3587,71	365
TUDO BEM	10	H	PUR SANG	11	2	7	25104,00	11294,00	36398,00	2282,18	330
HUNDER THE MOON	2	F	PUR SANG	4	1	3	25102,00	18824,00	43926,00	6275,50	400
LADY LUCK	4	F	PUR SANG	9	2	4	25090,00	11288,00	36378,00	2787,78	240
ROYAL CHAPEL	3	F	PUR SANG	3	0	3	25070,00	0,00	25070,00	8356,67	455
DSCHINGIS HEIGHTS	6	H	PUR SANG	11	2	6	25066,00	11275,00	36341,00	2278,73	275
TOO DARN QUICK	3	M	PUR SANG	8	0	8	25027,00	0,00	25027,00	3128,38	350
ESPRONCEDA	3	M	PUR SANG	11	2	9	25007,00	0,00	25007,00	2273,36	290
UTXA	3	F	PUR SANG	5	2	3	25004,00	0,00	25004,00	5000,80	325
LINARIA	5	F	PUR SANG	7	2	4	24978,00	11237,00	36215,00	3568,29	345
MILORD DU LEMO	7	H	PUR SANG	13	2	9	24977,00	11235,00	36212,00	1921,31	230
PARVAGE	3	H	PUR SANG	7	1	5	24976,00	18729,00	43705,00	3568,00	355
LE ROI LEON	4	H	PUR SANG	13	0	9	24972,00	11231,00	36203,00	1920,92	320
AMRITA	7	H	PUR SANG	6	2	4	24934,00	11218,00	36152,00	4155,67	340
DUBAIEARTH	3	F	PUR SANG	4	2	2	24924,00	0,00	24924,00	6231,00	385
HAMILTON	6	H	PUR SANG	9	2	3	24912,00	11208,00	36120,00	2768,00	320
NATORSPEED ESSEF	3	M	PUR SANG	5	2	3	24894,00	18670,00	43564,00	4978,80	375
TAJLINA	4	F	PUR SANG	3	0	3	24885,00	11198,00	36083,00	8295,00	485
THE HIGHLIGHT	2	M	PUR SANG	3	1	2	24856,00	18642,00	43498,00	8285,33	450
WEEKEN	3	H	PUR SANG	7	1	4	24834,00	18625,00	43459,00	3547,71	405
MATURE	3	M	PUR SANG	6	1	4	24829,00	18621,00	43450,00	4138,17	415
ZEN POETRY	2	M	PUR SANG	3	1	2	24816,00	18610,00	43426,00	8272,00	450
LA BONITA	5	F	PUR SANG	10	2	4	24808,00	11161,00	35969,00	2480,80	310
SISKA	3	F	PUR SANG	7	0	6	24768,00	18574,00	43342,00	3538,29	320
GRECIAN STAR	6	H	PUR SANG	9	3	1	24738,00	11130,00	35868,00	2748,67	395
BELLA CIAO	6	F	PUR SANG	12	2	7	24647,00	11087,00	35734,00	2053,92	220
LOVATREE PARIS	3	F	PUR SANG	11	1	9	24642,00	18480,00	43122,00	2240,18	330
STORY WAY	3	F	PUR SANG	5	1	4	24634,00	18470,00	43104,00	4926,80	350
GOOD BYE DAVIER	3	M	PUR SANG	10	1	8	24596,00	18447,00	43043,00	2459,60	340
ROULETTE	4	H	PUR SANG	7	3	2	24586,00	11062,00	35648,00	3512,29	335
MAJESTIC HILL	4	F	PUR SANG	10	2	5	24576,00	11058,00	35634,00	2457,60	250
CEDRUS	5	H	PUR SANG	12	2	6	24539,00	11039,00	35578,00	2044,92	330
ALINKA	3	F	PUR SANG	17	1	11	24524,00	18391,00	42915,00	1442,59	280
ALICANTO	6	H	PUR SANG	11	2	3	24512,00	11027,00	35539,00	2228,36	300
MISS TARKEN	4	F	PUR SANG	6	1	3	24512,00	11028,00	35540,00	4085,33	355
SAINTE SARAH	3	F	PUR SANG	11	3	5	24504,00	15562,00	40066,00	2227,64	295
ANTINEA	8	F	PUR SANG	10	2	4	24504,00	11025,00	35529,00	2450,40	245
KING HARTWOOD	10	H	PUR SANG	12	2	3	24485,00	11016,00	35501,00	2040,42	220
TEUCH WIN	3	H	PUR SANG	8	1	6	24429,00	18320,00	42749,00	3053,63	350
CURRAGH CAMP	4	H	PUR SANG	3	2	1	24420,00	10987,00	35407,00	8140,00	440
BOSIOH	9	M	PUR SANG	12	1	10	24406,00	10977,00	35383,00	2033,83	290
BOOMERANG	8	H	PUR SANG	14	2	9	24398,00	10975,00	35373,00	1742,71	245
SHANOUR	3	M	PUR SANG	4	1	2	24384,00	0,00	24384,00	6096,00	390
PALM SPRINGS	3	F	PUR SANG	7	1	5	24351,00	13011,00	37362,00	3478,71	375
THE CAT'S	5	H	PUR SANG	11	1	8	24340,00	10948,00	35288,00	2212,73	245
VICKY	4	F	PUR SANG	8	1	5	24307,00	10935,00	35242,00	3038,38	305
WHAKA	3	F	PUR SANG	16	1	13	24306,00	12264,00	36570,00	1519,13	265
MERIDYS	3	F	PUR SANG	5	1	4	24304,00	18225,00	42529,00	4860,80	390
SWIFT MAGIC	3	M	PUR SANG	6	1	4	24300,00	18223,00	42523,00	4050,00	400
ZELMAN	5	H	PUR SANG	9	2	5	24262,00	9116,00	33378,00	2695,78	390
WE'LL DEFEND	4	F	PUR SANG	3	1	1	24260,00	10916,00	35176,00	8086,67	460
GRECIAN BONANZA	6	M	PUR SANG	8	2	5	24252,00	10911,00	35163,00	3031,50	375
HASHTAG JOA	5	F	PUR SANG	12	3	5	24243,00	10908,00	35151,00	2020,25	210
STARLIGHT	5	F	PUR SANG	9	2	5	24243,00	10907,00	35150,00	2693,67	230
JOROLINA	2	F	PUR SANG	3	1	1	24234,00	18174,00	42408,00	8078,00	400
AMEDRAS	9	H	PUR SANG	10	1	5	24213,00	10893,00	35106,00	2421,30	370
HELVETIOS	3	H	PUR SANG	3	2	1	24209,00	10956,00	35165,00	8069,67	450
GOD SAVE THE QUEEN	7	F	PUR SANG	7	2	3	24176,00	10878,00	35054,00	3453,71	275
SOGYNT	7	H	PUR SANG	10	2	4	24168,00	10872,00	35040,00	2416,80	290
MEASTER OWEN	5	H	PUR SANG	9	2	5	24154,00	10865,00	35019,00	2683,78	315
GALAGOS	4	H	PUR SANG	8	1	6	24127,00	10854,00	34981,00	3015,88	360
MISTERWINNER	4	H	PUR SANG	8	1	5	24115,00	10849,00	34964,00	3014,38	370
FIRST CREATION	8	H	PUR SANG	12	2	10	24096,00	9151,00	33247,00	2008,00	250
INSTRUIT	9	H	PUR SANG	10	2	5	24081,00	10833,00	34914,00	2408,10	295
SAN SEBASTIAN	5	H	PUR SANG	4	2	1	24072,00	10832,00	34904,00	6018,00	430
SAINT FIACRE	8	H	PUR SANG	6	2	3	24062,00	10825,00	34887,00	4010,33	295
HOMERE	3	H	PUR SANG	4	1	3	24034,00	0,00	24034,00	6008,50	410
HIGHBARI	9	H	PUR SANG	7	0	7	24030,00	10809,00	34839,00	3432,86	340
MARKUS	4	H	PUR SANG	9	1	5	24018,00	10805,00	34823,00	2668,67	360
CANNELLO	10	H	PUR SANG	13	2	6	24016,00	10805,00	34821,00	1847,38	285
REACH THE SKY	4	M	PUR SANG	5	1	4	23976,00	10787,00	34763,00	4795,20	450
GALASSI	3	H	PUR SANG	6	1	4	23958,00	17967,00	41925,00	3993,00	365
LORD ASRIEL D ALME	5	H	PUR SANG	11	2	5	23914,00	10758,00	34672,00	2174,00	215
COUNSELOR	3	M	PUR SANG	11	1	9	23904,00	17928,00	41832,00	2173,09	340
GWADA CONCEPT	3	F	PUR SANG	6	2	3	23888,00	17541,00	41429,00	3981,33	355
PERSIANROMY	3	F	PUR SANG	12	0	11	23876,00	17906,00	41782,00	1989,67	295
VERNON	3	H	PUR SANG	4	1	3	23872,00	17903,00	41775,00	5968,00	415
SANTA LUZIA	3	F	PUR SANG	9	1	6	23854,00	17889,00	41743,00	2650,44	330
COCO LIGHT	8	H	PUR SANG	12	2	6	23848,00	10728,00	34576,00	1987,33	200
ZARRAF	4	M	PUR SANG	3	1	0	23800,00	10710,00	34510,00	7933,33	470
MARAZION	4	F	PUR SANG	1	1	0	23800,00	0,00	23800,00	23800,00	400
COGOLIN	8	H	PUR SANG	12	2	7	23778,00	10697,00	34475,00	1981,50	275
NANCY DES PLACES	3	F	PUR SANG	5	1	4	23778,00	17830,00	41608,00	4755,60	370
MARTAGNY	3	H	PUR SANG	3	1	2	23760,00	17819,00	41579,00	7920,00	430
BOURGOIN	3	M	PUR SANG	8	1	3	23720,00	17789,00	41509,00	2965,00	410
SKY DREAM	3	F	PUR SANG	7	1	4	23711,00	17781,00	41492,00	3387,29	365
VILLA MONCEAU	3	F	PUR SANG	6	1	3	23682,00	0,00	23682,00	3947,00	370
IRRESITIBLEMENT	3	H	PUR SANG	8	1	7	23674,00	17751,00	41425,00	2959,25	365
MURANO	6	H	PUR SANG	7	2	5	23668,00	10649,00	34317,00	3381,14	245
HALSEY	3	F	PUR SANG	17	1	14	23637,00	17725,00	41362,00	1390,41	290
LOLLIPOP DES PINS	5	F	PUR SANG	8	2	4	23630,00	10631,00	34261,00	2953,75	290
GLOBAL HEALTH	5	H	PUR SANG	5	1	4	23630,00	10631,00	34261,00	4726,00	510
ABRASSO	8	H	PUR SANG	12	2	6	23624,00	10628,00	34252,00	1968,67	205
VICTORY CALL	4	F	PUR SANG	6	0	4	23617,00	10626,00	34243,00	3936,17	435
LELIO	4	H	PUR SANG	6	2	2	23587,00	10613,00	34200,00	3931,17	330
NELLIEDONADO	3	F	PUR SANG	8	1	5	23580,00	17683,00	41263,00	2947,50	380
DIVA CHIQUITA	3	F	PUR SANG	14	1	8	23575,00	17680,00	41255,00	1683,93	290
SPRING EVE	6	F	PUR SANG	10	2	4	23555,00	10597,00	34152,00	2355,50	315
BELLANO	5	H	PUR SANG	4	1	2	23543,00	10593,00	34136,00	5885,75	455
MAURICIA	3	F	PUR SANG	9	2	3	23535,00	17650,00	41185,00	2615,00	360
HELLO MASTER	3	H	PUR SANG	12	2	8	23533,00	17286,00	40819,00	1961,08	325
PADDINGTON	3	H	PUR SANG	6	2	2	23531,00	17647,00	41178,00	3921,83	325
FOR WIN	5	H	PUR SANG	5	2	3	23530,00	0,00	23530,00	4706,00	305
SIGRUNE	6	F	PUR SANG	10	4	5	23523,00	10582,00	34105,00	2352,30	240
PAUL DE TARSE	3	H	PUR SANG	8	1	7	23521,00	17640,00	41161,00	2940,13	320
LILLY'S LIGHT	3	F	PUR SANG	7	2	4	23519,00	17637,00	41156,00	3359,86	300
TEARDROP EXPLODES	5	F	PUR SANG	7	2	3	23517,00	10581,00	34098,00	3359,57	340
DEEP HOPE	7	H	PUR SANG	4	2	1	23506,00	0,00	23506,00	5876,50	370
SILENT WARNING	3	M	PUR SANG	4	2	2	23492,00	0,00	23492,00	5873,00	430
FEL	3	M	PUR SANG	3	2	1	23486,00	17614,00	41100,00	7828,67	415
BABY HARTWOOD	4	H	PUR SANG	12	0	8	23473,00	10559,00	34032,00	1956,08	330
ROI TREZY	3	M	PUR SANG	8	1	4	23471,00	17601,00	41072,00	2933,88	345
KOUTSOUNAKOS	11	H	PUR SANG	8	2	4	23462,00	0,00	23462,00	2932,75	325
SAN TEODORICO	7	H	PUR SANG	9	2	5	23458,00	10553,00	34011,00	2606,44	285
GOLDEN RUN	2	H	PUR SANG	6	1	5	23437,00	17576,00	41013,00	3906,17	360
TRIPTAJIKA	7	F	PUR SANG	18	3	2	23436,00	10544,00	33980,00	1302,00	240
VINO	5	F	PUR SANG	22	0	18	23433,00	10538,00	33971,00	1065,14	175
ZARAMIX	3	H	PUR SANG	6	1	3	23423,00	17565,00	40988,00	3903,83	415
ZOLIA	4	F	PUR SANG	12	2	7	23382,00	10516,00	33898,00	1948,50	305
ESPOIR AVENIR	4	M	PUR SANG	5	0	3	23380,00	10520,00	33900,00	4676,00	495
TORNILLA	5	F	PUR SANG	5	2	3	23364,00	10511,00	33875,00	4672,80	345
ROSA GALLICA	4	F	PUR SANG	6	2	3	23355,00	10508,00	33863,00	3892,50	340
VINGT SEPT	4	H	PUR SANG	6	2	3	23333,00	10497,00	33830,00	3888,83	310
LE CITADIN	3	H	PUR SANG	3	2	1	23298,00	17473,00	40771,00	7766,00	385
BRIGHT MILLIE	3	F	PUR SANG	5	2	1	23298,00	17473,00	40771,00	4659,60	415
SIMANCAS	6	F	PUR SANG	4	2	1	23272,00	10471,00	33743,00	5818,00	330
JUSEARTH FAL	4	H	PUR SANG	7	2	5	23259,00	10464,00	33723,00	3322,71	410
DORIANELLO	6	H	PUR SANG	10	2	6	23256,00	10463,00	33719,00	2325,60	285
VIZINDI	6	H	PUR SANG	6	3	2	23215,00	10446,00	33661,00	3869,17	285
CANENA	3	F	PUR SANG	6	2	3	23212,00	17409,00	40621,00	3868,67	385
CUELLAR	3	H	PUR SANG	7	1	5	23207,00	17404,00	40611,00	3315,29	370
LADY MADELEINE	4	F	PUR SANG	7	0	7	23173,00	10422,00	33595,00	3310,43	315
CIACCINO	4	H	PUR SANG	21	0	14	23169,00	10421,00	33590,00	1103,29	190
SOCIANDO	3	H	PUR SANG	11	1	8	23113,00	17334,00	40447,00	2101,18	290
MARSIHO	4	H	PUR SANG	8	1	3	23108,00	10396,00	33504,00	2888,50	305
MOONEY VISION	3	H	PUR SANG	7	1	5	23088,00	0,00	23088,00	3298,29	360
LADY SOFIA	3	F	PUR SANG	10	0	8	23082,00	17309,00	40391,00	2308,20	300
JIJI MY LOVE	5	F	PUR SANG	10	2	5	23068,00	10379,00	33447,00	2306,80	195
FALOU CHOPE	3	F	PUR SANG	3	2	1	23060,00	17294,00	40354,00	7686,67	345
ALREYYAH	4	F	PUR SANG	4	1	2	23060,00	0,00	23060,00	5765,00	450
RASTAGORA	2	H	PUR SANG	6	1	5	23027,00	17268,00	40295,00	3837,83	400
NABAB ' K	3	H	PUR SANG	3	2	1	23020,00	17264,00	40284,00	7673,33	400
COLBERT	3	M	PUR SANG	3	2	1	23017,00	17262,00	40279,00	7672,33	415
AGATHA SENORA	5	F	PUR SANG	8	2	1	22999,00	10348,00	33347,00	2874,88	305
JOUR DE COEUR	3	F	PUR SANG	14	2	10	22970,00	17226,00	40196,00	1640,71	280
PONNTOS	8	M	PUR SANG	6	0	3	22970,00	0,00	22970,00	3828,33	480
LADIVA	6	F	PUR SANG	13	1	7	22936,00	10319,00	33255,00	1764,31	170
WOODY FRANGIPANI	3	F	PUR SANG	4	2	1	22920,00	17190,00	40110,00	5730,00	405
EDIBEST FAL	4	H	PUR SANG	8	1	4	22920,00	10311,00	33231,00	2865,00	310
SAUCEPOT	4	F	PUR SANG	5	1	3	22914,00	10309,00	33223,00	4582,80	400
LIKE LINDY	3	F	PUR SANG	10	0	7	22913,00	0,00	22913,00	2291,30	345
ETCHEBASTER	3	H	PUR SANG	6	0	6	22912,00	17184,00	40096,00	3818,67	380
DAPANGO	7	H	PUR SANG	5	2	3	22890,00	0,00	22890,00	4578,00	380
BIN ZARAK	4	H	PUR SANG	6	1	3	22890,00	10300,00	33190,00	3815,00	380
LE DOC	3	H	PUR SANG	10	2	7	22888,00	17161,00	40049,00	2288,80	340
COMTE NOIR	5	H	PUR SANG	9	1	6	22873,00	10290,00	33163,00	2541,44	265
FANTASTIC STAR	4	H	PUR SANG	5	2	3	22870,00	10289,00	33159,00	4574,00	340
MEXICAN DREAM	8	F	PUR SANG	13	2	4	22861,00	10285,00	33146,00	1758,54	295
TOIMY SON	7	H	PUR SANG	9	1	7	22858,00	10284,00	33142,00	2539,78	370
MAYRA	2	F	PUR SANG	1	1	0	22850,00	17137,00	39987,00	22850,00	
DIVINO AMORE	2	M	PUR SANG	1	1	0	22850,00	17137,00	39987,00	22850,00	
SHANDIYANA	2	F	PUR SANG	1	1	0	22850,00	0,00	22850,00	22850,00	
LOOP	2	M	PUR SANG	1	1	0	22850,00	17137,00	39987,00	22850,00	
JUMEAU	2	M	PUR SANG	1	1	0	22850,00	17137,00	39987,00	22850,00	
BLEACH	2	F	PUR SANG	2	1	0	22850,00	0,00	22850,00	11425,00	
GARLABAN	2	F	PUR SANG	1	1	0	22850,00	0,00	22850,00	22850,00	
ROUHI	2	M	PUR SANG	2	1	0	22850,00	0,00	22850,00	11425,00	
MONEEFA	2	F	PUR SANG	1	1	0	22850,00	0,00	22850,00	22850,00	
GRANDE BAIGNEUSE	3	F	PUR SANG	5	1	3	22849,00	0,00	22849,00	4569,80	430
HER CHRISTOPHER	5	H	PUR SANG	7	1	5	22844,00	10277,00	33121,00	3263,43	320
ZARWALYAH	3	F	PUR SANG	7	2	2	22800,00	17098,00	39898,00	3257,14	355
KEANU	4	M	PUR SANG	13	1	9	22794,00	10254,00	33048,00	1753,38	320
TIMBALLINA	6	F	PUR SANG	15	1	10	22779,00	0,00	22779,00	1518,60	260
KING ROBBE	9	H	PUR SANG	11	2	4	22768,00	10242,00	33010,00	2069,82	340
BOAVISTA	4	F	PUR SANG	13	1	9	22749,00	10233,00	32982,00	1749,92	265
KATON	2	M	PUR SANG	3	1	2	22742,00	17056,00	39798,00	7580,67	430
ELEGANZ	4	F	PUR SANG	4	0	4	22703,00	0,00	22703,00	5675,75	480
GOOD BOY	2	M	PUR SANG	8	2	5	22689,00	17016,00	39705,00	2836,13	350
MUST BE CRACKERS	3	H	PUR SANG	9	3	4	22684,00	17013,00	39697,00	2520,44	260
SECOND TO NONE	8	H	PUR SANG	11	1	8	22684,00	0,00	22684,00	2062,18	190
GOLDENPALM	3	H	PUR SANG	7	1	6	22683,00	17010,00	39693,00	3240,43	315
YAKFEEK	4	H	PUR SANG	7	1	4	22657,00	0,00	22657,00	3236,71	285
VALDERRAMA	3	F	PUR SANG	6	1	5	22622,00	16963,00	39585,00	3770,33	310
ZVALIKOVA	5	F	PUR SANG	9	2	5	22620,00	10176,00	32796,00	2513,33	325
WINDJANA	8	F	PUR SANG	15	2	9	22606,00	10166,00	32772,00	1507,07	265
VENDOMYA	4	F	PUR SANG	5	1	3	22555,00	10147,00	32702,00	4511,00	330
FLEUR DE SEL	6	F	PUR SANG	9	2	3	22550,00	9471,00	32021,00	2505,56	290
GREAT ART	6	H	PUR SANG	11	1	7	22536,00	10136,00	32672,00	2048,73	305
MAHIYA	4	F	PUR SANG	6	0	4	22505,00	10126,00	32631,00	3750,83	450
KHALINSKHA	3	F	PUR SANG	5	2	2	22500,00	16874,00	39374,00	4500,00	390
BOULDER	2	M	PUR SANG	5	1	3	22487,00	16863,00	39350,00	4497,40	400
FIRST LADY STAR	3	F	PUR SANG	12	1	8	22485,00	16859,00	39344,00	1873,75	260
MAGIC TUNIS	6	H	PUR SANG	8	1	6	22483,00	10114,00	32597,00	2810,38	260
ALHAMA RIVER	3	M	PUR SANG	5	2	2	22428,00	0,00	22428,00	4485,60	390
EMBIEZ	5	F	PUR SANG	5	2	3	22420,00	10087,00	32507,00	4484,00	305
INDIAN PACIFIC	10	H	PUR SANG	9	2	7	22413,00	10083,00	32496,00	2490,33	300
ARANYANI	3	F	PUR SANG	4	1	3	22406,00	0,00	22406,00	5601,50	365
AL RATEEL	3	F	PUR SANG	3	2	0	22400,00	0,00	22400,00	7466,67	420
SUCRE NABAT	2	F	PUR SANG	2	1	1	22384,00	0,00	22384,00	11192,00	
AUSTRALIAN ROMANCE	3	F	PUR SANG	10	0	9	22383,00	16783,00	39166,00	2238,30	280
ACARY	3	H	PUR SANG	6	1	4	22381,00	16785,00	39166,00	3730,17	395
SARASTRO	4	M	PUR SANG	6	1	2	22376,00	0,00	22376,00	3729,33	345
QUEMAZAL	3	M	PUR SANG	8	1	6	22374,00	16779,00	39153,00	2796,75	370
ALLURRE	7	F	PUR SANG	7	2	2	22363,00	10062,00	32425,00	3194,71	370
RIGEL BLUE	3	F	PUR SANG	6	1	3	22351,00	16762,00	39113,00	3725,17	350
SHALOHA	5	F	PUR SANG	11	1	5	22317,00	10039,00	32356,00	2028,82	335
NOCE DE RUBIS	4	F	PUR SANG	7	0	7	22303,00	10032,00	32335,00	3186,14	340
VAN BLUTCH	3	M	PUR SANG	6	0	6	22262,00	16696,00	38958,00	3710,33	410
SPIRIT GREY	6	H	PUR SANG	11	1	9	22258,00	10013,00	32271,00	2023,45	230
APPLEBLOSSOMWHITE	4	F	PUR SANG	8	2	5	22257,00	0,00	22257,00	2782,13	280
NEBUR	3	M	PUR SANG	8	1	5	22239,00	16676,00	38915,00	2779,88	385
STUDY OF CASE	3	M	PUR SANG	7	1	5	22176,00	16632,00	38808,00	3168,00	355
AIMANT	8	H	PUR SANG	9	2	3	22170,00	9975,00	32145,00	2463,33	460
BODY PHYSICAL	2	F	PUR SANG	10	1	8	22154,00	16614,00	38768,00	2215,40	315
ARIA FRESCA	2	F	PUR SANG	5	2	2	22084,00	0,00	22084,00	4416,80	355
TERRITOIRE	3	H	PUR SANG	11	1	7	22074,00	16553,00	38627,00	2006,73	330
QUINTE FLUSH AAS	2	M	PUR SANG	3	0	3	22042,00	0,00	22042,00	7347,33	380
VIVA LA SKIDS	3	F	PUR SANG	6	1	2	22023,00	16517,00	38540,00	3670,50	455
ZELZANA	3	F	PUR SANG	13	0	13	21986,00	16484,00	38470,00	1691,23	250
MANDANABA	4	F	PUR SANG	1	1	0	21950,00	9877,00	31827,00	21950,00	495
ROSENINSEL	3	F	PUR SANG	6	1	4	21938,00	16452,00	38390,00	3656,33	420
JOH SPIRIT	7	F	PUR SANG	10	1	5	21923,00	9862,00	31785,00	2192,30	380
MAINE	3	F	PUR SANG	5	1	3	21907,00	16429,00	38336,00	4381,40	390
AMITY	4	F	PUR SANG	13	2	4	21899,00	9852,00	31751,00	1684,54	275
SAMAGACE DU VIVIEN	12	H	PUR SANG	6	2	1	21898,00	9853,00	31751,00	3649,67	240
YAGGERA	3	F	PUR SANG	7	1	5	21898,00	16421,00	38319,00	3128,29	385
GLANWORTH	4	H	PUR SANG	10	1	5	21895,00	0,00	21895,00	2189,50	390
LIVRY	4	F	PUR SANG	4	2	1	21888,00	9849,00	31737,00	5472,00	355
QUIET KING	4	H	PUR SANG	5	0	4	21888,00	9846,00	31734,00	4377,60	420
LA DOLOISE	5	F	PUR SANG	6	2	1	21878,00	9844,00	31722,00	3646,33	290
DEUX PONTS	3	M	PUR SANG	7	1	4	21857,00	0,00	21857,00	3122,43	365
LEDESMA	3	H	PUR SANG	6	1	5	21822,00	16366,00	38188,00	3637,00	370
BALTA	3	H	PUR SANG	12	1	9	21816,00	16358,00	38174,00	1818,00	290
ZILYA	7	F	PUR SANG	9	2	4	21794,00	9805,00	31599,00	2421,56	365
GOLDEN BROWN	4	H	PUR SANG	12	2	5	21782,00	9800,00	31582,00	1815,17	290
MENACANT	3	H	PUR SANG	7	2	1	21772,00	16329,00	38101,00	3110,29	360
ENORA SENORA	5	F	PUR SANG	10	1	8	21758,00	9789,00	31547,00	2175,80	180
BEST LOOKING	5	F	PUR SANG	7	2	5	21751,00	9785,00	31536,00	3107,29	320
AGOUREIL	7	H	PUR SANG	13	2	8	21747,00	9782,00	31529,00	1672,85	250
SWEET DIANA	6	F	PUR SANG	6	2	2	21747,00	0,00	21747,00	3624,50	330
PAINTELLO	5	H	PUR SANG	4	1	1	21722,00	9774,00	31496,00	5430,50	365
GO JOHNNY GO GO GO	6	F	PUR SANG	13	1	10	21705,00	9763,00	31468,00	1669,62	210
TIBERIANA	4	F	PUR SANG	11	2	7	21701,00	9762,00	31463,00	1972,82	255
TAKE CHARGE STAR	3	M	PUR SANG	1	0	1	21698,00	0,00	21698,00	21698,00	500
EKTORIA	6	F	PUR SANG	11	2	6	21692,00	9758,00	31450,00	1972,00	280
LIBECCIO WIND	3	M	PUR SANG	4	0	4	21642,00	0,00	21642,00	5410,50	405
XARUN	9	H	PUR SANG	17	2	10	21534,00	9687,00	31221,00	1266,71	255
JESS LIVERMORE	5	H	PUR SANG	8	1	4	21520,00	9681,00	31201,00	2690,00	270
VIRIMOON ETOILE	8	F	PUR SANG	11	1	8	21495,00	9670,00	31165,00	1954,09	255
SELF SOLUTION	5	H	PUR SANG	5	2	2	21471,00	0,00	21471,00	4294,20	360
EUGENE SMITH	5	H	PUR SANG	6	3	3	21470,00	9661,00	31131,00	3578,33	705
SIJOUX	5	F	PUR SANG	10	1	7	21468,00	0,00	21468,00	2146,80	310
DERBYCAT	3	F	PUR SANG	6	1	5	21438,00	0,00	21438,00	3573,00	345
NEKKETSU	3	H	PUR SANG	3	1	2	21412,00	16057,00	37469,00	7137,33	390
KOYA	3	F	PUR SANG	8	1	7	21400,00	16049,00	37449,00	2675,00	355
EL CANEY	8	H	PUR SANG	17	1	7	21379,00	0,00	21379,00	1257,59	355
KRASKHOV	4	H	PUR SANG	7	0	5	21377,00	9617,00	30994,00	3053,86	385
GIORGIANA	6	F	PUR SANG	7	2	3	21361,00	9609,00	30970,00	3051,57	325
SIMPLY LOVELY	8	H	PUR SANG	8	1	2	21358,00	9610,00	30968,00	2669,75	355
BLACK ULTRA	4	M	PUR SANG	6	2	2	21311,00	9589,00	30900,00	3551,83	350
THARPE	5	H	PUR SANG	9	1	7	21307,00	9584,00	30891,00	2367,44	265
KNOSSINGTON	4	H	PUR SANG	9	2	3	21306,00	9586,00	30892,00	2367,33	285
SALALAH	5	F	PUR SANG	9	0	6	21300,00	9580,00	30880,00	2366,67	370
PLEASING	5	F	PUR SANG	4	2	2	21282,00	9576,00	30858,00	5320,50	315
RADIANT	3	F	PUR SANG	4	1	1	21245,00	15933,00	37178,00	5311,25	465
UPPERCUT	4	H	PUR SANG	14	2	7	21231,00	7750,00	28981,00	1516,50	295
ANODIAC	3	H	PUR SANG	7	2	3	21225,00	15918,00	37143,00	3032,14	330
LA ALMADIA	3	F	PUR SANG	16	2	8	21209,00	15903,00	37112,00	1325,56	265
ELUSIVE NELSON	8	F	PUR SANG	12	2	9	21205,00	9539,00	30744,00	1767,08	245
PORT SANTA PONSA	5	H	PUR SANG	10	2	5	21190,00	9533,00	30723,00	2119,00	250
JOHNNY DRIVE	3	H	PUR SANG	14	2	9	21187,00	15888,00	37075,00	1513,36	245
INMATE	4	H	PUR SANG	13	1	6	21161,00	0,00	21161,00	1627,77	230
GYMNAST	3	H	PUR SANG	6	2	2	21151,00	15863,00	37014,00	3525,17	350
IPSO FACTO	4	H	PUR SANG	10	1	7	21127,00	9502,00	30629,00	2112,70	310
AU DELA DES MERS	3	M	PUR SANG	7	1	5	21120,00	15840,00	36960,00	3017,14	350
KIRBY	5	H	PUR SANG	12	1	6	21109,00	9494,00	30603,00	1759,08	300
SOLIGNY	4	H	PUR SANG	4	2	0	21100,00	9494,00	30594,00	5275,00	345
AVIDE	4	H	PUR SANG	3	0	3	21100,00	9495,00	30595,00	7033,33	445
I AM MAELIA	3	F	PUR SANG	9	1	6	21088,00	15815,00	36903,00	2343,11	340
LEPARD	7	M	PUR SANG	12	2	6	21082,00	9484,00	30566,00	1756,83	305
ZINGARELLE	5	F	PUR SANG	6	1	5	21042,00	9464,00	30506,00	3507,00	310
MAINTAIN	3	F	PUR SANG	5	0	2	21040,00	0,00	21040,00	4208,00	460
BEWARE OF THE BEAR	3	M	PUR SANG	12	2	9	21037,00	0,00	21037,00	1753,08	290
ZAHYANA	6	F	PUR SANG	3	1	2	21024,00	9460,00	30484,00	7008,00	410
YOUM IN LOVE	9	H	PUR SANG	10	1	7	20995,00	9446,00	30441,00	2099,50	195
CATHERINE'S GIFT	4	F	PUR SANG	15	1	12	20987,00	7413,00	28400,00	1399,13	250
RABBAH	7	H	PUR SANG	16	1	11	20937,00	9419,00	30356,00	1308,56	240
RIVER DAVEN	7	F	PUR SANG	11	1	9	20924,00	9413,00	30337,00	1902,18	175
GOLDEN HIND	3	H	PUR SANG	9	1	5	20922,00	15689,00	36611,00	2324,67	340
FANZI CHOP	3	H	PUR SANG	9	2	4	20918,00	15687,00	36605,00	2324,22	340
MEDRONHO	2	M	PUR SANG	7	1	4	20906,00	15677,00	36583,00	2986,57	410
GYPSEA	2	F	PUR SANG	7	2	4	20901,00	15675,00	36576,00	2985,86	335
VANTA	3	F	PUR SANG	8	1	5	20895,00	15670,00	36565,00	2611,88	410
ROMAN FORUM	4	H	PUR SANG	5	1	3	20890,00	9399,00	30289,00	4178,00	395
RASHEED	3	M	PUR SANG	5	1	4	20880,00	15660,00	36540,00	4176,00	365
NAKED MEMORIES	4	H	PUR SANG	7	1	4	20877,00	9393,00	30270,00	2982,43	345
WAYBREAKER	3	H	PUR SANG	3	0	3	20815,00	15611,00	36426,00	6938,33	480
SUMACO	3	M	PUR SANG	5	1	4	20793,00	0,00	20793,00	4158,60	385
ALMAROMY	4	F	PUR SANG	11	1	7	20768,00	9342,00	30110,00	1888,00	350
SHOWPOWER	5	H	PUR SANG	6	2	4	20762,00	0,00	20762,00	3460,33	350
FAVORY CHOP	5	H	PUR SANG	6	1	2	20753,00	9337,00	30090,00	3458,83	305
LA CRACK PRECIEUSE	5	F	PUR SANG	12	2	6	20751,00	9335,00	30086,00	1729,25	195
CAMBREMER	4	F	PUR SANG	6	1	3	20751,00	9336,00	30087,00	3458,50	350
UTHRED	4	H	PUR SANG	3	0	2	20730,00	9327,00	30057,00	6910,00	495
SPOTTED TAIL	3	F	PUR SANG	5	2	2	20722,00	15541,00	36263,00	4144,40	340
HOT AND BEAUTY	4	F	PUR SANG	12	1	7	20661,00	9294,00	29955,00	1721,75	285
FORCE TRANQUILLE	7	F	PUR SANG	15	1	11	20648,00	9288,00	29936,00	1376,53	245
AURORA BEAU REAL	3	F	PUR SANG	4	1	3	20646,00	0,00	20646,00	5161,50	400
HALL OF FAME	4	H	PUR SANG	15	1	8	20642,00	9285,00	29927,00	1376,13	270
CHIRICCO	5	H	PUR SANG	8	1	4	20618,00	9276,00	29894,00	2577,25	380
DRUIDE	6	H	PUR SANG	15	0	14	20606,00	9266,00	29872,00	1373,73	290
OUREA	4	F	PUR SANG	7	5	2	20560,00	9252,00	29812,00	2937,14	650
MOONLABEL	3	F	PUR SANG	6	1	3	20525,00	15392,00	35917,00	3420,83	430
DULINI	5	F	PUR SANG	9	1	6	20522,00	0,00	20522,00	2280,22	345
GAILLARD	6	H	PUR SANG	11	1	7	20520,00	9230,00	29750,00	1865,45	335
WATHAB	5	H	PUR SANG	13	3	4	20518,00	9232,00	29750,00	1578,31	245
ANDEOL	3	M	PUR SANG	6	1	2	20516,00	15387,00	35903,00	3419,33	375
JUST IN TIME GAME	7	M	PUR SANG	13	2	3	20510,00	9227,00	29737,00	1577,69	320
IT'S PISTACHIO	3	H	PUR SANG	5	2	2	20499,00	15373,00	35872,00	4099,80	375
OCEAN STAR	3	H	PUR SANG	13	0	10	20496,00	15369,00	35865,00	1576,62	315
ATLANTIC WAYS	5	F	PUR SANG	7	1	6	20487,00	9217,00	29704,00	2926,71	290
IMMATIN STORM	2	F	PUR SANG	6	0	5	20474,00	10480,00	30954,00	3412,33	360
THE MAGIC MAN	9	H	PUR SANG	11	2	7	20464,00	7519,00	27983,00	1860,36	215
FUNTANO	6	H	PUR SANG	9	2	4	20454,00	9202,00	29656,00	2272,67	240
POLO BABY	4	H	PUR SANG	12	1	6	20446,00	9197,00	29643,00	1703,83	185
JUBBAH	5	F	PUR SANG	12	3	5	20419,00	7612,00	28031,00	1701,58	220
PISORNO	8	H	PUR SANG	11	2	7	20394,00	9174,00	29568,00	1854,00	240
KOMET CHOP	3	M	PUR SANG	7	1	3	20386,00	15289,00	35675,00	2912,29	375
I LIKED IT	3	H	PUR SANG	10	2	3	20375,00	15280,00	35655,00	2037,50	290
FERNANDO	6	H	PUR SANG	12	2	6	20370,00	9165,00	29535,00	1697,50	220
HAZA	4	H	PUR SANG	9	1	6	20369,00	9164,00	29533,00	2263,22	370
ALLEZ FRERES	3	H	PUR SANG	8	1	7	20367,00	15272,00	35639,00	2545,88	340
ELAUNEIL	6	F	PUR SANG	13	3	7	20358,00	8482,00	28840,00	1566,00	250
TREATWOOD	6	H	PUR SANG	8	2	2	20340,00	9151,00	29491,00	2542,50	340
DICANTO	2	M	PUR SANG	10	1	7	20322,00	15240,00	35562,00	2032,20	335
LUNALA	6	F	PUR SANG	18	1	10	20269,00	9116,00	29385,00	1126,06	240
ZASTER FOR ALL	8	F	PUR SANG	8	2	3	20248,00	9111,00	29359,00	2531,00	205
RUE POUSSIN	4	F	PUR SANG	9	1	3	20247,00	9108,00	29355,00	2249,67	290
MORPHEWAN	6	M	PUR SANG	8	1	5	20237,00	9104,00	29341,00	2529,63	405
APPEN	2	F	PUR SANG	8	1	6	20229,00	15170,00	35399,00	2528,63	330
MARTIAL ART	7	H	PUR SANG	6	1	2	20203,00	9089,00	29292,00	3367,17	290
MAROONED	4	F	PUR SANG	5	1	3	20202,00	9090,00	29292,00	4040,40	370
LOUIS D'ALICE	5	H	PUR SANG	5	3	1	20182,00	7393,00	27575,00	4036,40	310
VERY PRETTY	3	F	PUR SANG	8	0	7	20180,00	15132,00	35312,00	2522,50	360
PALAIS BYZANTIN	2	M	PUR SANG	4	0	4	20176,00	15130,00	35306,00	5044,00	415
CONSPIRATOR	3	M	PUR SANG	6	1	3	20164,00	15122,00	35286,00	3360,67	360
MANDEGA	6	H	PUR SANG	8	2	5	20160,00	9069,00	29229,00	2520,00	290
LOYAL PRINCE	5	M	PUR SANG	13	1	6	20150,00	9064,00	29214,00	1550,00	200
DOUBLE EFFECT	6	F	PUR SANG	7	1	4	20130,00	9056,00	29186,00	2875,71	275
KOZLOVSKHA	3	F	PUR SANG	6	0	2	20120,00	15090,00	35210,00	3353,33	420
CITY QUEEN	3	F	PUR SANG	3	0	3	20120,00	0,00	20120,00	6706,67	440
BLACK MOR	3	H	PUR SANG	2	2	0	20100,00	15074,00	35174,00	10050,00	
RUSH TO WAIT	3	F	PUR SANG	6	2	2	20088,00	15066,00	35154,00	3348,00	340
PAIUTE	3	F	PUR SANG	4	1	3	20083,00	0,00	20083,00	5020,75	370
QUALIAND	6	H	PUR SANG	6	2	3	20042,00	9017,00	29059,00	3340,33	335
ZAHARA	3	F	PUR SANG	6	1	2	20018,00	15013,00	35031,00	3336,33	370
DEFINING	3	H	PUR SANG	4	1	3	20009,00	15005,00	35014,00	5002,25	415
KAVAKNEY	10	M	PUR SANG	11	1	7	20008,00	0,00	20008,00	1818,91	170
TURBULENTE	3	F	PUR SANG	5	1	3	20005,00	15003,00	35008,00	4001,00	410
SAN MARCO	3	H	PUR SANG	4	2	2	19990,00	0,00	19990,00	4997,50	380
MAN'S BEST FRIEND	2	M	PUR SANG	1	0	1	19985,00	0,00	19985,00	19985,00	480
ANDARTIS	5	H	PUR SANG	8	2	2	19984,00	0,00	19984,00	2498,00	330
TREASURE KEEPER	8	M	PUR SANG	9	1	4	19972,00	8985,00	28957,00	2219,11	330
DISTURBED	5	H	PUR SANG	5	1	3	19950,00	8975,00	28925,00	3990,00	360
HELLO VEGA	3	F	PUR SANG	10	2	3	19945,00	14956,00	34901,00	1994,50	305
CHANSON DOUCE	2	F	PUR SANG	5	2	1	19940,00	14954,00	34894,00	3988,00	410
ETERNITYS GREY	4	F	PUR SANG	6	1	3	19920,00	8962,00	28882,00	3320,00	325
PIYANGO	3	H	PUR SANG	9	0	8	19919,00	14936,00	34855,00	2213,22	325
BIG BOOTS	10	H	PUR SANG	11	1	5	19897,00	0,00	19897,00	1808,82	195
LEIA ORGANA	3	F	PUR SANG	9	0	9	19885,00	14912,00	34797,00	2209,44	320
MANNE	9	F	PUR SANG	9	1	7	19883,00	8943,00	28826,00	2209,22	275
RENELLE	3	F	PUR SANG	4	1	3	19882,00	0,00	19882,00	4970,50	365
MIRAGE BLOU	4	M	PUR SANG	10	3	5	19862,00	6855,00	26717,00	1986,20	260
VESINABA	10	H	PUR SANG	12	1	7	19859,00	8933,00	28792,00	1654,92	180
HARICOT	4	M	PUR SANG	3	2	1	19838,00	8927,00	28765,00	6612,67	400
EAST GREY	4	F	PUR SANG	4	2	1	19836,00	8926,00	28762,00	4959,00	365
EQUULEUS	3	H	PUR SANG	5	1	3	19836,00	14876,00	34712,00	3967,20	370
THE LAST FOAL	4	H	PUR SANG	6	2	3	19828,00	8920,00	28748,00	3304,67	280
BE MY FRIEND	2	M	PUR SANG	3	1	2	19826,00	14869,00	34695,00	6608,67	440
WONDER BOY	11	H	PUR SANG	6	1	5	19800,00	8908,00	28708,00	3300,00	320
MEMORY	3	H	PUR SANG	6	1	4	19789,00	14839,00	34628,00	3298,17	365
WALIBI CHOP	4	M	PUR SANG	9	2	6	19780,00	8901,00	28681,00	2197,78	670
DALIASIR	3	H	PUR SANG	4	1	3	19741,00	0,00	19741,00	4935,25	410
LE TYCOON	4	H	PUR SANG	7	1	5	19724,00	8873,00	28597,00	2817,71	275
STARZO FAL	5	M	PUR SANG	10	1	7	19723,00	8874,00	28597,00	1972,30	660
SAYVILLE	3	M	PUR SANG	6	1	5	19719,00	14787,00	34506,00	3286,50	370
AVEC DES SI	3	F	PUR SANG	14	1	7	19715,00	14784,00	34499,00	1408,21	275
BOGLIASCO	3	M	PUR SANG	5	1	3	19714,00	14785,00	34499,00	3942,80	365
ALBERTINELLI	7	H	PUR SANG	6	1	4	19668,00	8848,00	28516,00	3278,00	260
TASTEFUL	3	F	PUR SANG	6	1	4	19668,00	14751,00	34419,00	3278,00	360
BRIGHT LIGHT	3	M	PUR SANG	2	1	1	19660,00	7545,00	27205,00	9830,00	515
RISING WATER	3	F	PUR SANG	6	1	5	19653,00	14738,00	34391,00	3275,50	340
MYKISS	9	H	PUR SANG	8	1	4	19636,00	8833,00	28469,00	2454,50	325
DIVO	3	H	PUR SANG	8	1	4	19627,00	14719,00	34346,00	2453,38	330
QUIET WIFE	4	F	PUR SANG	12	1	8	19614,00	8823,00	28437,00	1634,50	320
ALMIRO	6	H	PUR SANG	11	0	6	19577,00	8807,00	28384,00	1779,73	370
KENZAL	8	H	PUR SANG	12	1	8	19573,00	8803,00	28376,00	1631,08	305
SIR CRATER	4	M	PUR SANG	7	2	1	19572,00	8807,00	28379,00	2796,00	345
MY GIRL MOLLY	3	F	PUR SANG	9	1	7	19564,00	14672,00	34236,00	2173,78	295
TOP TOWN TELL TALE	4	M	PUR SANG	8	1	5	19560,00	8799,00	28359,00	2445,00	350
NO TIME	6	F	PUR SANG	9	2	2	19555,00	8799,00	28354,00	2172,78	290
SONO IO	3	H	PUR SANG	9	1	5	19533,00	14648,00	34181,00	2170,33	355
MAGNETIQUE	11	H	PUR SANG	12	1	4	19532,00	0,00	19532,00	1627,67	175
WOODCHUCK	6	H	PUR SANG	2	0	2	19512,00	8780,00	28292,00	9756,00	510
NEVER LOST	3	F	PUR SANG	10	1	8	19510,00	14629,00	34139,00	1951,00	285
COOLMEEN ROYAL	7	H	PUR SANG	12	1	5	19503,00	8774,00	28277,00	1625,25	260
IMPITOYABLE	7	H	PUR SANG	13	1	8	19493,00	8768,00	28261,00	1499,46	290
NOVA LUXOR	3	H	PUR SANG	5	1	4	19485,00	14612,00	34097,00	3897,00	400
MARKOS	3	H	PUR SANG	8	3	4	19484,00	14611,00	34095,00	2435,50	300
IMPERIOR	3	M	PUR SANG	6	1	2	19480,00	14609,00	34089,00	3246,67	445
HEROISTE	3	F	PUR SANG	4	1	1	19476,00	14606,00	34082,00	4869,00	385
EXPERTISE	6	F	PUR SANG	11	1	6	19475,00	8762,00	28237,00	1770,45	285
RENOUVEAU	2	F	PUR SANG	5	0	5	19472,00	14602,00	34074,00	3894,40	360
I AM STILL STANDING	3	F	PUR SANG	9	1	5	19461,00	14593,00	34054,00	2162,33	295
ONE REPUBLIK	3	F	PUR SANG	13	3	10	19460,00	14594,00	34054,00	1496,92	640
CAVANI KAIZEN	8	H	PUR SANG	6	2	3	19451,00	8752,00	28203,00	3241,83	295
KELLY KEY	6	F	PUR SANG	16	1	10	19440,00	8742,00	28182,00	1215,00	250
LIARMA	3	F	PUR SANG	3	1	2	19438,00	0,00	19438,00	6479,33	400
PURPLE MOOD	5	H	PUR SANG	13	1	6	19437,00	8744,00	28181,00	1495,15	260
SEVENDAY	5	H	PUR SANG	14	1	9	19433,00	8740,00	28173,00	1388,07	320
LA PELEMOISE	7	F	PUR SANG	8	2	4	19427,00	8740,00	28167,00	2428,38	295
ELIMAN	4	H	PUR SANG	3	1	2	19402,00	8729,00	28131,00	6467,33	395
CARTAAM	4	H	PUR SANG	7	1	4	19383,00	8720,00	28103,00	2769,00	270
ETERNEL	6	H	PUR SANG	14	1	9	19361,00	8707,00	28068,00	1382,93	305
PAOLINO	4	H	PUR SANG	7	1	2	19358,00	8710,00	28068,00	2765,43	365
MALICIA	4	F	PUR SANG	8	2	3	19339,00	8701,00	28040,00	2417,38	255
SAINT LAURENT	3	H	PUR SANG	10	1	7	19332,00	14498,00	33830,00	1933,20	290
EKLLEEL	3	F	PUR SANG	4	1	2	19324,00	0,00	19324,00	4831,00	430
BURATTINA	8	F	PUR SANG	10	2	3	19323,00	0,00	19323,00	1932,30	275
NO LIMIT DREAM	6	H	PUR SANG	12	0	6	19315,00	8688,00	28003,00	1609,58	360
BLUE OCEAN DREAM	5	H	PUR SANG	11	1	7	19313,00	0,00	19313,00	1755,73	275
VENEZIA QUEEN	2	F	PUR SANG	3	1	2	19298,00	14473,00	33771,00	6432,67	395
BALAKOVNA	6	F	PUR SANG	9	1	6	19275,00	8670,00	27945,00	2141,67	315
LAMIYA	3	F	PUR SANG	7	1	4	19266,00	14449,00	33715,00	2752,29	340
SOLEIL SUISSE	3	F	PUR SANG	9	1	5	19252,00	10687,00	29939,00	2139,11	330
MOOREA	4	F	PUR SANG	9	1	8	19235,00	8652,00	27887,00	2137,22	295
NARGIZ	4	F	PUR SANG	5	2	1	19231,00	8652,00	27883,00	3846,20	350
DENNIS THE MENACE	3	H	PUR SANG	7	0	6	19230,00	14420,00	33650,00	2747,14	365
YOHIO	3	M	PUR SANG	9	1	8	19226,00	9919,00	29145,00	2136,22	315
WINDAY	3	H	PUR SANG	1	0	1	19215,00	14411,00	33626,00	19215,00	440
FEELGOOD	3	F	PUR SANG	2	2	0	19200,00	14400,00	33600,00	9600,00	390
NEVER COME BACK	10	H	PUR SANG	6	2	4	19167,00	8622,00	27789,00	3194,50	265
CHILL Y FLAMA	3	F	PUR SANG	7	1	3	19166,00	0,00	19166,00	2738,00	385
GOLDFIELD	5	H	PUR SANG	9	2	1	19164,00	8623,00	27787,00	2129,33	310
VALTRADA	3	F	PUR SANG	8	1	7	19162,00	14371,00	33533,00	2395,25	340
SHABAZI	2	F	PUR SANG	4	2	2	19141,00	14355,00	33496,00	4785,25	385
LADY OSPREY	2	F	PUR SANG	8	1	7	19133,00	14348,00	33481,00	2391,63	335
AMETIS CHOPE	2	F	PUR SANG	4	1	3	19101,00	14323,00	33424,00	4775,25	385
IDEE DE CHEVAL	6	H	PUR SANG	12	1	5	19096,00	8590,00	27686,00	1591,33	280
LAMEGO	2	H	PUR SANG	8	1	6	19087,00	0,00	19087,00	2385,88	335
EPHESUS	4	H	PUR SANG	3	1	2	19080,00	8584,00	27664,00	6360,00	425
MISTER JULES	5	H	PUR SANG	10	1	7	19074,00	8580,00	27654,00	1907,40	270
SWIFT FLIGHT	8	H	PUR SANG	9	1	5	19061,00	8575,00	27636,00	2117,89	320
SELENITE	3	F	PUR SANG	7	1	5	19027,00	14269,00	33296,00	2718,14	360
VIKTHOR	4	H	PUR SANG	8	2	4	19002,00	8549,00	27551,00	2375,25	250
PEARL SPIRIT	4	F	PUR SANG	12	0	11	18990,00	8538,00	27528,00	1582,50	265
KOLPLET	6	H	PUR SANG	10	2	1	18978,00	8539,00	27517,00	1897,80	260
POSSENHOFEN	3	H	PUR SANG	8	1	7	18970,00	14226,00	33196,00	2371,25	345
ALGECIRAS	7	F	PUR SANG	17	1	11	18966,00	8530,00	27496,00	1115,65	225
READY KING	5	H	PUR SANG	12	2	6	18948,00	8523,00	27471,00	1579,00	275
WATCH HIM	8	M	PUR SANG	6	0	4	18947,00	8523,00	27470,00	3157,83	400
ASPRILA	3	F	PUR SANG	11	1	7	18933,00	0,00	18933,00	1721,18	240
TWO TWO TWO	6	F	PUR SANG	13	1	10	18930,00	8514,00	27444,00	1456,15	175
DAHARIZ	4	H	PUR SANG	15	1	10	18927,00	8515,00	27442,00	1261,80	240
CHAI D'OEUVRE	5	H	PUR SANG	9	1	5	18912,00	8508,00	27420,00	2101,33	355
SULEYMAN	6	H	PUR SANG	9	1	4	18907,00	8505,00	27412,00	2100,78	295
ROSZAL	2	M	PUR SANG	2	1	1	18906,00	14179,00	33085,00	9453,00	
AL HAMAAD	2	M	PUR SANG	2	1	1	18906,00	14179,00	33085,00	9453,00	
MICKAEL D'OO	3	H	PUR SANG	6	1	5	18898,00	14172,00	33070,00	3149,67	330
SAFRAN DORE	3	H	PUR SANG	4	1	3	18895,00	14170,00	33065,00	4723,75	400
HARRISON POINT	9	H	PUR SANG	12	1	7	18865,00	8486,00	27351,00	1572,08	275
NEPALAIS	8	H	PUR SANG	11	0	9	18859,00	8483,00	27342,00	1714,45	330
EXHIT	7	H	PUR SANG	5	2	3	18848,00	8479,00	27327,00	3769,60	290
KISS ME CHOP	4	H	PUR SANG	13	2	11	18840,00	8478,00	27318,00	1449,23	630
HOLSTOMER	3	H	PUR SANG	4	1	3	18838,00	14127,00	32965,00	4709,50	390
POKROV	4	H	PUR SANG	15	0	9	18830,00	8470,00	27300,00	1255,33	225
BAKHCHISARAY	8	H	PUR SANG	8	3	3	18820,00	8467,00	27287,00	2352,50	250
MAIZIERES	5	F	PUR SANG	11	1	6	18812,00	8462,00	27274,00	1710,18	295
ATALAYA	3	F	PUR SANG	16	1	12	18812,00	14108,00	32920,00	1175,75	260
NOBLE D'ARGENT	3	H	PUR SANG	4	1	1	18806,00	14104,00	32910,00	4701,50	405
WILD WEST	6	M	PUR SANG	12	1	7	18797,00	8275,00	27072,00	1566,42	315
OLAF THE BIG ONE	7	H	PUR SANG	14	2	4	18794,00	8456,00	27250,00	1342,43	210
SINGEL MALT	9	H	PUR SANG	10	1	7	18780,00	8449,00	27229,00	1878,00	220
OUARDA	2	F	PUR SANG	2	1	1	18748,00	14060,00	32808,00	9374,00	
MISTER POWER	6	H	PUR SANG	13	1	8	18732,00	8425,00	27157,00	1440,92	245
LADY MARA	3	F	PUR SANG	2	1	1	18730,00	14047,00	32777,00	9365,00	420
ASTRA DREAM	5	F	PUR SANG	11	1	8	18721,00	8422,00	27143,00	1701,91	230
JAMINUS	2	M	PUR SANG	13	0	10	18720,00	0,00	18720,00	1440,00	315
MAGDA	3	M	PUR SANG	8	1	5	18718,00	14036,00	32754,00	2339,75	345
SHIBUYA	2	F	PUR SANG	4	1	2	18690,00	14017,00	32707,00	4672,50	380
ADICTA	3	F	PUR SANG	4	1	3	18682,00	14011,00	32693,00	4670,50	340
KING MOTIF	8	H	PUR SANG	9	2	5	18666,00	6597,00	25263,00	2074,00	295
HOWABOUTHATNOW	4	H	PUR SANG	12	2	5	18656,00	8392,00	27048,00	1554,67	280
BLANQUETTE	3	F	PUR SANG	11	1	7	18653,00	13987,00	32640,00	1695,73	305
REMAMA	6	F	PUR SANG	5	1	3	18647,00	8389,00	27036,00	3729,40	295
DRACO	5	H	PUR SANG	14	1	8	18640,00	8385,00	27025,00	1331,43	250
ARGYRON	10	H	PUR SANG	13	1	8	18639,00	8385,00	27024,00	1433,77	245
BELLA MEMORIA	4	F	PUR SANG	8	1	2	18635,00	8384,00	27019,00	2329,38	335
MAPLE GIRL	7	F	PUR SANG	10	2	4	18620,00	8376,00	26996,00	1862,00	215
MISSION SECRETE	5	F	PUR SANG	6	2	2	18600,00	8368,00	26968,00	3100,00	320
GAIDAR	7	H	PUR SANG	10	2	4	18599,00	0,00	18599,00	1859,90	315
LIGHT L'AUDRIELLE	3	M	PUR SANG	3	1	2	18588,00	13939,00	32527,00	6196,00	375
PLAY THE GAME	3	F	PUR SANG	12	1	8	18587,00	13938,00	32525,00	1548,92	270
CAPITANO	6	H	PUR SANG	3	1	2	18568,00	8355,00	26923,00	6189,33	370
AMICO PIETRO	3	H	PUR SANG	9	1	6	18556,00	13916,00	32472,00	2061,78	270
NEYSHAPUR	4	F	PUR SANG	12	1	7	18552,00	8346,00	26898,00	1546,00	270
BELCHA	10	H	PUR SANG	11	3	7	18546,00	8342,00	26888,00	1686,00	205
LA CARMEN	2	F	PUR SANG	3	1	2	18538,00	13900,00	32438,00	6179,33	385
LIGHTNING RAID	4	M	PUR SANG	7	1	4	18536,00	0,00	18536,00	2648,00	305
MONTSECRET	3	H	PUR SANG	3	0	3	18525,00	13893,00	32418,00	6175,00	460
AFFECTION	3	F	PUR SANG	4	2	2	18523,00	13891,00	32414,00	4630,75	375
EPIFAGNA	2	F	PUR SANG	4	1	3	18473,00	13853,00	32326,00	4618,25	405
LIMPIDE	3	F	PUR SANG	5	1	4	18469,00	13850,00	32319,00	3693,80	375
PLUMBAGO	6	H	PUR SANG	8	1	6	18466,00	8306,00	26772,00	2308,25	270
MUNCH	2	H	PUR SANG	2	0	2	18466,00	1849,00	20315,00	9233,00	
WANAKA	2	M	PUR SANG	4	1	3	18450,00	13835,00	32285,00	4612,50	380
LIGHTIANA	3	F	PUR SANG	12	3	8	18446,00	13832,00	32278,00	1537,17	250
MACKAYA	3	F	PUR SANG	6	1	3	18438,00	13826,00	32264,00	3073,00	370
GOUTTES DE DIEU	3	H	PUR SANG	8	1	3	18434,00	13825,00	32259,00	2304,25	335
SALITOS	3	M	PUR SANG	2	1	1	18430,00	0,00	18430,00	9215,00	400
DOLLAR DES BOIS	3	H	PUR SANG	7	1	5	18424,00	13816,00	32240,00	2632,00	335
ULTRASOUND	7	H	PUR SANG	10	1	7	18407,00	8282,00	26689,00	1840,70	195
SPIRITO	3	H	PUR SANG	8	1	5	18401,00	13223,00	31624,00	2300,13	370
VOTRE AMI	3	H	PUR SANG	5	1	4	18394,00	10793,00	29187,00	3678,80	290
SONATINE	3	F	PUR SANG	5	1	2	18390,00	13792,00	32182,00	3678,00	425
RENAD	3	F	PUR SANG	5	1	3	18386,00	0,00	18386,00	3677,20	335
MAAVAH	9	F	PUR SANG	10	1	6	18363,00	8259,00	26622,00	1836,30	290
SECRET FEELING	7	F	PUR SANG	11	2	5	18344,00	8253,00	26597,00	1667,64	235
RAFAGA	2	F	PUR SANG	4	1	2	18336,00	13751,00	32087,00	4584,00	365
BALAGAN	7	F	PUR SANG	8	2	4	18335,00	8249,00	26584,00	2291,88	255
BONNY GLITTERS	7	F	PUR SANG	3	2	1	18326,00	8246,00	26572,00	6108,67	365
SI CAPO SI	5	H	PUR SANG	12	1	7	18323,00	8242,00	26565,00	1526,92	235
LEOPARDUCCIO	6	H	PUR SANG	12	1	3	18321,00	8243,00	26564,00	1526,75	325
STREET SHOW	3	H	PUR SANG	5	0	3	18316,00	13737,00	32053,00	3663,20	460
POET'S LYRICS	3	F	PUR SANG	6	1	4	18312,00	13734,00	32046,00	3052,00	370
BOUSSANT	4	H	PUR SANG	8	1	6	18307,00	8236,00	26543,00	2288,38	280
CAMPACITE	3	M	PUR SANG	4	0	2	18300,00	13725,00	32025,00	4575,00	490
SERIE	6	F	PUR SANG	2	1	1	18285,00	8227,00	26512,00	9142,50	430
ONKEL VOLLI	8	H	PUR SANG	7	1	4	18284,00	0,00	18284,00	2612,00	365
FIRST ONE	5	H	PUR SANG	4	2	1	18282,00	8226,00	26508,00	4570,50	265
SARDINIAN RULER	3	M	PUR SANG	5	1	3	18279,00	13708,00	31987,00	3655,80	340
AZIMUTS	4	H	PUR SANG	5	2	3	18275,00	8221,00	26496,00	3655,00	345
BEAUTIFUL MEMORY	6	F	PUR SANG	11	1	4	18236,00	8204,00	26440,00	1657,82	290
LITTLE LADY	4	F	PUR SANG	9	2	4	18233,00	8203,00	26436,00	2025,89	290
ASTREA	3	F	PUR SANG	12	1	8	18218,00	13662,00	31880,00	1518,17	315
AMORE MIA	4	F	PUR SANG	13	1	6	18216,00	8194,00	26410,00	1401,23	235
GOYA SENORA	10	H	PUR SANG	5	0	4	18209,00	8193,00	26402,00	3641,80	465
IF NOT NOW	6	H	PUR SANG	2	1	1	18204,00	0,00	18204,00	9102,00	
PIC DU MIDI	5	H	PUR SANG	5	2	0	18200,00	8190,00	26390,00	3640,00	290
WINDBURN	5	F	PUR SANG	6	1	4	18173,00	8177,00	26350,00	3028,83	300
WAITARA	6	F	PUR SANG	10	1	7	18169,00	8171,00	26340,00	1816,90	310
ZENADIA	3	F	PUR SANG	7	1	3	18158,00	13617,00	31775,00	2594,00	345
AVANT NOUS	4	F	PUR SANG	8	0	6	18158,00	8167,00	26325,00	2269,75	335
WATERFALL BLUES	3	M	PUR SANG	5	1	3	18154,00	13614,00	31768,00	3630,80	330
GRIS DE PERLES	6	H	PUR SANG	11	2	4	18132,00	8157,00	26289,00	1648,36	285
ALL IN PINK	3	M	PUR SANG	12	0	10	18124,00	13590,00	31714,00	1510,33	300
ABRONZAL	3	H	PUR SANG	11	0	10	18114,00	12832,00	30946,00	1646,73	270
LEMPIRA	6	H	PUR SANG	17	2	7	18107,00	8145,00	26252,00	1065,12	245
ARISTOS	4	H	PUR SANG	7	1	4	18106,00	8147,00	26253,00	2586,57	250
NOOTKA BAY	5	H	PUR SANG	12	0	9	18078,00	8132,00	26210,00	1506,50	290
YACHT SHOW	4	H	PUR SANG	11	1	8	18063,00	8123,00	26186,00	1642,09	280
ANDOUINS	5	H	PUR SANG	6	1	3	18056,00	8124,00	26180,00	3009,33	295
JIVEDA	3	F	PUR SANG	11	1	7	18038,00	13528,00	31566,00	1639,82	290
HAPPY LADY	4	F	PUR SANG	8	0	7	18037,00	8111,00	26148,00	2254,63	300
MENNULA	3	F	PUR SANG	5	1	2	18032,00	13522,00	31554,00	3606,40	380
MAKAN	3	H	PUR SANG	5	1	4	18024,00	13517,00	31541,00	3604,80	370
BEDDA VITA	3	F	PUR SANG	5	3	1	18018,00	0,00	18018,00	3603,60	320
PUPPET	3	F	PUR SANG	5	1	4	18018,00	13513,00	31531,00	3603,60	320
YELLOW HAWK	4	H	PUR SANG	10	2	5	18015,00	8103,00	26118,00	1801,50	290
DIXMUDE	4	H	PUR SANG	4	1	2	18007,00	8101,00	26108,00	4501,75	385
POCA GEN	7	H	PUR SANG	8	1	4	18001,00	8098,00	26099,00	2250,13	395
DREAM IN NORMANDY	10	H	PUR SANG	8	1	5	17998,00	8098,00	26096,00	2249,75	180
I'M A BELIEVER	6	H	PUR SANG	10	1	2	17988,00	8093,00	26081,00	1798,80	310
LILAS TREZY	4	F	PUR SANG	10	1	2	17982,00	8091,00	26073,00	1798,20	270
ANNABEL'S GHOST	5	H	PUR SANG	5	1	2	17977,00	0,00	17977,00	3595,40	400
ORANGETTE	2	F	PUR SANG	7	1	5	17969,00	13475,00	31444,00	2567,00	365
GIN GEMBRE	9	H	PUR SANG	14	0	10	17968,00	8081,00	26049,00	1283,43	150
MAPAQUITA	3	F	PUR SANG	6	2	2	17936,00	6252,00	24188,00	2989,33	370
TOOCOOLFORSCHOOL	7	F	PUR SANG	14	1	9	17925,00	8063,00	25988,00	1280,36	220
CHEERIO	3	H	PUR SANG	3	2	1	17914,00	13435,00	31349,00	5971,33	405
FORZA SEDACA	9	H	PUR SANG	7	1	6	17897,00	8050,00	25947,00	2556,71	310
TIMBER LIGHT	5	H	PUR SANG	11	2	7	17892,00	6249,00	24141,00	1626,55	300
BLANC CARAT	3	H	PUR SANG	5	1	2	17888,00	13415,00	31303,00	3577,60	370
ELUSIVE FOOT	9	H	PUR SANG	4	1	2	17873,00	8041,00	25914,00	4468,25	345
NEAR FLY	3	H	PUR SANG	10	1	4	17855,00	13391,00	31246,00	1785,50	290
D DAY MAN	7	H	PUR SANG	11	1	4	17829,00	8021,00	25850,00	1620,82	235
L'ABBAYE	3	F	PUR SANG	9	1	6	17816,00	13360,00	31176,00	1979,56	330
INVENTER	3	H	PUR SANG	8	1	6	17808,00	13356,00	31164,00	2226,00	330
GOT FLOWER	4	F	PUR SANG	14	0	7	17798,00	8006,00	25804,00	1271,29	265
ERALA	2	F	PUR SANG	4	1	3	17796,00	13346,00	31142,00	4449,00	390
PHOENIX BAY	2	F	PUR SANG	4	1	3	17796,00	0,00	17796,00	4449,00	370
BLANCHE DE MEDICIS	3	F	PUR SANG	4	0	4	17795,00	13346,00	31141,00	4448,75	460
DALKOLA	3	F	PUR SANG	3	2	1	17788,00	0,00	17788,00	5929,33	380
NEBULAE	3	F	PUR SANG	6	1	3	17787,00	13338,00	31125,00	2964,50	350
SWISS MONEY	6	H	PUR SANG	7	1	6	17786,00	8001,00	25787,00	2540,86	340
AUTOROUTE	3	F	PUR SANG	8	1	5	17772,00	9579,00	27351,00	2221,50	310
MA MOME	5	F	PUR SANG	9	1	4	17764,00	7990,00	25754,00	1973,78	295
AKSAKOVA	3	F	PUR SANG	9	1	5	17763,00	13321,00	31084,00	1973,67	295
DIRE LA VERITE	6	H	PUR SANG	10	1	7	17744,00	7981,00	25725,00	1774,40	275
ALPHA SPIRIT	6	H	PUR SANG	10	2	4	17738,00	7981,00	25719,00	1773,80	235
SARMAD	2	M	PUR SANG	4	1	3	17738,00	13303,00	31041,00	4434,50	380
OBLINSKHA	2	F	PUR SANG	4	2	2	17734,00	13299,00	31033,00	4433,50	360
BOSQUET	5	H	PUR SANG	12	1	7	17718,00	7971,00	25689,00	1476,50	210
MAIA STAR	5	F	PUR SANG	5	0	3	17711,00	7968,00	25679,00	3542,20	380
CLAVIS AUREA	4	F	PUR SANG	4	1	2	17710,00	7969,00	25679,00	4427,50	370
ARTISTIC MAN	4	M	PUR SANG	4	1	1	17706,00	7967,00	25673,00	4426,50	345
HAUSSEZ	7	H	PUR SANG	7	2	3	17672,00	7950,00	25622,00	2524,57	350
YO SOY	3	H	PUR SANG	5	1	3	17664,00	13248,00	30912,00	3532,80	355
MISS HENGE	3	F	PUR SANG	8	2	4	17638,00	9365,00	27003,00	2204,75	280
LA MARITZA	3	F	PUR SANG	9	1	5	17633,00	13222,00	30855,00	1959,22	290
VIOLET LEDUC	3	M	PUR SANG	7	0	7	17628,00	0,00	17628,00	2518,29	350
MISTRALOU	3	H	PUR SANG	10	1	5	17615,00	13211,00	30826,00	1761,50	270
GRAND CHELEM	4	H	PUR SANG	10	1	5	17607,00	7920,00	25527,00	1760,70	330
JUST INSPIRATION	3	F	PUR SANG	5	1	4	17599,00	0,00	17599,00	3519,80	340
MEISHO VELITE	5	F	PUR SANG	7	1	3	17597,00	7917,00	25514,00	2513,86	305
KOVEL	5	M	PUR SANG	4	1	3	17597,00	0,00	17597,00	4399,25	430
TOPINAMBUR	9	H	PUR SANG	13	1	7	17594,00	7915,00	25509,00	1353,38	230
CHARLESQUINT	9	H	PUR SANG	14	1	5	17594,00	7915,00	25509,00	1256,71	280
HE TOUCHED ME	4	F	PUR SANG	8	1	4	17575,00	7907,00	25482,00	2196,88	350
AMBROSIA DE VAIGE	3	F	PUR SANG	10	1	9	17570,00	13176,00	30746,00	1757,00	300
ALLA STELLA	4	F	PUR SANG	2	0	2	17560,00	0,00	17560,00	8780,00	450
NICE RULER	5	H	PUR SANG	12	1	7	17555,00	7897,00	25452,00	1462,92	270
REKHALE	5	H	PUR SANG	11	1	7	17552,00	7896,00	25448,00	1595,64	260
SCAPIN	2	H	PUR SANG	3	0	3	17550,00	13161,00	30711,00	5850,00	430
AROK ATAO	2	M	PUR SANG	2	1	1	17536,00	13152,00	30688,00	8768,00	
SCAT LADY	6	F	PUR SANG	11	0	10	17534,00	7886,00	25420,00	1594,00	255
DEAL	3	M	PUR SANG	3	2	1	17506,00	13129,00	30635,00	5835,33	410
M'GLAMOUR	4	F	PUR SANG	10	1	7	17480,00	7862,00	25342,00	1748,00	275
FRIENDS DREAM	5	F	PUR SANG	8	1	6	17452,00	7851,00	25303,00	2181,50	220
MONONOF	6	H	PUR SANG	6	0	6	17442,00	7848,00	25290,00	2907,00	370
ASKAM CHOPE	2	F	PUR SANG	4	1	2	17417,00	13061,00	30478,00	4354,25	400
OCEAN	8	H	PUR SANG	8	2	3	17415,00	7834,00	25249,00	2176,88	280
WESTMINSTER CHERRY	3	M	PUR SANG	5	1	2	17414,00	0,00	17414,00	3482,80	385
ALABAMA MOON	5	F	PUR SANG	6	2	0	17400,00	7830,00	25230,00	2900,00	360
SKYTREE	4	M	PUR SANG	1	1	0	17400,00	7830,00	25230,00	17400,00	485
ELUFAN	4	H	PUR SANG	6	2	1	17378,00	7819,00	25197,00	2896,33	315
SINILEO	4	H	PUR SANG	2	1	1	17370,00	7816,00	25186,00	8685,00	495
ELLE ECLIPSE	3	F	PUR SANG	3	1	1	17370,00	0,00	17370,00	5790,00	445
CATCH MY EYE	2	M	PUR SANG	3	1	1	17360,00	13020,00	30380,00	5786,67	430
GODSPEED	4	F	PUR SANG	3	0	2	17360,00	5667,00	23027,00	5786,67	500
RAQEEBB	6	H	PUR SANG	8	1	4	17355,00	7808,00	25163,00	2169,38	345
KUMRAN	6	H	PUR SANG	6	2	2	17352,00	7807,00	25159,00	2892,00	285
HOWITZER	3	M	PUR SANG	7	1	2	17352,00	13014,00	30366,00	2478,86	345
EFFIRA	5	F	PUR SANG	5	1	3	17347,00	7804,00	25151,00	3469,40	325
LES TROIS VALLEES	6	H	PUR SANG	14	1	5	17327,00	7795,00	25122,00	1237,64	225
SEDSER	5	F	PUR SANG	6	1	4	17324,00	7794,00	25118,00	2887,33	235
TULPAR	4	H	PUR SANG	6	1	4	17318,00	0,00	17318,00	2886,33	350
DECLA	3	H	PUR SANG	12	0	12	17317,00	11785,00	29102,00	1443,08	255
ADVENTURA	3	F	PUR SANG	11	0	8	17308,00	12979,00	30287,00	1573,45	260
AFTERGLOW	7	F	PUR SANG	12	1	6	17306,00	7785,00	25091,00	1442,17	225
BLACK SOLEA	3	F	PUR SANG	8	1	5	17278,00	0,00	17278,00	2159,75	330
FRENCH COLORADO	3	M	PUR SANG	9	0	9	17267,00	12947,00	30214,00	1918,56	375
MUTANT KING	3	H	PUR SANG	5	0	4	17255,00	0,00	17255,00	3451,00	375
GOT MAN	4	H	PUR SANG	8	0	6	17233,00	7751,00	24984,00	2154,13	300
STELLAR CHOP	4	H	PUR SANG	10	1	7	17222,00	7746,00	24968,00	1722,20	295
SUMMER SAIL	4	M	PUR SANG	5	1	1	17222,00	0,00	17222,00	3444,40	425
VINICIUS	3	H	PUR SANG	2	1	1	17214,00	12910,00	30124,00	8607,00	
ROSALIE	8	H	PUR SANG	7	4	2	17205,00	5547,00	22752,00	2457,86	210
BEAUTIFY	3	F	PUR SANG	2	0	1	17160,00	0,00	17160,00	8580,00	500
SENEQUE	3	M	PUR SANG	5	0	5	17150,00	12862,00	30012,00	3430,00	425
CONSENT	4	F	PUR SANG	2	0	1	17130,00	0,00	17130,00	8565,00	505
SHALAZI	3	H	PUR SANG	5	0	5	17112,00	0,00	17112,00	3422,40	375
PODIA DAZ	7	F	PUR SANG	8	2	4	17079,00	7684,00	24763,00	2134,88	230
MAZATLAN	2	F	PUR SANG	9	0	8	17079,00	12807,00	29886,00	1897,67	340
MONSIEUR DUPONT	5	H	PUR SANG	10	2	4	17058,00	7674,00	24732,00	1705,80	250
LOVE ADDICT	3	F	PUR SANG	13	1	10	17054,00	12789,00	29843,00	1311,85	285
UNE AVENTURE	3	M	PUR SANG	11	0	9	17047,00	12782,00	29829,00	1549,73	275
ANNO SOLERO	3	H	PUR SANG	4	1	2	17045,00	0,00	17045,00	4261,25	440
TCHIRIKHOVA	3	F	PUR SANG	4	1	1	17044,00	12781,00	29825,00	4261,00	400
TROPHANE	5	F	PUR SANG	6	1	3	17032,00	7663,00	24695,00	2838,67	355
MONEY MONEY	6	H	PUR SANG	8	2	3	17013,00	7655,00	24668,00	2126,63	265
MIA LOT	3	M	PUR SANG	6	1	5	17007,00	12755,00	29762,00	2834,50	370
MORSAN	10	H	PUR SANG	15	1	11	17002,00	7645,00	24647,00	1133,47	260
LIVERPOOL	3	H	PUR SANG	4	2	2	16991,00	0,00	16991,00	4247,75	355
PERSIANA	3	F	PUR SANG	9	1	7	16991,00	12743,00	29734,00	1887,89	335
MARHARRY	5	H	PUR SANG	5	1	3	16985,00	7641,00	24626,00	3397,00	345
JUST FOR MEME	3	F	PUR SANG	10	1	7	16981,00	12734,00	29715,00	1698,10	360
VASIGREEN	7	F	PUR SANG	10	1	6	16980,00	7638,00	24618,00	1698,00	295
GALLIUS	4	H	PUR SANG	14	1	6	16979,00	7637,00	24616,00	1212,79	310
OLYMPIQUE	2	F	PUR SANG	7	0	6	16978,00	12732,00	29710,00	2425,43	350
REGAL CHIME	3	F	PUR SANG	4	1	2	16966,00	0,00	16966,00	4241,50	380
SAINT MONCHIK	3	H	PUR SANG	7	1	4	16955,00	12716,00	29671,00	2422,14	340
PORTUCALE	5	F	PUR SANG	9	1	4	16951,00	7627,00	24578,00	1883,44	340
IKKO	4	H	PUR SANG	9	0	7	16951,00	7625,00	24576,00	1883,44	345
PINK MONDAY	4	H	PUR SANG	8	1	3	16945,00	7624,00	24569,00	2118,13	360
RIO GRANDE	6	H	PUR SANG	12	2	3	16943,00	7623,00	24566,00	1411,92	275
MADIGAN	6	H	PUR SANG	11	2	6	16943,00	7622,00	24565,00	1540,27	225
CAMBRONNE	6	H	PUR SANG	5	1	3	16934,00	7618,00	24552,00	3386,80	440
PERFECTO	10	H	PUR SANG	13	2	7	16927,00	4746,00	21673,00	1302,08	190
LOPPELA	2	F	PUR SANG	2	0	2	16919,00	12688,00	29607,00	8459,50	
CLEAN BOWLED	4	H	PUR SANG	5	1	3	16916,00	7610,00	24526,00	3383,20	245
NALON RIVER	3	M	PUR SANG	5	1	3	16912,00	12683,00	29595,00	3382,40	380
NAZGUL BLOU	3	M	PUR SANG	4	1	1	16908,00	12680,00	29588,00	4227,00	300
WINTERSONNE	3	F	PUR SANG	2	2	0	16900,00	0,00	16900,00	8450,00	
AUTUMN TWILIGHT	8	M	PUR SANG	15	1	6	16896,00	0,00	16896,00	1126,40	195
PAGANY	5	F	PUR SANG	10	4	4	16885,00	7598,00	24483,00	1688,50	560
SILVAROLE FAL	3	F	PUR SANG	11	1	6	16878,00	11157,00	28035,00	1534,36	280
LISEO	7	H	PUR SANG	8	1	6	16875,00	0,00	16875,00	2109,38	305
CHANAZ	5	H	PUR SANG	5	2	2	16852,00	7583,00	24435,00	3370,40	255
MR HARPIN	4	H	PUR SANG	18	1	9	16835,00	7571,00	24406,00	935,28	225
DARLINGHURST	5	H	PUR SANG	8	1	5	16835,00	0,00	16835,00	2104,38	365
BRUNETTE COLEMAN	3	F	PUR SANG	5	1	3	16824,00	12618,00	29442,00	3364,80	365
VEGA MEMORIES	3	F	PUR SANG	8	1	5	16820,00	12613,00	29433,00	2102,50	345
LAILISSA	2	F	PUR SANG	3	0	3	16810,00	12606,00	29416,00	5603,33	405
AZAMITA	3	F	PUR SANG	3	1	2	16809,00	0,00	16809,00	5603,00	430
MUELHEIMER PERLE	8	F	PUR SANG	7	1	4	16805,00	0,00	16805,00	2400,71	335
YOGUI	4	H	PUR SANG	8	1	7	16800,00	7556,00	24356,00	2100,00	310
MARASI DRIVE	3	H	PUR SANG	10	1	7	16797,00	12597,00	29394,00	1679,70	320
PINGO	8	F	PUR SANG	10	0	7	16785,00	7550,00	24335,00	1678,50	280
PRIMA LUCE	3	F	PUR SANG	8	1	4	16782,00	12585,00	29367,00	2097,75	335
NURLAT	3	H	PUR SANG	3	1	2	16768,00	12576,00	29344,00	5589,33	420
UN JOUR POUR MOI	4	H	PUR SANG	3	2	1	16766,00	7543,00	24309,00	5588,67	340
FAST RAAJ	8	H	PUR SANG	8	0	6	16746,00	7533,00	24279,00	2093,25	405
TIEGO THE FIRST	4	M	PUR SANG	6	0	4	16736,00	7529,00	24265,00	2789,33	435
NIOUININON	3	H	PUR SANG	15	1	8	16733,00	12548,00	29281,00	1115,53	235
MLLE ANDROMAQUE	2	F	PUR SANG	4	1	3	16725,00	12543,00	29268,00	4181,25	390
JOYEUSE SAGE	7	F	PUR SANG	11	1	4	16722,00	7523,00	24245,00	1520,18	285
RASHFORD	6	M	PUR SANG	3	0	2	16660,00	7497,00	24157,00	5553,33	480
EL VEGAS	3	M	PUR SANG	13	0	12	16656,00	12490,00	29146,00	1281,23	315
STAN LE GRAND	3	H	PUR SANG	6	1	3	16651,00	12487,00	29138,00	2775,17	350
REINE ESTHER	2	F	PUR SANG	5	1	3	16651,00	12488,00	29139,00	3330,20	380
ZUCHETTO	2	H	PUR SANG	5	1	3	16629,00	12470,00	29099,00	3325,80	415
KEEN APPROACH	5	F	PUR SANG	8	1	4	16613,00	7473,00	24086,00	2076,63	285
CHIRIMIRI	8	H	PUR SANG	9	1	5	16603,00	0,00	16603,00	1844,78	340
IDOLE DU FRAISSE	3	M	PUR SANG	8	2	1	16600,00	12450,00	29050,00	2075,00	315
DAMIETTA	3	F	PUR SANG	5	1	3	16599,00	12449,00	29048,00	3319,80	370
VALERTA	5	F	PUR SANG	7	1	4	16596,00	7466,00	24062,00	2370,86	295
FLOWER CELEBRATION	3	F	PUR SANG	5	1	3	16591,00	12442,00	29033,00	3318,20	360
SEVENNA'S BAY	4	F	PUR SANG	6	1	5	16568,00	0,00	16568,00	2761,33	305
CHOP VAL	9	H	PUR SANG	13	0	9	16566,00	7449,00	24015,00	1274,31	305
BRIONA	5	F	PUR SANG	5	1	3	16556,00	7448,00	24004,00	3311,20	300
FINEPAL FAL	3	M	PUR SANG	6	1	5	16524,00	12393,00	28917,00	2754,00	340
ORION ROCK	6	H	PUR SANG	6	1	5	16505,00	7424,00	23929,00	2750,83	340
SUNDARA	3	F	PUR SANG	4	1	3	16503,00	0,00	16503,00	4125,75	365
RHIPPER	4	M	PUR SANG	13	1	7	16501,00	7422,00	23923,00	1269,31	240
SENA IULIA	3	F	PUR SANG	9	1	3	16461,00	2409,00	18870,00	1829,00	320
GRASWANG	3	H	PUR SANG	4	1	3	16458,00	12343,00	28801,00	4114,50	360
STAR FIXX	3	F	PUR SANG	8	0	5	16455,00	12338,00	28793,00	2056,88	300
L'ELU DE SADDLE	5	H	PUR SANG	3	2	1	16446,00	7400,00	23846,00	5482,00	240
EVERSTAR	5	H	PUR SANG	8	0	7	16445,00	7398,00	23843,00	2055,63	370
HARPER	8	M	PUR SANG	6	1	3	16434,00	0,00	16434,00	2739,00	370
EVERILLO	7	H	PUR SANG	7	1	4	16430,00	7393,00	23823,00	2347,14	370
WHEELER	4	M	PUR SANG	8	1	3	16428,00	7391,00	23819,00	2053,50	335
CASSIUS	6	M	PUR SANG	7	1	5	16424,00	7388,00	23812,00	2346,29	425
AXIOKERSA	3	F	PUR SANG	5	1	3	16418,00	12313,00	28731,00	3283,60	340
THE FIST	3	H	PUR SANG	7	1	3	16406,00	12303,00	28709,00	2343,71	560
HAMAVI	5	H	PUR SANG	4	1	2	16402,00	7379,00	23781,00	4100,50	430
ARLONG FAL	3	M	PUR SANG	4	1	3	16401,00	12299,00	28700,00	4100,25	420
FRANKISH	3	M	PUR SANG	3	1	2	16388,00	0,00	16388,00	5462,67	425
MEXICANA	3	F	PUR SANG	12	1	6	16380,00	12282,00	28662,00	1365,00	265
APAX	6	H	PUR SANG	8	1	4	16375,00	7366,00	23741,00	2046,88	410
ASTIRA	3	F	PUR SANG	3	1	2	16370,00	12277,00	28647,00	5456,67	405
STARECTO	5	H	PUR SANG	11	2	4	16323,00	7344,00	23667,00	1483,91	225
ESTIVALE	3	F	PUR SANG	5	1	2	16322,00	0,00	16322,00	3264,40	375
TIAMOWAY	4	H	PUR SANG	5	1	2	16320,00	7344,00	23664,00	3264,00	365
SUN PROJECT	5	H	PUR SANG	10	1	5	16305,00	7335,00	23640,00	1630,50	220
LLANDUDNO	3	H	PUR SANG	4	0	4	16305,00	0,00	16305,00	4076,25	375
MAGELLAN	6	H	PUR SANG	5	2	2	16296,00	7331,00	23627,00	3259,20	395
LA DO RE	5	F	PUR SANG	12	0	11	16295,00	7327,00	23622,00	1357,92	280
RIGOLETTOS	4	M	PUR SANG	7	1	5	16286,00	7328,00	23614,00	2326,57	350
CHARISMATIC CHICK	4	F	PUR SANG	18	1	7	16233,00	0,00	16233,00	901,83	235
ADICCION	3	H	PUR SANG	14	1	8	16227,00	12168,00	28395,00	1159,07	265
COME TI AMO	6	F	PUR SANG	9	1	5	16208,00	7292,00	23500,00	1800,89	270
UMAMI	4	F	PUR SANG	11	1	5	16192,00	7285,00	23477,00	1472,00	250
SEVENSIX	2	F	PUR SANG	4	1	2	16181,00	0,00	16181,00	4045,25	375
JARKI	4	H	PUR SANG	7	1	6	16180,00	7278,00	23458,00	2311,43	275
EVENEMENTIELLE	2	F	PUR SANG	2	1	1	16166,00	0,00	16166,00	8083,00	
SOUFINA	2	F	PUR SANG	2	1	1	16166,00	0,00	16166,00	8083,00	
SHELBYLANDOR	6	F	PUR SANG	11	2	4	16163,00	7271,00	23434,00	1469,36	235
SORELINO	3	H	PUR SANG	5	1	4	16160,00	12119,00	28279,00	3232,00	345
TINMANDER	3	H	PUR SANG	7	0	6	16150,00	12111,00	28261,00	2307,14	330
NAVACERRADA	3	F	PUR SANG	9	1	5	16130,00	12097,00	28227,00	1792,22	290
RIDWAAN	9	H	PUR SANG	20	0	8	16118,00	7249,00	23367,00	805,90	190
BRECKENBROUGH	4	F	PUR SANG	4	0	3	16100,00	0,00	16100,00	4025,00	445
STEPASIDE BELL	8	M	PUR SANG	12	3	8	16098,00	6987,00	23085,00	1341,50	180
RED GUST	4	H	PUR SANG	9	0	8	16096,00	7239,00	23335,00	1788,44	250
DONNALUCATA	3	F	PUR SANG	9	0	7	16071,00	12052,00	28123,00	1785,67	270
BATAL YOUMZAIN	4	M	PUR SANG	3	1	2	16055,00	7224,00	23279,00	5351,67	445
LEHA	3	F	PUR SANG	8	1	5	16038,00	12027,00	28065,00	2004,75	330
LAUGH IS ENOUGH	2	F	PUR SANG	6	0	5	16030,00	12021,00	28051,00	2671,67	370
RAKHIM	4	H	PUR SANG	5	1	3	16009,00	7203,00	23212,00	3201,80	385
THE DOCTOR	4	H	PUR SANG	11	0	9	16007,00	7199,00	23206,00	1455,18	360
MAI DIRE MAI	3	H	PUR SANG	5	1	1	16004,00	12003,00	28007,00	3200,80	400
COMEDY CEN	2	F	PUR SANG	1	1	0	16000,00	0,00	16000,00	16000,00	
MUATAZ	2	M	PUR SANG	1	1	0	16000,00	0,00	16000,00	16000,00	
MALA	2	F	PUR SANG	1	0	1	16000,00	0,00	16000,00	16000,00	
GOLDEN CALL	7	H	PUR SANG	6	0	5	15998,00	7198,00	23196,00	2666,33	440
ARTILLEUR	3	M	PUR SANG	4	0	4	15989,00	11991,00	27980,00	3997,25	425
SPIRIT BOY	3	H	PUR SANG	11	2	5	15958,00	8968,00	24926,00	1450,73	270
KAWAALOT	4	H	PUR SANG	9	1	3	15936,00	7171,00	23107,00	1770,67	300
TAXI ROSE	3	H	PUR SANG	2	1	1	15934,00	11950,00	27884,00	7967,00	
COLOMBY	3	H	PUR SANG	2	1	1	15934,00	11950,00	27884,00	7967,00	
MONSIEURVALCHOP	7	H	PUR SANG	11	1	4	15919,00	7161,00	23080,00	1447,18	250
HANSOTTOGRUBER	5	H	PUR SANG	5	1	3	15913,00	0,00	15913,00	3182,60	300
DENIA	8	F	PUR SANG	9	0	5	15910,00	7156,00	23066,00	1767,78	310
GENERAL CHOP	3	M	PUR SANG	13	1	10	15909,00	11931,00	27840,00	1223,77	270
NEUSCHWANSTEIN	4	H	PUR SANG	13	0	7	15908,00	7156,00	23064,00	1223,69	260
SCARLET VALENTINE	4	F	PUR SANG	8	2	3	15892,00	7150,00	23042,00	1986,50	285
MARQUISE VERA	5	F	PUR SANG	13	0	12	15889,00	7147,00	23036,00	1222,23	170
QAMRAN	3	H	PUR SANG	8	1	7	15882,00	0,00	15882,00	1985,25	330
ARCUBIATU	6	H	PUR SANG	12	1	7	15873,00	7139,00	23012,00	1322,75	260
FLEUR D'ORANGER	3	F	PUR SANG	5	1	3	15864,00	11898,00	27762,00	3172,80	315
ROYAL ENCLOSURE	4	H	PUR SANG	12	1	4	15852,00	0,00	15852,00	1321,00	255
ROMAN BOY	3	M	PUR SANG	12	0	8	15845,00	11881,00	27726,00	1320,42	295
SUNNY QUEEN	2	F	PUR SANG	6	0	6	15835,00	11874,00	27709,00	2639,17	370
MERKUR	6	M	PUR SANG	6	1	3	15831,00	7122,00	22953,00	2638,50	370
MANOUIA	3	F	PUR SANG	13	2	11	15830,00	11872,00	27702,00	1217,69	560
SIR WALTER	6	H	PUR SANG	6	1	2	15829,00	7121,00	22950,00	2638,17	320
DANZICA GIRL	4	F	PUR SANG	10	1	6	15824,00	7119,00	22943,00	1582,40	265
MAUI	3	H	PUR SANG	2	1	1	15808,00	11855,00	27663,00	7904,00	375
RUMPUMPEL	3	F	PUR SANG	2	1	1	15808,00	11855,00	27663,00	7904,00	
LEGAL EAGLE	4	H	PUR SANG	10	1	5	15799,00	7107,00	22906,00	1579,90	235
SELVO	3	M	PUR SANG	5	1	3	15780,00	9819,00	25599,00	3156,00	375
NICK BOUTIQUE	4	H	PUR SANG	14	0	8	15775,00	7096,00	22871,00	1126,79	260
DIVINA FE	2	F	PUR SANG	3	0	3	15769,00	0,00	15769,00	5256,33	400
QUARTZ DU HOULEY	6	H	PUR SANG	5	0	4	15757,00	7088,00	22845,00	3151,40	340
PRINCESS ZALTANA	3	F	PUR SANG	13	0	12	15757,00	11814,00	27571,00	1212,08	305
STARAC	4	H	PUR SANG	10	1	6	15714,00	7068,00	22782,00	1571,40	330
KASSAB	2	M	PUR SANG	8	0	6	15714,00	11782,00	27496,00	1964,25	360
POP LIFE	7	F	PUR SANG	11	1	9	15710,00	7064,00	22774,00	1428,18	275
OASIS BAY	6	H	PUR SANG	11	0	8	15703,00	7062,00	22765,00	1427,55	245
FASHION CITY	3	F	PUR SANG	4	1	2	15699,00	11774,00	27473,00	3924,75	470
WETTERKOPF	4	M	PUR SANG	6	1	4	15698,00	0,00	15698,00	2616,33	235
SUDDEN DEATH	8	H	PUR SANG	9	1	8	15665,00	6708,00	22373,00	1740,56	180
AVALON	3	H	PUR SANG	5	1	3	15658,00	11742,00	27400,00	3131,60	320
CANDY CHERIE	4	F	PUR SANG	9	1	6	15635,00	7033,00	22668,00	1737,22	255
MELIORA	3	F	PUR SANG	4	2	2	15625,00	10593,00	26218,00	3906,25	285
ANOTHER LIGHT	4	F	PUR SANG	5	1	1	15622,00	0,00	15622,00	3124,40	350
NO SOLO	2	M	PUR SANG	4	1	3	15620,00	11713,00	27333,00	3905,00	365
TIC TAC	5	H	PUR SANG	9	1	4	15595,00	7016,00	22611,00	1732,78	305
KIZMAMBO	6	H	PUR SANG	6	0	6	15578,00	0,00	15578,00	2596,33	340
MY WAY	3	H	PUR SANG	9	0	7	15577,00	11681,00	27258,00	1730,78	375
SEDITION	4	F	PUR SANG	14	1	7	15576,00	7006,00	22582,00	1112,57	225
CHARMING CECILIA	3	F	PUR SANG	9	0	9	15569,00	11676,00	27245,00	1729,89	315
MAD WHIP	8	H	PUR SANG	7	1	5	15550,00	6995,00	22545,00	2221,43	335
MEDITERANNIO	4	F	PUR SANG	3	1	1	15550,00	6997,00	22547,00	5183,33	445
SPARKS OF LOVE	3	F	PUR SANG	14	1	7	15549,00	11659,00	27208,00	1110,64	270
MIRABILIA	2	F	PUR SANG	2	1	1	15528,00	11646,00	27174,00	7764,00	
AQUA AURA	3	F	PUR SANG	8	1	5	15522,00	11639,00	27161,00	1940,25	280
BOB LA BIDOUILLE	7	H	PUR SANG	16	0	9	15498,00	6970,00	22468,00	968,63	190
ARNAY LE DUC	4	H	PUR SANG	7	1	4	15493,00	6970,00	22463,00	2213,29	370
GALA QUEEN	3	F	PUR SANG	9	1	3	15492,00	11617,00	27109,00	1721,33	285
CASCADEO	5	H	PUR SANG	9	1	7	15490,00	6967,00	22457,00	1721,11	250
PRIORY ROSE	3	F	PUR SANG	9	0	7	15488,00	11614,00	27102,00	1720,89	315
BAWE ISLAND	5	F	PUR SANG	13	2	4	15487,00	6968,00	22455,00	1191,31	190
QUEEN LAGERTHA	2	F	PUR SANG	5	1	4	15486,00	11613,00	27099,00	3097,20	350
FATA MORGANA	3	F	PUR SANG	6	0	4	15483,00	11612,00	27095,00	2580,50	355
RAPIDO PRESTO	8	H	PUR SANG	9	1	5	15474,00	6959,00	22433,00	1719,33	315
SILVER ARROW	4	H	PUR SANG	4	1	3	15470,00	0,00	15470,00	3867,50	350
INDY B	3	F	PUR SANG	6	1	4	15458,00	0,00	15458,00	2576,33	365
BON ESPRIT	7	M	PUR SANG	7	1	5	15453,00	5895,00	21348,00	2207,57	295
RISKI CHOPE	6	F	PUR SANG	9	1	6	15443,00	6947,00	22390,00	1715,89	225
GOOD TO SEE YOU	4	H	PUR SANG	8	1	6	15432,00	6942,00	22374,00	1929,00	305
HOTISSIMO	3	H	PUR SANG	3	1	2	15420,00	0,00	15420,00	5140,00	380
HONEY PEARL	3	F	PUR SANG	9	1	4	15406,00	11554,00	26960,00	1711,78	360
KALEOBAYANE	6	F	PUR SANG	12	1	8	15404,00	6929,00	22333,00	1283,67	210
IMDALA	3	F	PUR SANG	4	1	3	15379,00	11532,00	26911,00	3844,75	360
DERAWAR	3	M	PUR SANG	6	1	2	15377,00	0,00	15377,00	2562,83	360
MON RICIN	7	H	PUR SANG	5	1	1	15376,00	6918,00	22294,00	3075,20	380
DEVIL'STORY	3	H	PUR SANG	11	0	9	15376,00	11530,00	26906,00	1397,82	295
VALLOIRE	3	F	PUR SANG	8	1	4	15375,00	11530,00	26905,00	1921,88	295
FROMONTINE	4	F	PUR SANG	7	1	5	15356,00	6907,00	22263,00	2193,71	305
SIGTUNA	4	H	PUR SANG	6	1	4	15348,00	6905,00	22253,00	2558,00	360
OLIVA	7	F	PUR SANG	8	1	4	15328,00	6424,00	21752,00	1916,00	220
IVRA CHOPE	3	F	PUR SANG	7	1	4	15327,00	11493,00	26820,00	2189,57	260
BEDAIO	3	M	PUR SANG	12	1	9	15312,00	11482,00	26794,00	1276,00	240
ARKEN	3	F	PUR SANG	6	0	6	15281,00	11460,00	26741,00	2546,83	290
DSCHINGIS NECKARA	3	F	PUR SANG	6	2	4	15280,00	11458,00	26738,00	2546,67	335
KEEN LADY	4	F	PUR SANG	10	0	9	15279,00	6869,00	22148,00	1527,90	250
CHICA DE CIUDAD	5	F	PUR SANG	4	0	3	15254,00	0,00	15254,00	3813,50	450
RONNIE ROCKET	6	H	PUR SANG	12	2	9	15240,00	6858,00	22098,00	1270,00	630
ANDY'S SPIRIT	4	H	PUR SANG	10	0	9	15240,00	6853,00	22093,00	1524,00	260
ARTEMISE	3	F	PUR SANG	5	1	3	15239,00	11429,00	26668,00	3047,80	310
RUBIS GOLD	8	M	PUR SANG	8	0	6	15234,00	6853,00	22087,00	1904,25	185
ROUVRAY	8	M	PUR SANG	6	1	5	15222,00	6847,00	22069,00	2537,00	220
LACALAS	3	F	PUR SANG	8	1	3	15211,00	11407,00	26618,00	1901,38	320
LIKE IT OR NOT	4	H	PUR SANG	7	1	5	15207,00	6840,00	22047,00	2172,43	325
QUEEN D'AUNOU	4	F	PUR SANG	10	1	7	15200,00	6837,00	22037,00	1520,00	290
SAGARMATHA	3	F	PUR SANG	5	1	3	15198,00	11397,00	26595,00	3039,60	375
OVER THE CLOUDS	4	M	PUR SANG	8	1	4	15155,00	6818,00	21973,00	1894,38	285
DELAJA	3	F	PUR SANG	7	0	6	15152,00	11362,00	26514,00	2164,57	365
LA SAUZEE	7	F	PUR SANG	6	2	2	15128,00	6805,00	21933,00	2521,33	290
BELLA D'ANJOU	4	F	PUR SANG	9	1	5	15103,00	6795,00	21898,00	1678,11	340
PICNIC ROYAL	10	H	PUR SANG	11	1	6	15096,00	6791,00	21887,00	1372,36	240
NO BAY	5	H	PUR SANG	5	1	3	15093,00	6791,00	21884,00	3018,60	345
JAGDA	6	F	PUR SANG	9	1	4	15091,00	6789,00	21880,00	1676,78	260
ZARAXIA	3	F	PUR SANG	4	0	2	15090,00	11317,00	26407,00	3772,50	460
AGRI	6	H	PUR SANG	8	1	4	15084,00	6785,00	21869,00	1885,50	245
DAMN PRECIOUS	3	M	PUR SANG	8	1	4	15065,00	11296,00	26361,00	1883,13	345
AVERSA	6	F	PUR SANG	5	1	1	15060,00	6776,00	21836,00	3012,00	335
ZEOLAKIS	5	H	PUR SANG	12	1	6	15046,00	6768,00	21814,00	1253,83	295
GAVIAL	7	H	PUR SANG	5	2	2	15038,00	6765,00	21803,00	3007,60	260
BAIKAL	9	H	PUR SANG	7	3	2	15030,00	5188,00	20218,00	2147,14	260
BARBADIN	9	H	PUR SANG	9	0	6	15029,00	6762,00	21791,00	1669,89	270
FEEL WELL	2	F	PUR SANG	7	0	7	15015,00	11259,00	26274,00	2145,00	345
BEAUTIFOAL	5	F	PUR SANG	9	1	5	15011,00	6753,00	21764,00	1667,89	250
NEROKAS	8	H	PUR SANG	9	2	5	15001,00	6748,00	21749,00	1666,78	210
FREEZE THE MOMENT	3	H	PUR SANG	6	1	3	14980,00	11235,00	26215,00	2496,67	365
STORMRIDER	3	H	PUR SANG	6	1	2	14976,00	11232,00	26208,00	2496,00	370
MUNGASHA	4	H	PUR SANG	8	1	3	14960,00	6731,00	21691,00	1870,00	300
TEMPLE GATE	7	H	PUR SANG	6	1	3	14944,00	6722,00	21666,00	2490,67	315
LANCELOT BROWN	2	M	PUR SANG	2	1	1	14944,00	0,00	14944,00	7472,00	
CARIFTA	5	F	PUR SANG	12	2	10	14940,00	6722,00	21662,00	1245,00	535
RITMICA	3	F	PUR SANG	9	0	7	14940,00	11202,00	26142,00	1660,00	290
SOLAIRE	6	F	PUR SANG	10	2	4	14938,00	6721,00	21659,00	1493,80	225
CHUNKA WAKAN	5	H	PUR SANG	14	1	7	14928,00	6716,00	21644,00	1066,29	185
WHATAHERO	4	H	PUR SANG	14	1	6	14928,00	0,00	14928,00	1066,29	225
MEDITERRANEA BLUES	9	H	PUR SANG	8	1	4	14884,00	6696,00	21580,00	1860,50	265
MISTER BRYAN	4	H	PUR SANG	13	1	6	14876,00	6692,00	21568,00	1144,31	220
OCTANE	4	H	PUR SANG	4	1	3	14871,00	0,00	14871,00	3717,75	300
GOLDEN BEACH	7	H	PUR SANG	10	1	5	14854,00	0,00	14854,00	1485,40	250
ANANTEAL	4	H	PUR SANG	7	1	4	14852,00	6681,00	21533,00	2121,71	350
LETTY'S MARVEL	11	H	PUR SANG	10	1	3	14848,00	6680,00	21528,00	1484,80	330
AURA	4	F	PUR SANG	6	1	2	14847,00	6680,00	21527,00	2474,50	330
CAHAGNES	4	F	PUR SANG	7	1	3	14841,00	6676,00	21517,00	2120,14	320
JOHNNY HAMMER	5	H	PUR SANG	6	0	4	14840,00	6676,00	21516,00	2473,33	415
POSCHIAVO	4	H	PUR SANG	8	0	6	14837,00	6675,00	21512,00	1854,63	420
PESTACLE	5	H	PUR SANG	9	1	6	14830,00	6670,00	21500,00	1647,78	335
MASCIA MAGIQUE	3	F	PUR SANG	5	1	4	14817,00	11112,00	25929,00	2963,40	360
CIEL DE PARIS	4	H	PUR SANG	5	1	1	14810,00	6664,00	21474,00	2962,00	395
VIBRATO	5	H	PUR SANG	11	0	7	14804,00	6657,00	21461,00	1345,82	250
EDEN ROC	3	H	PUR SANG	7	2	5	14800,00	0,00	14800,00	2114,29	285
VIVRE LIBRE	4	H	PUR SANG	6	2	3	14794,00	5935,00	20729,00	2465,67	335
ARTURO	7	H	PUR SANG	8	1	4	14792,00	6654,00	21446,00	1849,00	295
NOBLE APPROACH	3	F	PUR SANG	5	1	4	14780,00	9585,00	24365,00	2956,00	310
SANSURO	3	M	PUR SANG	6	0	6	14770,00	0,00	14770,00	2461,67	350
KIMBIA	4	F	PUR SANG	8	1	5	14767,00	6642,00	21409,00	1845,88	330
PENSE A MOI	6	F	PUR SANG	7	2	1	14760,00	6642,00	21402,00	2108,57	210
WINE PALACE	3	M	PUR SANG	2	1	1	14744,00	11056,00	25800,00	7372,00	
FIRST CUNCERT	4	F	PUR SANG	9	3	3	14742,00	6633,00	21375,00	1638,00	245
JOYCE GALESTE	7	F	PUR SANG	10	1	4	14729,00	6625,00	21354,00	1472,90	245
MOZART DES BRIERES	6	H	PUR SANG	13	0	9	14720,00	6620,00	21340,00	1132,31	325
HURLEVENT	4	H	PUR SANG	12	2	6	14712,00	6619,00	21331,00	1226,00	245
ADLAN SENORA	5	M	PUR SANG	7	1	3	14705,00	6616,00	21321,00	2100,71	295
ALTAZIA AS	4	F	PUR SANG	13	3	4	14686,00	6438,00	21124,00	1129,69	205
HENDRIXX	3	H	PUR SANG	6	1	2	14684,00	11011,00	25695,00	2447,33	370
AMNESIA	2	F	PUR SANG	3	0	3	14667,00	10998,00	25665,00	4889,00	400
JEZQAZGAN	3	H	PUR SANG	5	1	4	14660,00	10994,00	25654,00	2932,00	330
SILK ROADSTER	3	H	PUR SANG	2	1	1	14660,00	0,00	14660,00	7330,00	400
MOUSTIQUE	3	H	PUR SANG	8	0	8	14658,00	10992,00	25650,00	1832,25	290
ROSTAK	3	H	PUR SANG	2	1	1	14654,00	0,00	14654,00	7327,00	
HY DREAM	8	F	PUR SANG	12	0	10	14645,00	6586,00	21231,00	1220,42	245
WEST WIND BLOWS	7	H	PUR SANG	1	0	1	14640,00	0,00	14640,00	14640,00	535
NATIVE WARRIOR	5	H	PUR SANG	1	0	1	14640,00	0,00	14640,00	14640,00	495
AZIMPOUR	4	H	PUR SANG	2	0	1	14640,00	0,00	14640,00	7320,00	500
SCYTHE	2	H	PUR SANG	1	0	1	14640,00	10980,00	25620,00	14640,00	
MY HIGHNESS	3	F	PUR SANG	1	0	1	14640,00	0,00	14640,00	14640,00	495
ESNA	3	F	PUR SANG	2	0	1	14640,00	0,00	14640,00	7320,00	475
GRAND SON OF DARK	3	M	PUR SANG	1	0	1	14640,00	0,00	14640,00	14640,00	490
AGAMEMNON	2	M	PUR SANG	1	0	1	14640,00	0,00	14640,00	14640,00	435
SILVER DOMINION	2	M	PUR SANG	1	0	1	14640,00	0,00	14640,00	14640,00	460
CAYSSIE MA STAR	4	F	PUR SANG	6	1	4	14630,00	6581,00	21211,00	2438,33	280
ALPENVEILCHEN	3	F	PUR SANG	2	1	1	14630,00	10972,00	25602,00	7315,00	400
LA CARRIERE	3	F	PUR SANG	3	1	1	14630,00	0,00	14630,00	4876,67	395
ALTER MEISTER	3	M	PUR SANG	2	1	1	14630,00	0,00	14630,00	7315,00	430
NOBLE AMBER	8	F	PUR SANG	11	1	7	14621,00	6576,00	21197,00	1329,18	305
KAPETANIOS	6	H	PUR SANG	9	1	7	14610,00	6570,00	21180,00	1623,33	265
ANGEL BREIZH	2	F	PUR SANG	6	1	4	14579,00	10934,00	25513,00	2429,83	340
WALDKAUZ	9	H	PUR SANG	14	0	8	14575,00	6555,00	21130,00	1041,07	305
DISSEMBLE	3	F	PUR SANG	5	1	3	14574,00	10930,00	25504,00	2914,80	360
ALMARIS	3	F	PUR SANG	5	0	4	14574,00	10928,00	25502,00	2914,80	355
CHARMING ZEL	3	F	PUR SANG	3	1	1	14573,00	10929,00	25502,00	4857,67	415
HARDWEL	2	M	PUR SANG	5	0	5	14546,00	10908,00	25454,00	2909,20	380
BARRAMUNDI	2	M	PUR SANG	2	1	1	14540,00	10905,00	25445,00	7270,00	
ON LOCKDOWN	7	H	PUR SANG	6	1	4	14536,00	6539,00	21075,00	2422,67	340
SELF CONTROL	3	F	PUR SANG	10	0	8	14535,00	10899,00	25434,00	1453,50	295
EVEROSE	3	F	PUR SANG	13	1	8	14527,00	0,00	14527,00	1117,46	230
HEUREUSE	3	F	PUR SANG	9	1	7	14525,00	0,00	14525,00	1613,89	300
ROCQUEMONT	10	M	PUR SANG	9	1	5	14519,00	6530,00	21049,00	1613,22	315
HEAVEN CITY	9	H	PUR SANG	6	1	2	14506,00	6526,00	21032,00	2417,67	345
ZIGGY STAR	4	M	PUR SANG	6	0	4	14506,00	6526,00	21032,00	2417,67	375
MAGNUS	3	H	PUR SANG	6	0	5	14502,00	10872,00	25374,00	2417,00	370
NEW RISK	3	M	PUR SANG	9	1	5	14496,00	10872,00	25368,00	1610,67	310
ESKANDANI	5	H	PUR SANG	10	1	4	14494,00	6520,00	21014,00	1449,40	230
TIMES JUBILEE	3	F	PUR SANG	5	0	5	14494,00	0,00	14494,00	2898,80	385
BLACK ARMOR	2	M	PUR SANG	2	1	1	14490,00	10867,00	25357,00	7245,00	
KHAROVSKAYA	2	F	PUR SANG	4	1	1	14490,00	10867,00	25357,00	3622,50	400
SONNAZ	4	H	PUR SANG	6	1	3	14488,00	6519,00	21007,00	2414,67	300
FASOLDOFA	3	F	PUR SANG	9	1	6	14474,00	9730,00	24204,00	1608,22	290
ROCKY RUN	4	M	PUR SANG	7	0	3	14464,00	6507,00	20971,00	2066,29	345
CHESTER SKY	5	H	PUR SANG	11	1	5	14451,00	6500,00	20951,00	1313,73	285
LE CONQUERANT	4	H	PUR SANG	4	1	2	14448,00	6501,00	20949,00	3612,00	360
WESTMINSTER COYOTE	3	M	PUR SANG	9	0	6	14446,00	0,00	14446,00	1605,11	315
NIGHT ACTION	5	H	PUR SANG	7	1	4	14430,00	6492,00	20922,00	2061,43	240
GAFARA	2	F	PUR SANG	3	1	1	14400,00	7875,00	22275,00	4800,00	390
COSMIC FRONT	5	F	PUR SANG	2	1	0	14400,00	6480,00	20880,00	7200,00	375
AME D'OR	4	F	PUR SANG	2	1	0	14400,00	6480,00	20880,00	7200,00	370
SAMWEST	4	H	PUR SANG	6	1	4	14397,00	6476,00	20873,00	2399,50	335
XILOFONO	5	H	PUR SANG	8	0	5	14395,00	6475,00	20870,00	1799,38	350
DAISY DAISY	3	F	PUR SANG	7	0	6	14380,00	0,00	14380,00	2054,29	340
QUIET SEA	4	H	PUR SANG	6	1	4	14374,00	6465,00	20839,00	2395,67	310
NIPPE DE STAR	4	H	PUR SANG	10	0	7	14368,00	0,00	14368,00	1436,80	270
THE PISTOL STAR	3	F	PUR SANG	6	1	4	14364,00	10771,00	25135,00	2394,00	350
COLGAN SENORA	5	H	PUR SANG	5	0	3	14352,00	6458,00	20810,00	2870,40	390
AMERICANO	6	H	PUR SANG	8	1	5	14342,00	6452,00	20794,00	1792,75	280
NEKOLETO	6	H	PUR SANG	9	1	4	14337,00	6450,00	20787,00	1593,00	265
ROUGEGARDE	9	H	PUR SANG	4	1	1	14336,00	6450,00	20786,00	3584,00	360
ALL WOOTTON	2	M	PUR SANG	2	1	1	14336,00	10752,00	25088,00	7168,00	
HODAYA	2	F	PUR SANG	2	1	1	14336,00	10752,00	25088,00	7168,00	
DSCHINGIS ANGEL	5	F	PUR SANG	14	0	10	14323,00	6442,00	20765,00	1023,07	155
RADMILLA	3	F	PUR SANG	5	1	3	14318,00	10736,00	25054,00	2863,60	360
LE SENONNAIS	3	M	PUR SANG	8	1	5	14312,00	10732,00	25044,00	1789,00	300
LOOK OF CECCA	4	H	PUR SANG	8	1	3	14304,00	6435,00	20739,00	1788,00	240
ARBUS	3	F	PUR SANG	2	1	1	14294,00	0,00	14294,00	7147,00	
LA MAZZI GOGO	5	F	PUR SANG	9	0	6	14286,00	6425,00	20711,00	1587,33	335
FRISSONANTE	2	F	PUR SANG	3	1	2	14280,00	0,00	14280,00	4760,00	380
SERENISSIMUS	4	H	PUR SANG	6	1	4	14276,00	6423,00	20699,00	2379,33	370
QILIN QUEEN	4	F	PUR SANG	2	0	1	14275,00	0,00	14275,00	7137,50	475
EUROPE	2	F	PUR SANG	8	1	7	14271,00	10702,00	24973,00	1783,88	620
HOLY SPIRIT	3	H	PUR SANG	5	1	3	14269,00	10700,00	24969,00	2853,80	365
MARTINELLI	3	F	PUR SANG	9	0	6	14264,00	10323,00	24587,00	1584,89	340
DANCE DE LUNE	3	F	PUR SANG	6	0	5	14250,00	10684,00	24934,00	2375,00	315
LINDEN BLOSSOM	3	H	PUR SANG	14	0	10	14247,00	9932,00	24179,00	1017,64	230
CROCUS BORGET	8	H	PUR SANG	9	1	5	14246,00	6410,00	20656,00	1582,89	240
SACRIFICE	3	H	PUR SANG	3	1	2	14240,00	10678,00	24918,00	4746,67	395
ZOOM CHOP	7	H	PUR SANG	8	1	6	14229,00	6400,00	20629,00	1778,63	330
ROSE PRAIRIE	3	F	PUR SANG	14	2	7	14215,00	9460,00	23675,00	1015,36	250
CRACK CITY	6	H	PUR SANG	10	1	3	14212,00	6394,00	20606,00	1421,20	205
EUSKADI	4	H	PUR SANG	4	1	3	14208,00	6393,00	20601,00	3552,00	410
CIAO NENE	3	H	PUR SANG	6	0	6	14208,00	10656,00	24864,00	2368,00	335
DON NICOLAS	4	M	PUR SANG	7	1	4	14206,00	0,00	14206,00	2029,43	260
VIDEO GAMES	3	H	PUR SANG	11	1	7	14203,00	10649,00	24852,00	1291,18	250
DAKOTA GIRL	5	F	PUR SANG	7	2	4	14190,00	0,00	14190,00	2027,14	290
REDRUNNER	6	F	PUR SANG	11	1	5	14190,00	6384,00	20574,00	1290,00	190
MOON NIGHT	4	H	PUR SANG	10	1	5	14185,00	6381,00	20566,00	1418,50	210
DRAGON LOVE	10	H	PUR SANG	9	0	9	14185,00	6379,00	20564,00	1576,11	240
VAZIRPOUR	6	H	PUR SANG	5	1	1	14181,00	6381,00	20562,00	2836,20	385
ULYMINE	3	H	PUR SANG	4	1	2	14164,00	10623,00	24787,00	3541,00	425
TORRONE	4	H	PUR SANG	9	0	5	14163,00	6370,00	20533,00	1573,67	320
NORTHERN TERRITORY	3	M	PUR SANG	2	1	1	14160,00	10620,00	24780,00	7080,00	370
CADEAU DE NOEL	3	H	PUR SANG	5	1	3	14155,00	0,00	14155,00	2831,00	345
RUN VICTORIA	3	F	PUR SANG	11	1	3	14144,00	10607,00	24751,00	1285,82	295
CELESTIAL ROSE	3	F	PUR SANG	3	1	2	14136,00	0,00	14136,00	4712,00	370
BACHEROVKA	3	F	PUR SANG	6	1	4	14115,00	10584,00	24699,00	2352,50	310
LE TOLIER	4	H	PUR SANG	7	1	4	14113,00	6349,00	20462,00	2016,14	305
WHY NOT	2	F	PUR SANG	5	0	5	14101,00	10574,00	24675,00	2820,20	375
ACATANA	6	F	PUR SANG	7	1	6	14093,00	6339,00	20432,00	2013,29	175
MISS PARANO	5	F	PUR SANG	18	2	4	14087,00	6338,00	20425,00	782,61	195
EOSTRE	3	F	PUR SANG	3	1	1	14084,00	0,00	14084,00	4694,67	410
LIGHT WAKEUP	8	H	PUR SANG	15	1	4	14072,00	0,00	14072,00	938,13	255
VANINA RUNAWAY	3	F	PUR SANG	11	1	7	14069,00	10549,00	24618,00	1279,00	280
MISTER SOCKS	3	H	PUR SANG	6	1	5	14069,00	10551,00	24620,00	2344,83	325
ALEXEI	4	H	PUR SANG	9	1	5	14067,00	6328,00	20395,00	1563,00	250
AIR CHIEF AMOUR	9	F	PUR SANG	11	2	8	14020,00	6309,00	20329,00	1274,55	610
OUT OF AFRICA	4	F	PUR SANG	6	2	3	14016,00	4506,00	18522,00	2336,00	365
SWEEP AWAY	6	H	PUR SANG	13	0	9	13982,00	6286,00	20268,00	1075,54	280
LA BARAKA	2	F	PUR SANG	10	0	10	13977,00	10480,00	24457,00	1397,70	320
QUEEN SINGER	5	F	PUR SANG	7	1	5	13973,00	6285,00	20258,00	1996,14	290
VALDORCIA	3	F	PUR SANG	7	0	5	13967,00	0,00	13967,00	1995,29	400
BASILICO	2	M	PUR SANG	2	1	1	13958,00	10468,00	24426,00	6979,00	
KIARO	5	M	PUR SANG	5	1	3	13952,00	6277,00	20229,00	2790,40	380
LAITH	4	M	PUR SANG	4	1	2	13923,00	6264,00	20187,00	3480,75	380
SHAPESMITH	3	M	PUR SANG	5	0	3	13900,00	0,00	13900,00	2780,00	380
ALROMY	7	F	PUR SANG	10	1	6	13884,00	6247,00	20131,00	1388,40	230
KENERGY	3	H	PUR SANG	2	1	1	13870,00	10401,00	24271,00	6935,00	
ZITOLOGUE	3	H	PUR SANG	2	1	1	13870,00	10401,00	24271,00	6935,00	
VALIENTE	3	M	PUR SANG	7	1	4	13869,00	10401,00	24270,00	1981,29	635
BY THE WAY	9	H	PUR SANG	12	1	4	13868,00	6239,00	20107,00	1155,67	215
DISILLUSION	6	M	PUR SANG	3	1	2	13861,00	0,00	13861,00	4620,33	390
VALENTINE DAY	4	F	PUR SANG	5	1	3	13852,00	6233,00	20085,00	2770,40	260
GREY BELLE	7	F	PUR SANG	15	1	7	13849,00	6228,00	20077,00	923,27	250
PONTOS	4	H	PUR SANG	5	1	3	13845,00	6228,00	20073,00	2769,00	315
MONARCO	3	H	PUR SANG	10	1	6	13827,00	10369,00	24196,00	1382,70	310
ORYA	3	F	PUR SANG	5	1	3	13810,00	10357,00	24167,00	2762,00	350
MEAUTIS	5	H	PUR SANG	7	0	6	13796,00	6205,00	20001,00	1970,86	325
LE FUTUR	3	M	PUR SANG	7	1	2	13784,00	10338,00	24122,00	1969,14	370
COUR DU ROI	7	H	PUR SANG	11	0	6	13778,00	6198,00	19976,00	1252,55	255
THREE DREAMS	6	F	PUR SANG	11	1	7	13757,00	6188,00	19945,00	1250,64	265
MASINDHAL	4	H	PUR SANG	14	1	8	13751,00	6183,00	19934,00	982,21	255
OPIUM OF SUCCESS	2	H	PUR SANG	9	0	7	13719,00	10288,00	24007,00	1524,33	335
CITY BABE	4	F	PUR SANG	8	1	4	13711,00	6167,00	19878,00	1713,88	330
YAKAMOUN	5	F	PUR SANG	13	1	5	13703,00	6164,00	19867,00	1054,08	270
WHISKEY BENT	2	M	PUR SANG	1	1	0	13700,00	10275,00	23975,00	13700,00	
ANNA GLORIA	2	F	PUR SANG	2	1	0	13700,00	10275,00	23975,00	6850,00	
UN VRAI VENUSIEN	2	M	PUR SANG	2	1	0	13700,00	10275,00	23975,00	6850,00	
TUESDAY'S GONE	2	F	PUR SANG	1	1	0	13700,00	10275,00	23975,00	13700,00	
IPANEMA ROSE	2	F	PUR SANG	1	1	0	13700,00	10275,00	23975,00	13700,00	
IMAGINE	3	M	PUR SANG	2	1	0	13700,00	0,00	13700,00	6850,00	450
KALIMAAT	2	F	PUR SANG	2	1	0	13700,00	0,00	13700,00	6850,00	
HADITOUNI	3	H	PUR SANG	8	1	4	13698,00	10273,00	23971,00	1712,25	320
NEW RUN	3	M	PUR SANG	6	1	3	13698,00	10273,00	23971,00	2283,00	370
SLEIPNIR NORMANDY	5	H	PUR SANG	5	1	2	13680,00	6154,00	19834,00	2736,00	300
INTUITION	5	F	PUR SANG	11	1	3	13678,00	6154,00	19832,00	1243,45	250
THE BEST GLORY	3	F	PUR SANG	6	1	3	13669,00	10251,00	23920,00	2278,17	365
GOLDEN DISC	4	F	PUR SANG	5	1	3	13656,00	6143,00	19799,00	2731,20	330
SOMEONE	2	M	PUR SANG	4	1	3	13655,00	10240,00	23895,00	3413,75	390
DIYAA	4	F	PUR SANG	12	0	8	13654,00	6142,00	19796,00	1137,83	185
OPERATOR	3	H	PUR SANG	2	1	1	13634,00	10225,00	23859,00	6817,00	
WITE TOAST	3	F	PUR SANG	4	0	4	13632,00	0,00	13632,00	3408,00	290
DO FOR LOVE	3	F	PUR SANG	3	1	2	13630,00	0,00	13630,00	4543,33	395
MALENA	3	F	PUR SANG	11	0	10	13623,00	9317,00	22940,00	1238,45	310
PALLADIO	3	M	PUR SANG	6	0	4	13612,00	10206,00	23818,00	2268,67	370
NEOWISE	6	F	PUR SANG	8	1	3	13610,00	0,00	13610,00	1701,25	210
CANADIAN	3	M	PUR SANG	4	1	2	13607,00	0,00	13607,00	3401,75	385
GRAND ART	10	H	PUR SANG	3	1	2	13601,00	6119,00	19720,00	4533,67	300
DANCING FLOWER	3	F	PUR SANG	4	1	1	13600,00	0,00	13600,00	3400,00	440
LOOK	3	F	PUR SANG	7	0	5	13558,00	9418,00	22976,00	1936,86	310
SILGREYPIT	4	F	PUR SANG	9	0	7	13541,00	6088,00	19629,00	1504,56	295
VALLANDO	8	H	PUR SANG	6	1	4	13537,00	0,00	13537,00	2256,17	275
PRETTY STORM	5	F	PUR SANG	8	1	2	13536,00	6090,00	19626,00	1692,00	340
LUNE ROUGE	5	F	PUR SANG	5	2	2	13532,00	6088,00	19620,00	2706,40	215
BORN TO WIN	5	M	PUR SANG	9	1	3	13531,00	6087,00	19618,00	1503,44	240
RENVERSANTE	3	F	PUR SANG	12	0	8	13528,00	10144,00	23672,00	1127,33	260
STATISTIC	3	F	PUR SANG	2	1	1	13508,00	10130,00	23638,00	6754,00	390
KYOTO SPIRIT	3	M	PUR SANG	3	1	1	13508,00	0,00	13508,00	4502,67	375
NO REMORSE	3	H	PUR SANG	6	0	6	13494,00	10117,00	23611,00	2249,00	355
MOWGLI	6	H	PUR SANG	7	1	3	13493,00	6070,00	19563,00	1927,57	245
STUNNING HERO	4	H	PUR SANG	11	1	6	13491,00	6068,00	19559,00	1226,45	305
LE VERDON	2	F	PUR SANG	5	0	5	13455,00	0,00	13455,00	2691,00	380
SHALOM	2	F	PUR SANG	5	1	3	13452,00	10088,00	23540,00	2690,40	330
INTELLITA	5	F	PUR SANG	2	2	0	13450,00	6052,00	19502,00	6725,00	270
LITTORAL NORD	3	M	PUR SANG	5	1	4	13444,00	10081,00	23525,00	2688,80	370
DRIBBLE	2	M	PUR SANG	2	1	1	13440,00	10080,00	23520,00	6720,00	
DANICA	3	F	PUR SANG	6	2	1	13438,00	10078,00	23516,00	2239,67	305
EASY AS PIE	3	F	PUR SANG	4	1	1	13420,00	0,00	13420,00	3355,00	375
QUEEN MEKHTAAL	3	F	PUR SANG	4	1	3	13413,00	10059,00	23472,00	3353,25	350
MAGIC INSPIRATION	2	F	PUR SANG	4	0	4	13405,00	10052,00	23457,00	3351,25	375
AMELIA	3	F	PUR SANG	12	0	8	13382,00	10034,00	23416,00	1115,17	275
DRONGO	2	M	PUR SANG	2	1	1	13380,00	10035,00	23415,00	6690,00	
AGIOTA	3	H	PUR SANG	5	1	2	13378,00	10033,00	23411,00	2675,60	415
ALTO BLUES	3	H	PUR SANG	2	1	1	13374,00	10030,00	23404,00	6687,00	
GLOBAL ASSET	3	F	PUR SANG	2	1	1	13374,00	10030,00	23404,00	6687,00	390
BOCCA AL LUPO	3	H	PUR SANG	3	1	1	13374,00	10030,00	23404,00	4458,00	390
CHEEKY BOY	5	H	PUR SANG	2	0	2	13360,00	6012,00	19372,00	6680,00	470
OVER GROUND	3	H	PUR SANG	7	1	5	13358,00	10017,00	23375,00	1908,29	260
PIETER DE HOOCH	7	H	PUR SANG	7	1	3	13346,00	6005,00	19351,00	1906,57	250
MODELLING	3	F	PUR SANG	6	1	2	13336,00	0,00	13336,00	2222,67	325
EMINENCE GRISE	4	H	PUR SANG	7	1	2	13334,00	5999,00	19333,00	1904,86	275
ALJADARA	3	F	PUR SANG	4	1	3	13328,00	0,00	13328,00	3332,00	350
ZILCOVER	7	H	PUR SANG	7	1	4	13327,00	5996,00	19323,00	1903,86	240
DADDY JOY	5	H	PUR SANG	6	1	1	13324,00	5995,00	19319,00	2220,67	290
DELIRE D'AMOUR	3	F	PUR SANG	10	1	4	13316,00	9986,00	23302,00	1331,60	320
EAGLE TREE	3	F	PUR SANG	12	1	8	13312,00	9982,00	23294,00	1109,33	260
THE TINKER	3	H	PUR SANG	8	1	3	13312,00	9984,00	23296,00	1664,00	355
ARAYA	3	F	PUR SANG	4	1	3	13310,00	9981,00	23291,00	3327,50	360
ARMSTRONG GLORY	3	H	PUR SANG	9	0	6	13276,00	9954,00	23230,00	1475,11	290
AGELKA	6	F	PUR SANG	9	2	5	13262,00	4391,00	17653,00	1473,56	235
MARDAD FAL	3	M	PUR SANG	5	1	3	13262,00	2746,00	16008,00	2652,40	405
GRAY D'ALBION	6	H	PUR SANG	8	1	5	13254,00	5963,00	19217,00	1656,75	210
MR FILERIN	4	H	PUR SANG	11	0	9	13250,00	5149,00	18399,00	1204,55	275
LADY MANA	5	F	PUR SANG	12	1	5	13243,00	5957,00	19200,00	1103,58	260
IDAHO JAMES	8	M	PUR SANG	14	0	11	13223,00	5947,00	19170,00	944,50	225
PRINCESS OF HABO	3	F	PUR SANG	4	1	3	13208,00	0,00	13208,00	3302,00	340
ROUDOUDOU	5	H	PUR SANG	8	1	3	13179,00	5929,00	19108,00	1647,38	330
LISA	5	F	PUR SANG	17	1	9	13176,00	5926,00	19102,00	775,06	150
KARAMA AL LEITH	3	F	PUR SANG	5	0	4	13176,00	0,00	13176,00	2635,20	340
SACREE PHILOMENE	2	F	PUR SANG	6	1	3	13172,00	9878,00	23050,00	2195,33	360
LONG KE WAN	6	F	PUR SANG	9	1	5	13170,00	5924,00	19094,00	1463,33	295
DESERT SPRING	4	F	PUR SANG	4	0	3	13170,00	0,00	13170,00	3292,50	445
REVE BLEU	3	F	PUR SANG	5	0	3	13168,00	9876,00	23044,00	2633,60	395
ART PIECE	4	H	PUR SANG	9	0	8	13159,00	5918,00	19077,00	1462,11	260
SUMMER WAY	7	F	PUR SANG	4	1	3	13128,00	5905,00	19033,00	3282,00	300
WORLD VISION	5	F	PUR SANG	5	1	3	13127,00	0,00	13127,00	2625,40	340
TCHIKITA	3	F	PUR SANG	9	1	5	13119,00	9839,00	22958,00	1457,67	310
SPIRIT GIRL	3	F	PUR SANG	6	1	4	13112,00	9832,00	22944,00	2185,33	310
MONA MALPIC	5	F	PUR SANG	9	2	6	13090,00	5890,00	18980,00	1454,44	570
BAILEYS BACHELOR	5	H	PUR SANG	9	0	4	13089,00	5887,00	18976,00	1454,33	365
ORAGEUX	4	H	PUR SANG	3	2	1	13086,00	5887,00	18973,00	4362,00	340
HAVANA SIX	7	F	PUR SANG	11	0	8	13083,00	5885,00	18968,00	1189,36	285
SULLY	3	H	PUR SANG	6	1	5	13066,00	9797,00	22863,00	2177,67	620
ZYGFRYD	8	H	PUR SANG	13	0	8	13065,00	5876,00	18941,00	1005,00	160
INJAN	2	F	PUR SANG	3	0	3	13065,00	9798,00	22863,00	4355,00	400
TULSA KING	3	M	PUR SANG	6	1	3	13054,00	9790,00	22844,00	2175,67	300
ZOUBAREVA	6	F	PUR SANG	11	1	4	13035,00	5864,00	18899,00	1185,00	160
PLANCKEINSTEIN	4	H	PUR SANG	7	1	5	13035,00	5863,00	18898,00	1862,14	335
VENTS CONTRAIRES	8	H	PUR SANG	12	0	7	13028,00	5860,00	18888,00	1085,67	300
SQUARE CARNOT	4	M	PUR SANG	2	1	1	13025,00	5861,00	18886,00	6512,50	390
SUGAR DADDY	3	H	PUR SANG	11	1	5	13020,00	9764,00	22784,00	1183,64	305
CASPIENNE	3	F	PUR SANG	5	1	3	13019,00	9763,00	22782,00	2603,80	330
SPRING LAUREL	3	F	PUR SANG	6	1	3	13015,00	9760,00	22775,00	2169,17	310
JANAH	4	F	PUR SANG	4	1	3	13010,00	5853,00	18863,00	3252,50	335
MON SIOUX	6	H	PUR SANG	8	1	4	13008,00	5852,00	18860,00	1626,00	220
ANIMA SANA	4	F	PUR SANG	11	1	6	13004,00	5849,00	18853,00	1182,18	275
LADY AGATA	4	F	PUR SANG	6	0	5	12993,00	0,00	12993,00	2165,50	280
TRUE VALUE	5	F	PUR SANG	7	0	5	12990,00	5843,00	18833,00	1855,71	230
REVUELTO	3	M	PUR SANG	5	1	1	12988,00	9741,00	22729,00	2597,60	335
NOUSDEUX	5	F	PUR SANG	12	0	8	12987,00	5839,00	18826,00	1082,25	285
OPIANA	6	F	PUR SANG	10	1	5	12982,00	5840,00	18822,00	1298,20	265
RETIRO	4	M	PUR SANG	3	1	2	12982,00	5841,00	18823,00	4327,33	405
TENDER THOUGHTS	5	F	PUR SANG	12	0	10	12975,00	5835,00	18810,00	1081,25	215
KEY TO VICTORY	4	F	PUR SANG	6	1	1	12972,00	5836,00	18808,00	2162,00	245
FAITH IN YOU	3	F	PUR SANG	7	0	6	12960,00	0,00	12960,00	1851,43	325
D'ORSAY	4	H	PUR SANG	5	1	0	12950,00	5827,00	18777,00	2590,00	195
INTERSTELLA	8	F	PUR SANG	7	1	5	12945,00	0,00	12945,00	1849,29	300
PASAND	4	H	PUR SANG	8	2	2	12932,00	4019,00	16951,00	1616,50	300
PINK VALENTINE	7	F	PUR SANG	3	1	1	12928,00	5817,00	18745,00	4309,33	240
CLEMENZA	6	F	PUR SANG	10	1	6	12921,00	5812,00	18733,00	1292,10	215
GOWAY	5	H	PUR SANG	12	1	3	12914,00	5809,00	18723,00	1076,17	320
POTEMKINE	5	H	PUR SANG	4	1	3	12892,00	5799,00	18691,00	3223,00	430
MATAURI QUEEN	3	F	PUR SANG	4	1	2	12888,00	9666,00	22554,00	3222,00	370
THIBERVILLE	3	H	PUR SANG	8	0	6	12888,00	9664,00	22552,00	1611,00	320
AIBAR	2	M	PUR SANG	4	0	3	12874,00	9654,00	22528,00	3218,50	380
PENNSYLVANIA	4	F	PUR SANG	4	1	2	12870,00	5790,00	18660,00	3217,50	325
POLMINHAC	7	H	PUR SANG	3	1	2	12864,00	5788,00	18652,00	4288,00	245
ZANGAR	4	H	PUR SANG	5	1	2	12828,00	5771,00	18599,00	2565,60	345
DARZAKIR	3	H	PUR SANG	2	1	1	12824,00	9617,00	22441,00	6412,00	390
PIC PEN	4	H	PUR SANG	6	2	2	12813,00	5765,00	18578,00	2135,50	270
SILAWI	6	H	PUR SANG	1	0	1	12810,00	5764,00	18574,00	12810,00	500
TIPERE	2	M	PUR SANG	4	0	4	12810,00	0,00	12810,00	3202,50	375
ASAKIR	3	H	PUR SANG	1	0	1	12810,00	0,00	12810,00	12810,00	455
HISTOIREDEMARS	5	F	PUR SANG	7	2	3	12807,00	5762,00	18569,00	1829,57	245
WOOTTON CENTURION	3	M	PUR SANG	3	1	0	12800,00	9600,00	22400,00	4266,67	435
ALEKSANDROVKA	3	F	PUR SANG	12	1	9	12799,00	9596,00	22395,00	1066,58	240
NOBLE COTAI	5	M	PUR SANG	8	1	3	12794,00	0,00	12794,00	1599,25	240
THE CHARM	7	H	PUR SANG	11	1	3	12769,00	5745,00	18514,00	1160,82	220
BELLA CRACK	3	F	PUR SANG	10	0	9	12765,00	9572,00	22337,00	1276,50	280
PASSAGE VALLET	2	M	PUR SANG	3	1	2	12760,00	9569,00	22329,00	4253,33	405
SHIRDIHENGE	3	F	PUR SANG	8	1	5	12743,00	8131,00	20874,00	1592,88	295
VIOLIN	4	F	PUR SANG	9	1	5	12741,00	5730,00	18471,00	1415,67	270
DADIDOM	8	H	PUR SANG	13	1	10	12740,00	5733,00	18473,00	980,00	610
SODA ZABEEL	3	F	PUR SANG	6	0	5	12737,00	9550,00	22287,00	2122,83	330
KIANDA	3	F	PUR SANG	4	1	1	12734,00	9550,00	22284,00	3183,50	365
AITUTAKI	3	F	PUR SANG	4	1	3	12724,00	0,00	12724,00	3181,00	340
PARTENIT	8	M	PUR SANG	9	1	5	12723,00	5723,00	18446,00	1413,67	325
LIGHTED GLORY	7	F	PUR SANG	15	0	7	12722,00	5723,00	18445,00	848,13	150
DROGO	8	H	PUR SANG	9	1	3	12710,00	5718,00	18428,00	1412,22	315
AL ALAALI	6	H	PUR SANG	12	1	6	12707,00	5717,00	18424,00	1058,92	235
RHEINLAND	4	F	PUR SANG	14	0	8	12691,00	5708,00	18399,00	906,50	215
POLYSPEED	5	H	PUR SANG	10	1	3	12690,00	5709,00	18399,00	1269,00	240
ALEKSINE	4	M	PUR SANG	3	1	1	12688,00	5709,00	18397,00	4229,33	350
DANCE GONE	3	F	PUR SANG	5	0	5	12664,00	9495,00	22159,00	2532,80	375
LA JUSTICIERE	3	F	PUR SANG	7	0	6	12663,00	0,00	12663,00	1809,00	320
PARISIAN BELLE	8	F	PUR SANG	5	1	2	12634,00	5684,00	18318,00	2526,80	165
SMOOKIE	4	F	PUR SANG	13	1	12	12625,00	5681,00	18306,00	971,15	470
MANDOKI	6	H	PUR SANG	11	1	5	12623,00	5679,00	18302,00	1147,55	230
SHACKLETON	4	H	PUR SANG	10	0	8	12615,00	5672,00	18287,00	1261,50	250
MAHJOUBA	4	F	PUR SANG	16	0	10	12614,00	5672,00	18286,00	788,38	240
SICILIA	7	F	PUR SANG	9	1	3	12610,00	5673,00	18283,00	1401,11	230
AIX LES BAINS	2	F	PUR SANG	2	1	1	12596,00	9447,00	22043,00	6298,00	
ZELRYA	2	F	PUR SANG	2	1	1	12596,00	9447,00	22043,00	6298,00	
CAMPELO	5	H	PUR SANG	3	1	2	12596,00	0,00	12596,00	4198,67	360
VERDANSK	6	H	PUR SANG	3	1	2	12595,00	0,00	12595,00	4198,33	340
THE SNARK	4	H	PUR SANG	7	1	3	12580,00	5660,00	18240,00	1797,14	340
ROMANTICON	3	M	PUR SANG	4	0	2	12575,00	0,00	12575,00	3143,75	435
EBIYAR	3	M	PUR SANG	6	0	4	12561,00	9420,00	21981,00	2093,50	390
CAZADERO	4	H	PUR SANG	13	1	8	12554,00	5107,00	17661,00	965,69	225
CRYSTAL BAY	3	H	PUR SANG	4	1	3	12552,00	9413,00	21965,00	3138,00	380
GOOD MEMORY	4	F	PUR SANG	5	1	2	12541,00	5643,00	18184,00	2508,20	240
LOVELY ANGEL	8	F	PUR SANG	2	1	1	12539,00	5642,00	18181,00	6269,50	290
DARLYVI	8	F	PUR SANG	7	0	6	12535,00	5637,00	18172,00	1790,71	305
HOT COLD	4	H	PUR SANG	7	1	3	12526,00	5635,00	18161,00	1789,43	280
SOUS LA NEIGE	6	H	PUR SANG	7	0	3	12525,00	5634,00	18159,00	1789,29	365
VITUS BERING	5	H	PUR SANG	10	1	7	12521,00	5632,00	18153,00	1252,10	210
VATICAN	3	M	PUR SANG	4	0	4	12520,00	9388,00	21908,00	3130,00	365
CREATIVER	4	M	PUR SANG	7	1	4	12514,00	0,00	12514,00	1787,71	415
LE LEGIONNAIRE	3	M	PUR SANG	8	0	8	12510,00	9380,00	21890,00	1563,75	370
EXCESSIVENESS	5	F	PUR SANG	6	1	2	12507,00	5627,00	18134,00	2084,50	315
LETTYT FIGHT	9	H	PUR SANG	9	0	5	12505,00	5625,00	18130,00	1389,44	270
PERSIAN IMP CEN	3	H	PUR SANG	6	0	3	12504,00	9376,00	21880,00	2084,00	405
COETZEE	5	H	PUR SANG	1	1	0	12500,00	0,00	12500,00	12500,00	445
NEXT MINE	4	M	PUR SANG	1	0	1	12495,00	0,00	12495,00	12495,00	500
BEIBHINN	2	F	PUR SANG	1	0	1	12495,00	0,00	12495,00	12495,00	430
TOUQUETOISE	5	F	PUR SANG	14	1	7	12469,00	5609,00	18078,00	890,64	195
READY TO GO	4	F	PUR SANG	11	1	5	12459,00	5604,00	18063,00	1132,64	250
HEY JO	3	H	PUR SANG	5	0	4	12458,00	9343,00	21801,00	2491,60	335
THE BROWN BEVERLY	4	F	PUR SANG	11	3	4	12440,00	5598,00	18038,00	1130,91	555
LAND OF LIBERTY	3	F	PUR SANG	5	0	2	12440,00	9330,00	21770,00	2488,00	425
AZANIYA	4	F	PUR SANG	2	0	2	12440,00	0,00	12440,00	6220,00	490
LILY OFTHE KINGDON	5	F	PUR SANG	18	1	10	12433,00	5083,00	17516,00	690,72	150
MARQUISE DES ILES	3	F	PUR SANG	7	2	5	12420,00	9315,00	21735,00	1774,29	550
HOUBLON	3	H	PUR SANG	2	1	1	12414,00	0,00	12414,00	6207,00	405
SALAMANQUE	3	F	PUR SANG	9	0	8	12411,00	7056,00	19467,00	1379,00	290
BRIDEGO BRIDGE	11	H	PUR SANG	9	3	3	12400,00	5580,00	17980,00	1377,78	495
HORAGE	3	H	PUR SANG	6	1	4	12394,00	9295,00	21689,00	2065,67	320
SOONAK	2	F	PUR SANG	3	1	1	12390,00	9292,00	21682,00	4130,00	380
DILJIT	2	M	PUR SANG	2	1	1	12390,00	9292,00	21682,00	6195,00	
ATOSSA	2	F	PUR SANG	2	1	1	12390,00	9292,00	21682,00	6195,00	
BALTIMORE	4	H	PUR SANG	12	1	5	12376,00	5568,00	17944,00	1031,33	210
GOLDEN RIVER	6	F	PUR SANG	10	1	4	12367,00	5562,00	17929,00	1236,70	235
ENFANT PARADIS	2	F	PUR SANG	12	0	8	12367,00	9273,00	21640,00	1030,58	315
SUN SONG	4	F	PUR SANG	7	1	5	12357,00	5559,00	17916,00	1765,29	240
RIGEL	4	F	PUR SANG	11	0	8	12354,00	5556,00	17910,00	1123,09	240
PAY TO LEARN	5	H	PUR SANG	1	1	0	12350,00	5557,00	17907,00	12350,00	430
AKIDO	4	M	PUR SANG	1	1	0	12350,00	5557,00	17907,00	12350,00	430
DNIPRO	3	H	PUR SANG	1	1	0	12350,00	9262,00	21612,00	12350,00	
DANTE NONANTAIS	3	H	PUR SANG	1	1	0	12350,00	9262,00	21612,00	12350,00	
HARISSA	3	F	PUR SANG	1	1	0	12350,00	9262,00	21612,00	12350,00	
KHOZAN	3	H	PUR SANG	3	1	0	12350,00	0,00	12350,00	4116,67	
TIMIDE	2	M	PUR SANG	2	1	0	12350,00	0,00	12350,00	6175,00	
PIOTR	3	M	PUR SANG	1	1	0	12350,00	0,00	12350,00	12350,00	
RECOLLECT	3	H	PUR SANG	1	1	0	12350,00	0,00	12350,00	12350,00	
SCUTARI	3	M	PUR SANG	1	1	0	12350,00	0,00	12350,00	12350,00	370
LIFE STUDY	3	F	PUR SANG	2	1	0	12350,00	0,00	12350,00	6175,00	
MARYLENE DU SERRE	3	F	PUR SANG	4	0	2	12350,00	9262,00	21612,00	3087,50	440
MIMOSA DES SOURCES	4	H	PUR SANG	9	1	7	12346,00	4114,00	16460,00	1371,78	275
PEARL HARBOUR	6	F	PUR SANG	5	1	1	12336,00	5551,00	17887,00	2467,20	290
TOMTIT	2	M	PUR SANG	2	1	1	12328,00	9246,00	21574,00	6164,00	
MY SECRET LIGHT	4	H	PUR SANG	11	0	10	12317,00	5537,00	17854,00	1119,73	290
SILVER BEAUTY	6	F	PUR SANG	6	1	2	12300,00	5533,00	17833,00	2050,00	295
BAIGNADE	5	F	PUR SANG	5	1	1	12298,00	0,00	12298,00	2459,60	295
VOLCANO	4	H	PUR SANG	7	1	2	12291,00	5530,00	17821,00	1755,86	320
SOCIETY PRINCESSE	3	F	PUR SANG	5	1	1	12288,00	9216,00	21504,00	2457,60	350
LE CORSAIRE	6	H	PUR SANG	4	1	1	12278,00	5524,00	17802,00	3069,50	300
KISS QUEEN	7	F	PUR SANG	8	0	8	12276,00	5522,00	17798,00	1534,50	150
EMPRESS OF LIGHT	3	F	PUR SANG	5	1	4	12274,00	0,00	12274,00	2454,80	330
PHANTOM FLAME	3	H	PUR SANG	2	1	1	12273,00	9204,00	21477,00	6136,50	
LITTLE OCEAN	3	F	PUR SANG	12	1	10	12257,00	9191,00	21448,00	1021,42	225
TIME TO GALI	4	F	PUR SANG	16	1	7	12254,00	5512,00	17766,00	765,88	175
SEE THE LIGHT	6	H	PUR SANG	8	0	7	12233,00	5501,00	17734,00	1529,13	300
CAMELARUA	4	F	PUR SANG	12	0	9	12225,00	5497,00	17722,00	1018,75	250
HEY MAN	8	H	PUR SANG	11	1	7	12221,00	5496,00	17717,00	1111,00	210
COCO VANILLE	3	F	PUR SANG	3	1	2	12207,00	9155,00	21362,00	4069,00	370
NEPETA	3	F	PUR SANG	5	1	3	12188,00	9141,00	21329,00	2437,60	365
NEW PEARL	3	F	PUR SANG	10	0	6	12188,00	9140,00	21328,00	1218,80	270
CRISTABEL	4	F	PUR SANG	5	0	5	12183,00	5480,00	17663,00	2436,60	370
LADY FALCON CEN	2	F	PUR SANG	4	0	4	12182,00	9135,00	21317,00	3045,50	375
MIA JULIA	4	F	PUR SANG	4	0	4	12148,00	5464,00	17612,00	3037,00	320
RIYAK	8	H	PUR SANG	9	0	7	12137,00	5459,00	17596,00	1348,56	305
SEABISCUIT DU RHEU	5	H	PUR SANG	5	1	4	12124,00	5455,00	17579,00	2424,80	230
SHERA	3	F	PUR SANG	8	1	4	12116,00	9087,00	21203,00	1514,50	305
JANGIR	3	H	PUR SANG	5	1	1	12115,00	9086,00	21201,00	2423,00	365
NIGHT MARY	3	F	PUR SANG	5	1	3	12114,00	9085,00	21199,00	2422,80	300
LAVIS	4	H	PUR SANG	13	1	7	12112,00	3423,00	15535,00	931,69	200
SENTOSA	3	F	PUR SANG	6	0	5	12104,00	7578,00	19682,00	2017,33	335
SANDRO GOLD	6	H	PUR SANG	11	2	7	12100,00	5444,00	17544,00	1100,00	570
TOUNSBY	3	H	PUR SANG	4	1	2	12096,00	9072,00	21168,00	3024,00	345
DARYOZA	3	F	PUR SANG	10	1	4	12092,00	9066,00	21158,00	1209,20	240
BOLROL FAL	2	M	PUR SANG	3	1	1	12090,00	9067,00	21157,00	4030,00	390
THE BLACK STONE	3	H	PUR SANG	9	0	7	12072,00	9051,00	21123,00	1341,33	330
FRANKLY GOOD CEN	4	M	PUR SANG	3	1	1	12070,00	5430,00	17500,00	4023,33	450
ENCORE RIDGE	3	H	PUR SANG	6	1	3	12058,00	9042,00	21100,00	2009,67	325
KATA TJUTA	2	F	PUR SANG	7	0	7	12053,00	9037,00	21090,00	1721,86	365
BLANC BLEU	8	H	PUR SANG	13	1	4	12049,00	5421,00	17470,00	926,85	260
MISSOURI	6	H	PUR SANG	12	0	10	12048,00	0,00	12048,00	1004,00	220
AL ALMARCHAL	5	M	PUR SANG	3	0	2	12048,00	0,00	12048,00	4016,00	340
CHARMING CAT	3	M	PUR SANG	9	1	3	12044,00	9031,00	21075,00	1338,22	260
GLENMORE	3	H	PUR SANG	8	1	5	12037,00	5277,00	17314,00	1504,63	300
LA GALOPAZ	2	F	PUR SANG	4	1	3	12034,00	9025,00	21059,00	3008,50	330
GARIGLIANO	9	H	PUR SANG	8	1	4	12032,00	5411,00	17443,00	1504,00	230
ZADE	3	M	PUR SANG	3	0	3	12032,00	0,00	12032,00	4010,67	405
ROI DE LA LIBERTE	3	H	PUR SANG	2	0	2	12014,00	0,00	12014,00	6007,00	455
SOUVENIR D'ECAJEUL	5	M	PUR SANG	8	1	4	12010,00	5403,00	17413,00	1501,25	345
SAPRISTI	6	H	PUR SANG	7	1	2	12008,00	5403,00	17411,00	1715,43	335
AME DIVINE	4	F	PUR SANG	8	1	3	11991,00	5394,00	17385,00	1498,88	260
AMIRLAN	3	H	PUR SANG	10	0	9	11979,00	0,00	11979,00	1197,90	275
MIA GRANDE	5	H	PUR SANG	5	1	2	11970,00	0,00	11970,00	2394,00	245
MAITRE D'ARMES	5	H	PUR SANG	6	1	3	11968,00	5384,00	17352,00	1994,67	280
LOGIS	5	H	PUR SANG	12	1	5	11962,00	5380,00	17342,00	996,83	190
KUPKA	4	H	PUR SANG	9	1	5	11950,00	5374,00	17324,00	1327,78	255
SCREEN SHOT	7	H	PUR SANG	9	0	8	11944,00	5372,00	17316,00	1327,11	295
KALAFA	4	F	PUR SANG	6	1	2	11940,00	5372,00	17312,00	1990,00	290
SEU JO	3	M	PUR SANG	3	1	2	11940,00	0,00	11940,00	3980,00	375
CUREJ	6	H	PUR SANG	5	1	2	11939,00	0,00	11939,00	2387,80	330
SHAMBHALLA	3	F	PUR SANG	6	0	6	11932,00	8948,00	20880,00	1988,67	330
CRISZILLA	3	F	PUR SANG	3	1	2	11923,00	8941,00	20864,00	3974,33	360
BREIZHY BOY	4	H	PUR SANG	4	1	2	11918,00	5362,00	17280,00	2979,50	385
MARA WOOD	5	F	PUR SANG	15	1	11	11914,00	5360,00	17274,00	794,27	510
LADY CHNAK	2	F	PUR SANG	2	1	1	11911,00	8933,00	20844,00	5955,50	
DIVINE CHRISNAT	6	F	PUR SANG	8	0	2	11910,00	3572,00	15482,00	1488,75	420
UNKNOWN TERRITORY	3	F	PUR SANG	7	1	4	11906,00	5179,00	17085,00	1700,86	305
ROMAN LADY	3	F	PUR SANG	6	1	3	11904,00	8928,00	20832,00	1984,00	350
MASSKO	4	H	PUR SANG	11	1	6	11885,00	5346,00	17231,00	1080,45	250
DSCHINGIS ARROW	5	H	PUR SANG	14	0	10	11884,00	5345,00	17229,00	848,86	185
LORAXED	4	H	PUR SANG	3	2	1	11868,00	0,00	11868,00	3956,00	
DANCING EAGLE CEN	2	F	PUR SANG	3	1	2	11865,00	8898,00	20763,00	3955,00	380
THE BLACK VELVET	3	F	PUR SANG	13	0	8	11863,00	8896,00	20759,00	912,54	230
ENEA	4	H	PUR SANG	2	1	1	11859,00	5336,00	17195,00	5929,50	440
HUNGRY HEART	5	H	PUR SANG	9	0	6	11853,00	5331,00	17184,00	1317,00	330
ASIMA	2	F	PUR SANG	4	1	2	11851,00	8888,00	20739,00	2962,75	365
WALDNEBEL	4	M	PUR SANG	3	0	2	11834,00	0,00	11834,00	3944,67	470
ECLAIR DE VATI	8	H	PUR SANG	10	1	6	11833,00	5322,00	17155,00	1183,30	150
SET APART	3	M	PUR SANG	2	1	1	11823,00	0,00	11823,00	5911,50	
SILVER CONDOR	10	H	PUR SANG	15	1	4	11818,00	5317,00	17135,00	787,87	155
KING WOOD	3	H	PUR SANG	9	2	4	11815,00	8861,00	20676,00	1312,78	250
QUE BELLA	4	F	PUR SANG	3	1	1	11813,00	0,00	11813,00	3937,67	305
AUSTRALIPS	3	F	PUR SANG	9	1	7	11801,00	8848,00	20649,00	1311,22	285
PEN AND SWORD	3	H	PUR SANG	6	0	5	11793,00	0,00	11793,00	1965,50	385
GOLDEN STATE	5	H	PUR SANG	11	1	5	11784,00	5300,00	17084,00	1071,27	235
MOUTRAKI	8	H	PUR SANG	7	1	4	11784,00	0,00	11784,00	1683,43	255
AIR DE SAMBA	4	F	PUR SANG	13	0	6	11773,00	5295,00	17068,00	905,62	215
COUNTRY CLUB	3	H	PUR SANG	11	0	7	11772,00	8827,00	20599,00	1070,18	270
PRAY FOR HOPE	4	F	PUR SANG	12	1	8	11770,00	5294,00	17064,00	980,83	170
LONDON WAY	6	H	PUR SANG	7	1	3	11761,00	5292,00	17053,00	1680,14	170
FLOWERY COAST	4	F	PUR SANG	7	1	3	11760,00	5291,00	17051,00	1680,00	215
AUSTRALASIA	3	F	PUR SANG	2	1	1	11760,00	8820,00	20580,00	5880,00	365
EXCELSIOR	7	H	PUR SANG	11	1	6	11754,00	5287,00	17041,00	1068,55	275
BOJANGLES	5	H	PUR SANG	4	1	3	11752,00	5288,00	17040,00	2938,00	215
POMME SURETTE	4	F	PUR SANG	11	1	5	11752,00	5287,00	17039,00	1068,36	245
LA PORTUGAISE	5	F	PUR SANG	14	1	5	11745,00	5284,00	17029,00	838,93	175
OFFICINE	2	F	PUR SANG	3	1	1	11744,00	8808,00	20552,00	3914,67	375
LA VALE	5	F	PUR SANG	8	2	4	11736,00	5280,00	17016,00	1467,00	565
LA BELLE OTERO	3	F	PUR SANG	10	1	4	11732,00	8797,00	20529,00	1173,20	255
WAYZATA MIST	3	H	PUR SANG	6	0	5	11732,00	8797,00	20529,00	1955,33	350
MAGIEL	2	F	PUR SANG	5	0	5	11725,00	8791,00	20516,00	2345,00	350
ALLEGRESSE	3	F	PUR SANG	7	1	4	11702,00	5026,00	16728,00	1671,71	320
DSCHINGIS DREAM	5	M	PUR SANG	5	1	2	11701,00	5265,00	16966,00	2340,20	385
APOPHENIE	2	F	PUR SANG	4	0	3	11698,00	8772,00	20470,00	2924,50	365
TENYEARSAFTER	5	H	PUR SANG	17	0	8	11689,00	5257,00	16946,00	687,59	190
EN CHANTANT	2	F	PUR SANG	5	1	2	11688,00	8765,00	20453,00	2337,60	380
HARMATTAN	6	H	PUR SANG	7	1	5	11687,00	5258,00	16945,00	1669,57	245
WALLY	9	H	PUR SANG	4	1	2	11687,00	5257,00	16944,00	2921,75	410
RAGE CHOPE	3	F	PUR SANG	11	0	8	11678,00	8757,00	20435,00	1061,64	225
LUCAS TREZY	7	H	PUR SANG	12	1	6	11675,00	5252,00	16927,00	972,92	185
RASSENI CHOP	3	H	PUR SANG	8	1	3	11670,00	8752,00	20422,00	1458,75	325
MASTER CATH	4	M	PUR SANG	6	0	6	11665,00	5245,00	16910,00	1944,17	405
CHARM WRENS	7	F	PUR SANG	6	1	3	11664,00	5248,00	16912,00	1944,00	225
GOUYAR	2	M	PUR SANG	4	0	3	11662,00	0,00	11662,00	2915,50	395
ENIGMATIC	3	M	PUR SANG	6	1	4	11650,00	4987,00	16637,00	1941,67	320
SARI MAN	3	H	PUR SANG	9	0	9	11650,00	3768,00	15418,00	1294,44	250
LOUIS SKI	7	H	PUR SANG	3	1	1	11648,00	5241,00	16889,00	3882,67	305
GRAND TERROIR	4	M	PUR SANG	5	1	3	11647,00	5239,00	16886,00	2329,40	305
MARTIN	5	H	PUR SANG	9	1	4	11644,00	5239,00	16883,00	1293,78	325
THE LITTLE SWAN	3	F	PUR SANG	6	0	5	11628,00	8719,00	20347,00	1938,00	355
RISING UP	6	M	PUR SANG	11	1	5	11622,00	5228,00	16850,00	1056,55	225
REVEUR	3	H	PUR SANG	4	1	2	11616,00	8712,00	20328,00	2904,00	345
MATAKI	3	M	PUR SANG	7	1	6	11616,00	8710,00	20326,00	1659,43	370
SHATIVA	3	F	PUR SANG	10	1	5	11612,00	8707,00	20319,00	1161,20	255
BECHO	8	F	PUR SANG	13	1	6	11589,00	5212,00	16801,00	891,46	190
INKIOSTRO	6	F	PUR SANG	3	1	2	11589,00	5214,00	16803,00	3863,00	250
STARNBERG	4	H	PUR SANG	9	0	7	11582,00	5210,00	16792,00	1286,89	380
BOIS REGNY	4	H	PUR SANG	8	1	6	11574,00	5205,00	16779,00	1446,75	320
MAKING WAVES	4	F	PUR SANG	5	1	4	11566,00	5204,00	16770,00	2313,20	230
EXTRAPOL	4	H	PUR SANG	9	1	5	11563,00	5202,00	16765,00	1284,78	300
WAYKIKI	3	H	PUR SANG	9	0	8	11557,00	8666,00	20223,00	1284,11	275
AIRLIE BEACH	2	F	PUR SANG	3	1	2	11554,00	8665,00	20219,00	3851,33	370
BELBEST FAL	3	F	PUR SANG	8	2	2	11550,00	8662,00	20212,00	1443,75	250
ROYAL ETINCELLE	6	H	PUR SANG	6	3	1	11540,00	5193,00	16733,00	1923,33	585
SENORITO	4	H	PUR SANG	6	1	3	11500,00	5174,00	16674,00	1916,67	365
GALA	4	F	PUR SANG	5	1	2	11496,00	5172,00	16668,00	2299,20	380
NOVA KEN	5	F	PUR SANG	9	1	4	11493,00	5169,00	16662,00	1277,00	285
WAKIF	4	H	PUR SANG	12	1	4	11493,00	5171,00	16664,00	957,75	200
SIGHISH	3	F	PUR SANG	5	0	5	11491,00	8614,00	20105,00	2298,20	340
SHARK SAMURAI	7	H	PUR SANG	4	1	3	11489,00	5169,00	16658,00	2872,25	345
GOKITA	2	F	PUR SANG	7	0	5	11489,00	8615,00	20104,00	1641,29	340
TRUST ON	4	M	PUR SANG	4	0	2	11485,00	5168,00	16653,00	2871,25	495
LHOMMAIZE	6	H	PUR SANG	3	1	2	11467,00	5158,00	16625,00	3822,33	295
ELENKA	4	F	PUR SANG	13	0	8	11465,00	5156,00	16621,00	881,92	230
UNFURLED	4	H	PUR SANG	10	0	7	11462,00	5154,00	16616,00	1146,20	285
MUHAARIA	3	F	PUR SANG	5	0	4	11456,00	8592,00	20048,00	2291,20	350
POET'S BLACK	9	H	PUR SANG	14	1	6	11452,00	5151,00	16603,00	818,00	150
MY EDEN JAMES	4	H	PUR SANG	10	0	5	11452,00	5151,00	16603,00	1145,20	290
TESTIPEDRO	8	H	PUR SANG	7	1	4	11449,00	5151,00	16600,00	1635,57	195
MOLINO	9	H	PUR SANG	9	1	4	11443,00	5148,00	16591,00	1271,44	190
LAMBOURN	4	M	PUR SANG	1	0	1	11440,00	0,00	11440,00	11440,00	540
THOR LIGHTNING	5	M	PUR SANG	3	1	1	11431,00	5143,00	16574,00	3810,33	420
MON COMEDIEN	4	H	PUR SANG	7	0	5	11431,00	5141,00	16572,00	1633,00	320
J'AIME MA REINE	7	F	PUR SANG	6	2	4	11430,00	5143,00	16573,00	1905,00	550
CEMBALLO	5	H	PUR SANG	5	0	4	11424,00	0,00	11424,00	2284,80	230
CHOEUR DES ANGES	4	H	PUR SANG	10	2	6	11420,00	5136,00	16556,00	1142,00	210
MARTAGHALYA	3	F	PUR SANG	6	1	2	11412,00	7434,00	18846,00	1902,00	335
ASSYRIE	3	F	PUR SANG	7	0	6	11402,00	8548,00	19950,00	1628,86	335
DIOPTASE	4	H	PUR SANG	5	0	4	11397,00	5125,00	16522,00	2279,40	425
SNOW PLAYER	4	M	PUR SANG	4	0	3	11392,00	5125,00	16517,00	2848,00	445
NYMPHENBURG	2	M	PUR SANG	6	1	4	11391,00	8542,00	19933,00	1898,50	330
LUZITANIE	4	F	PUR SANG	11	1	9	11390,00	5125,00	16515,00	1035,45	445
OTOMAI	4	M	PUR SANG	11	0	5	11390,00	5123,00	16513,00	1035,45	315
BON DERNIER	4	M	PUR SANG	7	0	5	11389,00	5122,00	16511,00	1627,00	295
ZELICA	5	F	PUR SANG	14	0	11	11388,00	4952,00	16340,00	813,43	175
WHITE PLATIN	8	H	PUR SANG	10	0	6	11370,00	5113,00	16483,00	1137,00	320
KHAMEPHIS GAME	6	H	PUR SANG	6	1	2	11364,00	5112,00	16476,00	1894,00	315
IT'S EAGLE	5	H	PUR SANG	3	0	3	11358,00	5109,00	16467,00	3786,00	310
BENIMARU	5	H	PUR SANG	8	1	2	11353,00	5107,00	16460,00	1419,13	280
WICKBURY	4	F	PUR SANG	13	1	4	11352,00	5107,00	16459,00	873,23	260
HAPPY HUNTER	6	H	PUR SANG	10	1	4	11351,00	5106,00	16457,00	1135,10	265
BANKHOVSKI	3	H	PUR SANG	9	0	7	11339,00	8502,00	19841,00	1259,89	325
SCHACHEN	3	F	PUR SANG	6	0	5	11329,00	0,00	11329,00	1888,17	350
GO GO BLITZ	7	H	PUR SANG	3	1	2	11326,00	5096,00	16422,00	3775,33	160
ALATEMAGICBABY	5	H	PUR SANG	2	1	1	11322,00	0,00	11322,00	5661,00	320
TOCOA	3	H	PUR SANG	6	0	5	11319,00	8486,00	19805,00	1886,50	315
ECLAIRE LA VIE	5	F	PUR SANG	10	0	7	11309,00	5086,00	16395,00	1130,90	280
THE DIG	7	H	PUR SANG	7	1	5	11292,00	5079,00	16371,00	1613,14	215
TCHERKANOV	2	M	PUR SANG	2	1	1	11277,00	8457,00	19734,00	5638,50	
KISSAKO	4	F	PUR SANG	4	1	2	11273,00	5072,00	16345,00	2818,25	295
TIMEA	4	F	PUR SANG	8	0	5	11267,00	5067,00	16334,00	1408,38	285
NASHOBA	3	H	PUR SANG	6	1	3	11263,00	8446,00	19709,00	1877,17	350
THE GOOD MAN	9	M	PUR SANG	6	0	4	11255,00	5062,00	16317,00	1875,83	415
COMME QUOI	5	H	PUR SANG	8	0	6	11249,00	5059,00	16308,00	1406,13	370
GUINESS STAR	6	M	PUR SANG	3	0	3	11247,00	5059,00	16306,00	3749,00	365
WHY AM I BEAUTIFUL	3	F	PUR SANG	7	0	6	11236,00	8427,00	19663,00	1605,14	315
LA GUERCHE	5	F	PUR SANG	7	0	5	11232,00	5052,00	16284,00	1604,57	340
GEOPOLITICAL	4	H	PUR SANG	8	1	4	11228,00	5050,00	16278,00	1403,50	315
IN CARE OF	3	M	PUR SANG	6	0	6	11227,00	8419,00	19646,00	1871,17	340
DANELO	8	H	PUR SANG	5	1	3	11223,00	0,00	11223,00	2244,60	340
SOEUR	5	F	PUR SANG	4	0	4	11216,00	5046,00	16262,00	2804,00	345
MY DARLING	7	F	PUR SANG	10	0	10	11208,00	5041,00	16249,00	1120,80	205
EGLANTINE	2	F	PUR SANG	5	1	1	11190,00	8392,00	19582,00	2238,00	330
GRAN HABANO	4	H	PUR SANG	10	0	9	11188,00	0,00	11188,00	1118,80	295
PERSUASIF	3	H	PUR SANG	3	1	1	11185,00	8388,00	19573,00	3728,33	360
NEREUS	2	M	PUR SANG	2	1	1	11185,00	0,00	11185,00	5592,50	
NOUS TROIS	3	F	PUR SANG	9	0	7	11185,00	8387,00	19572,00	1242,78	265
DADAS BOY	5	H	PUR SANG	11	0	8	11185,00	0,00	11185,00	1016,82	245
ETRE	4	F	PUR SANG	8	0	7	11183,00	5030,00	16213,00	1397,88	265
MAJOIE	3	F	PUR SANG	5	1	3	11182,00	8386,00	19568,00	2236,40	325
GARMI	5	F	PUR SANG	16	0	11	11179,00	5027,00	16206,00	698,69	185
CELAGO	3	H	PUR SANG	5	0	5	11178,00	8383,00	19561,00	2235,60	345
HONGUEMARE	7	F	PUR SANG	13	0	9	11147,00	5011,00	16158,00	857,46	265
FORGOTTEN SON	3	M	PUR SANG	7	0	6	11144,00	8354,00	19498,00	1592,00	325
VOYAGE OLYMPIQUE	3	F	PUR SANG	13	0	10	11130,00	8344,00	19474,00	856,15	255
IL CAPO	5	H	PUR SANG	11	0	7	11102,00	4992,00	16094,00	1009,27	330
BECQUATHUNDER	9	H	PUR SANG	5	1	3	11090,00	4989,00	16079,00	2218,00	260
MICOCOULIER	3	H	PUR SANG	4	1	2	11089,00	8316,00	19405,00	2772,25	380
DIWAN SENORA	13	M	PUR SANG	6	1	4	11088,00	4989,00	16077,00	1848,00	205
SQUARE D'ANVERS	3	H	PUR SANG	7	1	2	11070,00	8302,00	19372,00	1581,43	330
CHILLS	4	F	PUR SANG	3	1	2	11066,00	0,00	11066,00	3688,67	260
INDIFFERENTE	3	F	PUR SANG	4	0	3	11064,00	8297,00	19361,00	2766,00	450
INTENTION BORGET	4	F	PUR SANG	8	1	4	11061,00	4976,00	16037,00	1382,63	255
PICCOLO ANGELO	2	H	PUR SANG	4	0	4	11058,00	8292,00	19350,00	2764,50	350
STARGATOR	3	F	PUR SANG	4	1	2	11051,00	0,00	11051,00	2762,75	360
WILD N'BEAUTIFUL	5	H	PUR SANG	2	1	0	11050,00	4972,00	16022,00	5525,00	235
FAVOLO	4	H	PUR SANG	3	1	0	11050,00	4972,00	16022,00	3683,33	320
EL JEQUE	3	M	PUR SANG	2	1	0	11050,00	0,00	11050,00	5525,00	
MIDNIGHT RODEO	3	H	PUR SANG	2	1	0	11050,00	0,00	11050,00	5525,00	
BECQUANIENTE	6	F	PUR SANG	5	1	4	11045,00	4968,00	16013,00	2209,00	265
XTRAMOUR	3	H	PUR SANG	6	1	2	11044,00	8283,00	19327,00	1840,67	310
CASABLANCA	3	F	PUR SANG	2	1	1	11038,00	0,00	11038,00	5519,00	
TYSON	4	H	PUR SANG	8	0	4	11026,00	4959,00	15985,00	1378,25	325
MARIANA D'ID	2	F	PUR SANG	2	1	1	11025,00	8268,00	19293,00	5512,50	
DETESNOUVELLES	7	F	PUR SANG	10	1	4	11023,00	4284,00	15307,00	1102,30	170
SEA NYMPH	3	F	PUR SANG	5	1	3	11022,00	0,00	11022,00	2204,40	375
MELODIE ITALIENNE	3	F	PUR SANG	7	1	6	11021,00	8265,00	19286,00	1574,43	255
MAESTRO CHOP	9	H	PUR SANG	16	0	11	11019,00	4955,00	15974,00	688,69	150
CELANOKEN	4	H	PUR SANG	10	0	6	11019,00	4956,00	15975,00	1101,90	235
IMPERIAL CHOPE	3	F	PUR SANG	9	1	6	11018,00	6387,00	17405,00	1224,22	230
ZULU WARRIOR	6	H	PUR SANG	6	1	2	11007,00	4952,00	15959,00	1834,50	385
DIVINE IDYLLE	4	F	PUR SANG	7	2	4	11000,00	4950,00	15950,00	1571,43	510
ROYAL RIZZI	2	F	PUR SANG	5	0	4	10998,00	8247,00	19245,00	2199,60	365
INCENTIVE GLORY	3	F	PUR SANG	5	2	1	10986,00	8238,00	19224,00	2197,20	290
DINO	4	M	PUR SANG	2	0	1	10980,00	4941,00	15921,00	5490,00	470
WAFEI	5	H	PUR SANG	2	0	1	10980,00	0,00	10980,00	5490,00	460
VELIKAYA	4	F	PUR SANG	1	0	1	10980,00	4941,00	15921,00	10980,00	445
DARK TROOPER	6	H	PUR SANG	2	0	2	10980,00	0,00	10980,00	5490,00	490
LIGHT THE GHOST	4	F	PUR SANG	3	0	1	10980,00	0,00	10980,00	3660,00	490
LA BRODEUSE	4	F	PUR SANG	1	0	1	10980,00	0,00	10980,00	10980,00	450
TENABILITY	4	H	PUR SANG	1	0	1	10980,00	0,00	10980,00	10980,00	495
ISLE OF FERNANDEZ	3	F	PUR SANG	2	0	1	10980,00	0,00	10980,00	5490,00	455
HARDY WARRIOR	3	M	PUR SANG	1	0	1	10980,00	0,00	10980,00	10980,00	485
ARMOR SUPREME	2	F	PUR SANG	1	0	1	10980,00	0,00	10980,00	10980,00	435
LIGHT OF DAWN	2	F	PUR SANG	1	0	1	10980,00	0,00	10980,00	10980,00	
TOP GLORY	8	H	PUR SANG	12	1	4	10972,00	4936,00	15908,00	914,33	180
KELCE	4	H	PUR SANG	3	2	1	10950,00	3127,00	14077,00	3650,00	330
COCOA	9	F	PUR SANG	9	1	3	10950,00	4252,00	15202,00	1216,67	175
SANAWARI	3	H	PUR SANG	9	0	6	10950,00	8212,00	19162,00	1216,67	320
GUAPAK	4	H	PUR SANG	9	1	7	10947,00	3215,00	14162,00	1216,33	240
GITANO	4	H	PUR SANG	8	0	4	10932,00	4917,00	15849,00	1366,50	335
LUCERO	5	H	PUR SANG	15	1	5	10930,00	4917,00	15847,00	728,67	225
AYKIB	3	F	PUR SANG	12	1	9	10920,00	8190,00	19110,00	910,00	485
WOODSTARS	2	H	PUR SANG	5	0	3	10920,00	8189,00	19109,00	2184,00	370
ZARTOP	4	H	PUR SANG	11	0	9	10913,00	4907,00	15820,00	992,09	245
NEW GROUND	4	H	PUR SANG	2	0	2	10912,00	0,00	10912,00	5456,00	490
LADY DARKA	5	F	PUR SANG	8	1	4	10901,00	4904,00	15805,00	1362,63	265
BI BOISY	3	F	PUR SANG	6	1	4	10890,00	8167,00	19057,00	1815,00	300
FOLLOW YOU	7	H	PUR SANG	16	1	6	10887,00	4897,00	15784,00	680,44	230
BRIVIDO MOON	4	M	PUR SANG	7	1	2	10873,00	4892,00	15765,00	1553,29	235
ESHBELIA	5	F	PUR SANG	11	1	7	10870,00	4891,00	15761,00	988,18	585
KRISTOLYX	2	H	PUR SANG	2	1	1	10870,00	8152,00	19022,00	5435,00	
FELIX FELICIS	6	H	PUR SANG	5	1	2	10863,00	4887,00	15750,00	2172,60	255
ESSAI TRANSFORME	8	H	PUR SANG	6	1	1	10862,00	4887,00	15749,00	1810,33	265
CITOYEN	3	M	PUR SANG	5	0	5	10858,00	8143,00	19001,00	2171,60	340
SUR LA LUNE	3	F	PUR SANG	2	1	1	10854,00	8140,00	18994,00	5427,00	
MON FAVORI	4	H	PUR SANG	6	0	4	10850,00	4881,00	15731,00	1808,33	320
ABELARD F	8	M	PUR SANG	5	1	3	10829,00	0,00	10829,00	2165,80	370
SPIRIT OF DANCE	10	H	PUR SANG	9	1	4	10821,00	4553,00	15374,00	1202,33	220
WIT	4	H	PUR SANG	3	1	2	10794,00	0,00	10794,00	3598,00	395
CHEVALDOR	4	H	PUR SANG	6	1	4	10790,00	0,00	10790,00	1798,33	335
TREZY CREME	3	F	PUR SANG	4	1	2	10788,00	8091,00	18879,00	2697,00	325
GLOW UP	3	F	PUR SANG	7	1	3	10778,00	8082,00	18860,00	1539,71	270
FRUITION	4	F	PUR SANG	10	0	8	10772,00	4214,00	14986,00	1077,20	235
VERSION COX	6	F	PUR SANG	10	1	6	10764,00	4370,00	15134,00	1076,40	220
STANTO	11	H	PUR SANG	4	1	2	10746,00	4835,00	15581,00	2686,50	230
DHIFFUSHI	3	F	PUR SANG	6	1	2	10729,00	8046,00	18775,00	1788,17	300
LANDARYNA	8	F	PUR SANG	16	0	8	10729,00	4826,00	15555,00	670,56	150
EVER FAST	4	H	PUR SANG	7	0	5	10725,00	4824,00	15549,00	1532,14	300
IFFROCTA FAL	4	F	PUR SANG	10	0	5	10709,00	4816,00	15525,00	1070,90	245
BRIGHTON SPORT	4	M	PUR SANG	4	1	2	10698,00	4813,00	15511,00	2674,50	280
KINGA	2	F	PUR SANG	3	0	2	10696,00	8021,00	18717,00	3565,33	390
BY FAR	5	H	PUR SANG	7	1	3	10694,00	4810,00	15504,00	1527,71	255
CALA ROSSA	4	F	PUR SANG	10	1	6	10694,00	4809,00	15503,00	1069,40	295
SIAM PARAGON	7	H	PUR SANG	3	0	3	10687,00	4808,00	15495,00	3562,33	450
SHADE	6	H	PUR SANG	8	0	7	10671,00	4799,00	15470,00	1333,88	205
HUCHENANE	5	H	PUR SANG	6	1	2	10669,00	4800,00	15469,00	1778,17	325
KATHALINA	7	F	PUR SANG	7	1	2	10659,00	4796,00	15455,00	1522,71	245
TIGRE ROUGE	7	H	PUR SANG	9	1	6	10648,00	4789,00	15437,00	1183,11	210
ORION CLASS	4	F	PUR SANG	7	1	3	10648,00	4791,00	15439,00	1521,14	275
FOLIE MEME	3	F	PUR SANG	11	1	5	10644,00	7982,00	18626,00	967,64	270
SOLE	3	F	PUR SANG	3	1	2	10633,00	7974,00	18607,00	3544,33	370
ULTRAFRAGOLA	4	F	PUR SANG	2	1	1	10630,00	0,00	10630,00	5315,00	430
SIGNORA BELLISSIMA	6	F	PUR SANG	4	1	1	10626,00	0,00	10626,00	2656,50	300
ENTLEBUCH	3	M	PUR SANG	8	0	6	10626,00	7968,00	18594,00	1328,25	350
OCRA	3	F	PUR SANG	10	0	5	10625,00	7968,00	18593,00	1062,50	295
VALENTIA	3	F	PUR SANG	2	1	1	10624,00	7968,00	18592,00	5312,00	335
HIGHFIELD HEIRESS	5	F	PUR SANG	8	1	4	10617,00	4776,00	15393,00	1327,13	175
BREIZH SKY	6	H	PUR SANG	8	0	5	10614,00	4775,00	15389,00	1326,75	420
DREAM OP FAL	4	M	PUR SANG	12	0	10	10614,00	4054,00	14668,00	884,50	320
TOSCANE TEMPLE	6	F	PUR SANG	6	1	4	10610,00	4774,00	15384,00	1768,33	180
TANASSANG	5	F	PUR SANG	11	2	5	10600,00	4770,00	15370,00	963,64	560
TRESOR MAGNIFIQUE	3	H	PUR SANG	3	1	1	10600,00	7950,00	18550,00	3533,33	365
ETOILE D ARMOR	2	F	PUR SANG	7	0	6	10600,00	7947,00	18547,00	1514,29	335
INVOLVEMENT	5	H	PUR SANG	2	0	2	10598,00	0,00	10598,00	5299,00	460
AUCOEURDELANUIT	6	H	PUR SANG	11	0	5	10572,00	4217,00	14789,00	961,09	260
I AM PARADOU	4	H	PUR SANG	8	1	4	10571,00	4755,00	15326,00	1321,38	365
LUCKY D'ID	4	H	PUR SANG	13	1	6	10563,00	3941,00	14504,00	812,54	205
GREAT PROMISE	6	H	PUR SANG	6	0	6	10561,00	4752,00	15313,00	1760,17	205
NIKOLAJ	6	M	PUR SANG	5	0	5	10560,00	4749,00	15309,00	2112,00	360
MELODIC	4	F	PUR SANG	4	1	3	10558,00	0,00	10558,00	2639,50	315
LOTUS	3	F	PUR SANG	6	1	2	10555,00	0,00	10555,00	1759,17	340
BALAKIREV	3	H	PUR SANG	2	1	1	10552,00	7913,00	18465,00	5276,00	
MYSTIC	7	H	PUR SANG	1	1	0	10550,00	4747,00	15297,00	10550,00	295
E VA BIN	7	M	PUR SANG	7	1	0	10550,00	0,00	10550,00	1507,14	290
BONNY WAY	5	F	PUR SANG	9	0	7	10543,00	4743,00	15286,00	1171,44	240
SALSA TIM	7	H	PUR SANG	14	0	12	10540,00	4743,00	15283,00	752,86	605
LIBYAN KNIGHT	4	H	PUR SANG	9	0	8	10537,00	0,00	10537,00	1170,78	260
WHITE MIRACLE	3	H	PUR SANG	5	0	5	10536,00	7900,00	18436,00	2107,20	330
MILADY ST GEORGES	4	F	PUR SANG	6	1	4	10533,00	0,00	10533,00	1755,50	
YES BOY	5	H	PUR SANG	10	1	4	10522,00	4733,00	15255,00	1052,20	230
DIVO TWO TIMES	2	M	PUR SANG	4	1	3	10515,00	7886,00	18401,00	2628,75	315
ALAVESA	4	F	PUR SANG	2	1	1	10512,00	0,00	10512,00	5256,00	330
PIPPEN	2	M	PUR SANG	6	1	4	10511,00	7882,00	18393,00	1751,83	350
PACTIMACE	3	M	PUR SANG	1	1	0	10500,00	7875,00	18375,00	10500,00	370
HARMONIZE	3	F	PUR SANG	2	1	0	10500,00	7875,00	18375,00	5250,00	
COME CHOPE	2	F	PUR SANG	3	1	0	10500,00	7875,00	18375,00	3500,00	325
KIRRIKA QUEEN	2	F	PUR SANG	2	1	0	10500,00	7875,00	18375,00	5250,00	
PLEASETOMEETYOU	2	H	PUR SANG	1	1	0	10500,00	7875,00	18375,00	10500,00	
CANAPVILLE	2	F	PUR SANG	1	1	0	10500,00	7875,00	18375,00	10500,00	
INFINITY MOON	2	F	PUR SANG	1	1	0	10500,00	7875,00	18375,00	10500,00	
CEZEMBRE	2	F	PUR SANG	1	1	0	10500,00	7875,00	18375,00	10500,00	
MISS CHOCO	2	F	PUR SANG	1	1	0	10500,00	7875,00	18375,00	10500,00	
GOLDEN LYON CEN	2	M	PUR SANG	1	1	0	10500,00	7875,00	18375,00	10500,00	
IMMORTAL ROSE	2	F	PUR SANG	1	1	0	10500,00	0,00	10500,00	10500,00	
TEVERE	3	F	PUR SANG	8	0	4	10497,00	7870,00	18367,00	1312,13	325
JORDAN BAKER	7	H	PUR SANG	11	0	7	10492,00	4719,00	15211,00	953,82	245
ANNA RENZI	3	F	PUR SANG	5	1	1	10488,00	0,00	10488,00	2097,60	330
VADIRUM	7	H	PUR SANG	3	1	1	10486,00	4718,00	15204,00	3495,33	380
STARRY SKY	3	M	PUR SANG	4	1	2	10484,00	0,00	10484,00	2621,00	305
WILLOWER	5	H	PUR SANG	8	0	7	10483,00	4713,00	15196,00	1310,38	260
AND WE DANCED	7	F	PUR SANG	15	0	10	10481,00	4354,00	14835,00	698,73	190
OCALA	3	F	PUR SANG	4	1	3	10473,00	7854,00	18327,00	2618,25	350
ZELKER	4	H	PUR SANG	5	0	4	10465,00	4707,00	15172,00	2093,00	355
KALEOCREEK	5	H	PUR SANG	10	1	4	10462,00	4706,00	15168,00	1046,20	250
VAS Y LEZ	4	F	PUR SANG	15	0	11	10457,00	4341,00	14798,00	697,13	180
SIMPLYTHEBEST	3	H	PUR SANG	9	0	8	10455,00	7839,00	18294,00	1161,67	230
CERVARO	7	H	PUR SANG	9	0	7	10452,00	4700,00	15152,00	1161,33	245
MON VIEUX LEON	8	H	PUR SANG	3	1	2	10439,00	4697,00	15136,00	3479,67	335
BALKADISHA	3	F	PUR SANG	3	1	2	10436,00	0,00	10436,00	3478,67	340
SAIDI EL FAL	5	M	PUR SANG	5	0	2	10436,00	4694,00	15130,00	2087,20	460
TRUE TEDESCO	7	H	PUR SANG	8	0	2	10435,00	0,00	10435,00	1304,38	355
EYWA	4	F	PUR SANG	13	0	10	10433,00	4691,00	15124,00	802,54	220
MYSTERY DAY	3	F	PUR SANG	3	1	2	10432,00	0,00	10432,00	3477,33	360
XCLUSIVITE	4	F	PUR SANG	3	2	1	10430,00	4693,00	15123,00	3476,67	320
LADY TEDSMORE	3	F	PUR SANG	8	1	2	10430,00	0,00	10430,00	1303,75	340
AMELIORE	3	F	PUR SANG	8	1	3	10426,00	7818,00	18244,00	1303,25	270
ASSIER	9	H	PUR SANG	10	1	5	10425,00	0,00	10425,00	1042,50	185
KATANA DES ROCS	4	F	PUR SANG	11	0	6	10424,00	4352,00	14776,00	947,64	190
VICTOR VITAE	3	H	PUR SANG	5	1	1	10407,00	7804,00	18211,00	2081,40	395
LE LANDIN	3	H	PUR SANG	7	0	6	10401,00	7800,00	18201,00	1485,86	340
BOLT OF BLUE	2	M	PUR SANG	1	0	1	10400,00	0,00	10400,00	10400,00	
MOON SAND	2	M	PUR SANG	1	0	1	10400,00	0,00	10400,00	10400,00	350
HISTORI CHOPE	2	F	PUR SANG	4	0	3	10388,00	7790,00	18178,00	2597,00	370
SAMBA	6	F	PUR SANG	9	1	3	10383,00	4671,00	15054,00	1153,67	210
MAC TYSON	3	H	PUR SANG	8	0	6	10374,00	7778,00	18152,00	1296,75	280
WITH LOVE GRACE	3	F	PUR SANG	3	1	1	10368,00	7776,00	18144,00	3456,00	375
ROCCAMARE	3	F	PUR SANG	3	1	1	10368,00	7776,00	18144,00	3456,00	380
YAMANAKA	4	H	PUR SANG	3	1	2	10366,00	4663,00	15029,00	3455,33	350
JUST JIM	5	H	PUR SANG	5	0	3	10320,00	4104,00	14424,00	2064,00	370
VARESI	3	H	PUR SANG	5	0	4	10312,00	0,00	10312,00	2062,40	315
DARINICE	3	F	PUR SANG	2	1	1	10310,00	7732,00	18042,00	5155,00	345
WINDFLOWER	4	F	PUR SANG	4	0	4	10294,00	4631,00	14925,00	2573,50	410
STORMY DONALD	4	H	PUR SANG	8	1	1	10286,00	4628,00	14914,00	1285,75	330
SKYWOOD	4	H	PUR SANG	6	1	4	10284,00	4625,00	14909,00	1714,00	280
CHERGUI	6	H	PUR SANG	4	0	3	10276,00	4623,00	14899,00	2569,00	410
SISSI IMPERATRICE	4	F	PUR SANG	13	1	6	10272,00	4621,00	14893,00	790,15	195
KILLWINING	3	H	PUR SANG	7	1	4	10270,00	7702,00	17972,00	1467,14	320
DRIP	7	M	PUR SANG	8	1	2	10269,00	4620,00	14889,00	1283,63	255
ELUSIVE BELARDO	4	F	PUR SANG	9	0	5	10259,00	4615,00	14874,00	1139,89	330
MONTIGNY	7	H	PUR SANG	12	1	6	10247,00	4609,00	14856,00	853,92	200
KERHOULEN	2	M	PUR SANG	3	1	1	10246,00	7684,00	17930,00	3415,33	390
IRTYCH	5	H	PUR SANG	8	0	5	10246,00	4609,00	14855,00	1280,75	245
BLACK HENGE	3	H	PUR SANG	6	1	2	10238,00	7677,00	17915,00	1706,33	270
ESTIMA	3	F	PUR SANG	3	1	2	10226,00	7668,00	17894,00	3408,67	370
GEORGES VILLE	5	H	PUR SANG	9	0	4	10215,00	4595,00	14810,00	1135,00	350
EAGLE GATE	4	H	PUR SANG	9	1	3	10212,00	4594,00	14806,00	1134,67	300
X RAYS	5	H	PUR SANG	3	1	2	10212,00	4594,00	14806,00	3404,00	415
MISSION D'ESPOIR	4	F	PUR SANG	7	0	5	10212,00	4593,00	14805,00	1458,86	280
BARISTO	3	M	PUR SANG	5	1	4	10207,00	7653,00	17860,00	2041,40	340
GOOD QUESTION	11	H	PUR SANG	18	1	4	10178,00	4578,00	14756,00	565,44	180
SKALI	3	H	PUR SANG	8	0	8	10176,00	7632,00	17808,00	1272,00	305
ROSA MIA	3	F	PUR SANG	5	1	2	10167,00	7624,00	17791,00	2033,40	310
FIRST DREM	8	F	PUR SANG	12	1	6	10160,00	3244,00	13404,00	846,67	170
AGAMEMNON	8	H	PUR SANG	12	1	4	10154,00	4567,00	14721,00	846,17	195
TO NIGHT MOON	3	M	PUR SANG	10	0	9	10142,00	7606,00	17748,00	1014,20	225
SILENT DESTINY	2	M	PUR SANG	3	0	3	10138,00	7602,00	17740,00	3379,33	395
SCRIBE OF WISDOM	2	M	PUR SANG	3	0	3	10138,00	0,00	10138,00	3379,33	395
SAPHO	4	F	PUR SANG	5	0	5	10134,00	4558,00	14692,00	2026,80	280
VILLEQUIER	4	H	PUR SANG	6	1	2	10132,00	4558,00	14690,00	1688,67	290
BANMA	4	F	PUR SANG	10	2	2	10125,00	1181,00	11306,00	1012,50	180
AUDELADESETOILES	4	F	PUR SANG	14	1	3	10122,00	4554,00	14676,00	723,00	240
NEUF DE PAQUES	4	F	PUR SANG	4	1	2	10111,00	4548,00	14659,00	2527,75	310
LILY DES CHAMPS	4	F	PUR SANG	8	1	6	10108,00	3288,00	13396,00	1263,50	265
TROPA	3	H	PUR SANG	1	1	0	10100,00	7575,00	17675,00	10100,00	315
DEVIL IN THE SKY	6	H	PUR SANG	6	1	5	10095,00	4542,00	14637,00	1682,50	360
CLOUD MAN	8	H	PUR SANG	8	0	8	10089,00	4538,00	14627,00	1261,13	190
ZAWAN	4	F	PUR SANG	5	0	3	10084,00	4536,00	14620,00	2016,80	385
EXELMANS	3	F	PUR SANG	5	0	4	10084,00	7562,00	17646,00	2016,80	340
KITSUNE	3	F	PUR SANG	6	1	1	10080,00	7560,00	17640,00	1680,00	310
STARLIT DESTINY	3	F	PUR SANG	5	0	5	10080,00	0,00	10080,00	2016,00	380
COMMAND THE STARS	3	H	PUR SANG	1	0	1	10080,00	0,00	10080,00	10080,00	425
FAIN WOULD	3	H	PUR SANG	6	2	2	10073,00	0,00	10073,00	1678,83	295
THECLIMB	8	H	PUR SANG	12	0	7	10062,00	4526,00	14588,00	838,50	200
CAP SANTA LUCIA	3	F	PUR SANG	1	0	1	10060,00	7545,00	17605,00	10060,00	440
BINTWARD	3	F	PUR SANG	1	0	1	10060,00	0,00	10060,00	10060,00	
BLINGY'S SISTER	3	F	PUR SANG	2	0	1	10060,00	0,00	10060,00	5030,00	410
LADY DORA MAE	3	F	PUR SANG	1	0	1	10060,00	0,00	10060,00	10060,00	430
I GOT RHYTHM	4	H	PUR SANG	5	0	3	10052,00	4521,00	14573,00	2010,40	355
GOOD GIFT	7	H	PUR SANG	1	1	0	10050,00	4522,00	14572,00	10050,00	475
MADAME LY	3	F	PUR SANG	2	1	0	10050,00	7537,00	17587,00	5025,00	440
MADRIDISTA	3	M	PUR SANG	1	1	0	10050,00	7537,00	17587,00	10050,00	410
DARYOURA	3	F	PUR SANG	1	1	0	10050,00	7537,00	17587,00	10050,00	
DIHYA	3	F	PUR SANG	2	1	0	10050,00	7537,00	17587,00	5025,00	
HOLLOW LEGS	3	F	PUR SANG	1	1	0	10050,00	0,00	10050,00	10050,00	
GO KEN GO	3	M	PUR SANG	10	0	6	10046,00	7534,00	17580,00	1004,60	330
JAWWAL	4	H	PUR SANG	5	0	2	10042,00	4518,00	14560,00	2008,40	470
STELA TREZY	3	F	PUR SANG	4	1	1	10040,00	7529,00	17569,00	2510,00	350
KENDARO	3	H	PUR SANG	11	0	6	10037,00	7526,00	17563,00	912,45	275
SAY MY NAME	2	F	PUR SANG	6	0	4	10037,00	7526,00	17563,00	1672,83	315
MISTER GAN	5	H	PUR SANG	6	1	1	10035,00	0,00	10035,00	1672,50	250
SANAH	4	F	PUR SANG	5	1	3	10013,00	4504,00	14517,00	2002,60	270
TOLEO	3	H	PUR SANG	9	0	5	10008,00	7504,00	17512,00	1112,00	275
PROPRE SOEUR	5	F	PUR SANG	7	1	3	10006,00	4502,00	14508,00	1429,43	255
MAVILLA TROIS	4	F	PUR SANG	9	1	4	9997,00	4496,00	14493,00	1110,78	230
BLACK THUNDER	3	H	PUR SANG	8	0	7	9990,00	7491,00	17481,00	1248,75	335
CARTHAGINOIS	3	H	PUR SANG	4	1	1	9984,00	7488,00	17472,00	2496,00	320
PARVA SCURRA	5	F	PUR SANG	14	0	8	9974,00	0,00	9974,00	712,43	185
REGALIENNE	4	F	PUR SANG	12	1	3	9962,00	4481,00	14443,00	830,17	245
ASTON CLINTON	4	H	PUR SANG	8	0	6	9962,00	0,00	9962,00	1245,25	295
BELLE HARMONIE	3	F	PUR SANG	3	0	3	9961,00	7468,00	17429,00	3320,33	370
SANKA CHOP	6	H	PUR SANG	12	1	5	9957,00	4479,00	14436,00	829,75	185
STANGHELI	5	H	PUR SANG	7	0	3	9922,00	4463,00	14385,00	1417,43	350
MISS THERIA	4	F	PUR SANG	7	1	4	9921,00	2303,00	12224,00	1417,29	275
JAZZMEN	9	H	PUR SANG	5	1	1	9920,00	4464,00	14384,00	1984,00	275
LAUPER	7	F	PUR SANG	11	0	8	9915,00	4458,00	14373,00	901,36	270
BAHI	3	M	PUR SANG	6	0	6	9905,00	0,00	9905,00	1650,83	350
FIRE DRAGON	3	F	PUR SANG	3	1	1	9901,00	7425,00	17326,00	3300,33	335
FIRE BULLET	2	M	PUR SANG	5	0	5	9901,00	0,00	9901,00	1980,20	360
RISUENA	5	F	PUR SANG	2	1	1	9900,00	4454,00	14354,00	4950,00	320
NOVA MOON	3	F	PUR SANG	4	1	2	9894,00	7419,00	17313,00	2473,50	370
GOGUEN SPAISE	6	H	PUR SANG	9	0	7	9894,00	4451,00	14345,00	1099,33	310
GLAM LIGHT	3	F	PUR SANG	8	0	7	9889,00	7416,00	17305,00	1236,13	285
DURO	3	H	PUR SANG	2	1	1	9888,00	7416,00	17304,00	4944,00	
MERCURIUS	5	H	PUR SANG	8	2	5	9880,00	4446,00	14326,00	1235,00	645
MR RIEM	8	H	PUR SANG	7	1	3	9867,00	4439,00	14306,00	1409,57	250
IT'S ONLY LOVE	2	F	PUR SANG	6	0	5	9867,00	7399,00	17266,00	1644,50	340
RODCHENKO	3	H	PUR SANG	5	1	2	9866,00	7398,00	17264,00	1973,20	325
PICANES	5	F	PUR SANG	10	0	8	9863,00	3897,00	13760,00	986,30	220
FORCEFULL	5	F	PUR SANG	4	1	1	9861,00	4437,00	14298,00	2465,25	320
KENCHAK	4	H	PUR SANG	4	1	1	9850,00	4432,00	14282,00	2462,50	325
MAITRE DU JEU	5	H	PUR SANG	7	1	5	9841,00	4425,00	14266,00	1405,86	250
MR CASSIOPE	6	H	PUR SANG	7	2	4	9830,00	4423,00	14253,00	1404,29	690
PUMPY GIRL	8	F	PUR SANG	11	0	10	9830,00	4421,00	14251,00	893,64	215
AMAZING SURPRISE	2	F	PUR SANG	9	0	9	9826,00	7367,00	17193,00	1091,78	290
HADYA	6	F	PUR SANG	9	0	7	9818,00	3695,00	13513,00	1090,89	235
MANLY	5	H	PUR SANG	3	1	2	9810,00	4413,00	14223,00	3270,00	295
MYBOYFRIEND	7	H	PUR SANG	11	0	5	9808,00	4410,00	14218,00	891,64	280
TRABUCO	8	H	PUR SANG	4	1	2	9802,00	4410,00	14212,00	2450,50	355
WHAT ELSE CHOP	6	H	PUR SANG	12	0	3	9796,00	4407,00	14203,00	816,33	235
ATAMAK	4	H	PUR SANG	9	1	3	9795,00	4406,00	14201,00	1088,33	250
MISS TECH	3	F	PUR SANG	9	0	8	9794,00	7344,00	17138,00	1088,22	300
ASHIPCALLEDDIGNITY	3	F	PUR SANG	5	1	2	9791,00	0,00	9791,00	1958,20	265
ZILRAK	6	H	PUR SANG	8	0	3	9765,00	4393,00	14158,00	1220,63	345
SWEET SUMMER SWEET	3	F	PUR SANG	5	1	2	9762,00	7321,00	17083,00	1952,40	280
MARCH MADNESS	2	M	PUR SANG	4	1	3	9746,00	7308,00	17054,00	2436,50	330
STAR MAUVE	4	F	PUR SANG	11	1	6	9745,00	2581,00	12326,00	885,91	285
GWO KA	4	H	PUR SANG	10	1	4	9738,00	4380,00	14118,00	973,80	280
NICOMEDE	3	H	PUR SANG	2	0	2	9724,00	7291,00	17015,00	4862,00	
KARAKOUM	2	H	PUR SANG	3	0	3	9721,00	7289,00	17010,00	3240,33	400
AQUILA VOLANTE	5	H	PUR SANG	5	0	2	9718,00	4372,00	14090,00	1943,60	350
CHARENGO	4	M	PUR SANG	2	1	1	9717,00	4372,00	14089,00	4858,50	410
MADOUSS	8	F	PUR SANG	8	1	2	9710,00	4369,00	14079,00	1213,75	225
KENOR	8	H	PUR SANG	10	0	5	9702,00	4364,00	14066,00	970,20	210
NEVER RISK	7	M	PUR SANG	4	1	2	9697,00	4362,00	14059,00	2424,25	590
GOUVERNE	4	F	PUR SANG	7	1	3	9693,00	4361,00	14054,00	1384,71	260
CAREGIVER	6	H	PUR SANG	8	0	7	9693,00	4358,00	14051,00	1211,63	245
KRUNGTHEPMAHANAKON	5	H	PUR SANG	8	1	3	9692,00	4360,00	14052,00	1211,50	250
KAHUNA	9	H	PUR SANG	5	0	1	9672,00	4351,00	14023,00	1934,40	390
CORBUSIER	2	H	PUR SANG	6	0	6	9670,00	7250,00	16920,00	1611,67	340
PAPITO	3	H	PUR SANG	9	0	6	9667,00	7248,00	16915,00	1074,11	250
BRAVEHEART	10	H	PUR SANG	7	0	5	9662,00	0,00	9662,00	1380,29	255
SCATY CHOP	2	M	PUR SANG	4	0	4	9660,00	7243,00	16903,00	2415,00	370
GIUSEPPE BALLOCCO	4	H	PUR SANG	12	0	7	9657,00	4343,00	14000,00	804,75	265
L'AGORA GAME	5	F	PUR SANG	11	0	8	9648,00	3620,00	13268,00	877,09	260
NOUS Y SOMMES	4	H	PUR SANG	7	0	5	9644,00	4338,00	13982,00	1377,71	350
ARTOA	3	F	PUR SANG	9	0	5	9641,00	7230,00	16871,00	1071,22	325
MADAME UHURU	3	F	PUR SANG	4	0	3	9640,00	5728,00	15368,00	2410,00	325
AHALYA	3	F	PUR SANG	3	0	3	9638,00	7228,00	16866,00	3212,67	415
MOPSO	5	H	PUR SANG	3	1	1	9631,00	0,00	9631,00	3210,33	330
ROSA DEI VENTI	3	F	PUR SANG	4	0	4	9622,00	4479,00	14101,00	2405,50	315
SOEUR DE LUNE	2	F	PUR SANG	4	3	1	9620,00	7215,00	16835,00	2405,00	
SINNERMAN	6	H	PUR SANG	2	1	1	9617,00	4327,00	13944,00	4808,50	310
BELHARRA TOWN	4	F	PUR SANG	3	1	1	9617,00	4327,00	13944,00	3205,67	280
ASYLLA	3	F	PUR SANG	2	1	1	9609,00	7206,00	16815,00	4804,50	380
ZARFLIGHT	6	H	PUR SANG	5	2	3	9607,00	4321,00	13928,00	1921,40	325
EASY ON ME	4	H	PUR SANG	14	1	8	9606,00	4320,00	13926,00	686,14	190
LISIPPO	4	M	PUR SANG	8	0	3	9601,00	0,00	9601,00	1200,13	305
L'HIPPOCAMPE	7	H	PUR SANG	1	1	0	9600,00	4320,00	13920,00	9600,00	290
ANIELSKA	5	F	PUR SANG	6	1	0	9600,00	4320,00	13920,00	1600,00	245
DER SHTERN	4	H	PUR SANG	3	1	0	9600,00	4320,00	13920,00	3200,00	370
GIUDICELLA	3	F	PUR SANG	1	1	0	9600,00	7200,00	16800,00	9600,00	
MELTING MOON	3	H	PUR SANG	1	1	0	9600,00	7200,00	16800,00	9600,00	545
MUSIC'S GIRL	3	F	PUR SANG	3	1	0	9600,00	0,00	9600,00	3200,00	400
LANDOLFO	3	M	PUR SANG	1	1	0	9600,00	0,00	9600,00	9600,00	
MAJESTAD	3	M	PUR SANG	1	1	0	9600,00	0,00	9600,00	9600,00	
RUE EBLE	3	H	PUR SANG	10	1	3	9595,00	7195,00	16790,00	959,50	285
RUMPLETEAZER	5	F	PUR SANG	13	0	8	9577,00	4305,00	13882,00	736,69	275
PUERTO MADERO	7	H	PUR SANG	9	0	7	9572,00	4305,00	13877,00	1063,56	245
BECH RIVER	8	H	PUR SANG	13	0	10	9570,00	4303,00	13873,00	736,15	170
LA PEPA	2	F	PUR SANG	5	0	4	9568,00	7175,00	16743,00	1913,60	355
WHY CHOPE	7	F	PUR SANG	10	1	3	9556,00	4299,00	13855,00	955,60	255
DIVERTIMENTO	3	F	PUR SANG	3	1	2	9554,00	6415,00	15969,00	3184,67	340
VIENTO DE LEVANTE	4	F	PUR SANG	5	1	2	9546,00	4294,00	13840,00	1909,20	310
PRINCE LOS	8	H	PUR SANG	13	1	4	9543,00	4293,00	13836,00	734,08	170
ON Y VA	9	M	PUR SANG	2	1	1	9536,00	0,00	9536,00	4768,00	220
AN CHRISTINE	4	F	PUR SANG	5	1	2	9534,00	4290,00	13824,00	1906,80	255
CLAUDIA CHOP	3	F	PUR SANG	9	1	7	9533,00	7149,00	16682,00	1059,22	540
DREAM MACHINE	3	H	PUR SANG	5	0	4	9529,00	7145,00	16674,00	1905,80	350
KING GOLD	9	M	PUR SANG	4	0	3	9520,00	4283,00	13803,00	2380,00	465
STINGRAY	5	H	PUR SANG	1	0	1	9520,00	4284,00	13804,00	9520,00	455
INSTANT FRAGILE	4	M	PUR SANG	3	0	1	9520,00	4284,00	13804,00	3173,33	450
WASHINGTON HEIGHTS	6	H	PUR SANG	1	0	1	9520,00	0,00	9520,00	9520,00	470
TIFFANY	6	F	PUR SANG	1	0	1	9520,00	0,00	9520,00	9520,00	
ARABIAN FORCE	4	M	PUR SANG	1	0	1	9520,00	0,00	9520,00	9520,00	
MY QUEEN	4	F	PUR SANG	7	0	4	9512,00	4279,00	13791,00	1358,86	330
KODVEDEV	3	H	PUR SANG	3	1	2	9508,00	7131,00	16639,00	3169,33	320
SAUVIAC	5	H	PUR SANG	7	1	3	9507,00	4277,00	13784,00	1358,14	215
OPENSOLA FAL	3	F	PUR SANG	11	1	7	9504,00	7128,00	16632,00	864,00	265
LOVELY DREAM	4	F	PUR SANG	9	0	8	9503,00	4273,00	13776,00	1055,89	225
BLANCHE EPINE	4	F	PUR SANG	4	1	1	9494,00	4272,00	13766,00	2373,50	280
DARNETAL	5	H	PUR SANG	8	1	5	9479,00	3904,00	13383,00	1184,88	280
SORAYA	3	F	PUR SANG	7	0	6	9473,00	3072,00	12545,00	1353,29	315
LUNATICOS	8	H	PUR SANG	10	1	2	9464,00	4257,00	13721,00	946,40	220
COMTESSE VERA	7	F	PUR SANG	10	0	8	9443,00	4247,00	13690,00	944,30	170
RAISE THE POINT	3	H	PUR SANG	4	1	3	9442,00	0,00	9442,00	2360,50	350
MONARCH HUNZA	4	H	PUR SANG	8	0	4	9437,00	4245,00	13682,00	1179,63	280
EXTRAVAGANZA	3	F	PUR SANG	6	0	4	9434,00	7074,00	16508,00	1572,33	255
SHALAA DANCER	5	H	PUR SANG	12	0	7	9432,00	4241,00	13673,00	786,00	265
WOLVERINE	3	H	PUR SANG	5	0	4	9431,00	7073,00	16504,00	1886,20	330
EXTRAGALACTIC	3	F	PUR SANG	3	1	2	9420,00	2864,00	12284,00	3140,00	
DAMASK BLADE	9	H	PUR SANG	12	0	8	9396,00	4225,00	13621,00	783,00	300
CARRE DE SOIE	3	H	PUR SANG	3	1	1	9387,00	7040,00	16427,00	3129,00	290
PRECIOSO	4	H	PUR SANG	8	0	4	9380,00	4220,00	13600,00	1172,50	330
ZAURA	3	F	PUR SANG	6	0	4	9377,00	7031,00	16408,00	1562,83	335
PALIMERO	9	H	PUR SANG	10	0	7	9377,00	0,00	9377,00	937,70	150
MINO PICO	7	F	PUR SANG	12	1	5	9374,00	0,00	9374,00	781,17	155
STUPEFIANTE	4	F	PUR SANG	12	1	3	9370,00	4216,00	13586,00	780,83	300
MASAIYA	5	F	PUR SANG	5	0	2	9363,00	0,00	9363,00	1872,60	435
LIENESSE	5	H	PUR SANG	3	1	2	9360,00	4211,00	13571,00	3120,00	270
PIEMONT	5	H	PUR SANG	2	1	1	9347,00	0,00	9347,00	4673,50	380
JANNET	3	F	PUR SANG	4	0	3	9343,00	0,00	9343,00	2335,75	365
KARLOVSKY	2	M	PUR SANG	7	1	4	9331,00	6998,00	16329,00	1333,00	285
CHARGED	2	M	PUR SANG	2	0	2	9319,00	0,00	9319,00	4659,50	
GAREYA	3	F	PUR SANG	3	0	3	9317,00	6985,00	16302,00	3105,67	360
TOREBEK	3	M	PUR SANG	8	0	7	9308,00	6980,00	16288,00	1163,50	275
KROOSS	2	H	PUR SANG	5	2	3	9300,00	6975,00	16275,00	1860,00	
CLIMATE CHANGE	6	H	PUR SANG	4	0	3	9297,00	4182,00	13479,00	2324,25	440
SARENZO	3	H	PUR SANG	4	1	3	9280,00	6959,00	16239,00	2320,00	335
NONNABELLA	3	F	PUR SANG	6	0	6	9250,00	6936,00	16186,00	1541,67	340
VIDA ROSA	3	F	PUR SANG	5	1	2	9249,00	6936,00	16185,00	1849,80	325
GALNETTA	3	F	PUR SANG	7	1	3	9246,00	5434,00	14680,00	1320,86	255
KLASH KARAYIB	4	F	PUR SANG	8	2	5	9240,00	4158,00	13398,00	1155,00	485
ALPHA VASE	4	H	PUR SANG	2	1	1	9238,00	4156,00	13394,00	4619,00	440
MISSIRA	4	F	PUR SANG	6	1	4	9234,00	0,00	9234,00	1539,00	310
BLACKSKAR	2	H	PUR SANG	3	1	2	9231,00	6923,00	16154,00	3077,00	375
PRINCENOIR	3	H	PUR SANG	6	2	1	9230,00	3360,00	12590,00	1538,33	255
CHARLES LEGEND	10	H	PUR SANG	6	1	1	9216,00	4147,00	13363,00	1536,00	170
NIEDERBRONN	3	M	PUR SANG	4	0	4	9214,00	6910,00	16124,00	2303,50	360
LADY DU SAPHIR	5	F	PUR SANG	13	0	10	9211,00	4141,00	13352,00	708,54	200
WARHOLM	3	H	PUR SANG	5	1	2	9205,00	6903,00	16108,00	1841,00	345
OPA HOPPENSTEDT	3	H	PUR SANG	2	1	1	9204,00	6903,00	16107,00	4602,00	
VIZIOSA	3	F	PUR SANG	7	0	4	9198,00	6896,00	16094,00	1314,00	360
SPORT COUPE	8	H	PUR SANG	11	0	6	9193,00	4134,00	13327,00	835,73	305
PINK ROCHE	3	F	PUR SANG	3	0	3	9186,00	6889,00	16075,00	3062,00	365
GALICE	3	F	PUR SANG	5	0	4	9184,00	4870,00	14054,00	1836,80	360
VALHALLA	4	H	PUR SANG	7	1	3	9174,00	1563,00	10737,00	1310,57	285
DISBAY	4	F	PUR SANG	4	1	2	9171,00	4126,00	13297,00	2292,75	260
WESTMINSTER PILOT	4	H	PUR SANG	8	1	4	9166,00	0,00	9166,00	1145,75	275
PINK PALACE	2	F	PUR SANG	7	0	6	9165,00	6873,00	16038,00	1309,29	330
OMICRONE	6	F	PUR SANG	8	0	2	9162,00	4122,00	13284,00	1145,25	385
ALLEZ PAPA	2	M	PUR SANG	1	1	0	9150,00	6862,00	16012,00	9150,00	
WILMOT	6	H	PUR SANG	8	0	7	9136,00	0,00	9136,00	1142,00	230
EL TORERO	7	H	PUR SANG	4	0	4	9123,00	4102,00	13225,00	2280,75	295
PRINCESS MAITHA	3	F	PUR SANG	2	1	1	9114,00	0,00	9114,00	4557,00	
UM ELNADIM	9	F	PUR SANG	11	1	4	9105,00	4096,00	13201,00	827,73	220
ZERO STRESS	3	F	PUR SANG	9	0	5	9104,00	0,00	9104,00	1011,56	300
QUICK AND WILD	4	H	PUR SANG	1	1	0	9100,00	0,00	9100,00	9100,00	
MONDO BOY	4	H	PUR SANG	3	1	0	9100,00	0,00	9100,00	3033,33	330
MAYFAIR TIME	2	M	PUR SANG	2	0	2	9095,00	0,00	9095,00	4547,50	
MARANELLO	3	H	PUR SANG	9	0	6	9086,00	6810,00	15896,00	1009,56	250
ALPAGE	7	H	PUR SANG	6	1	2	9068,00	4080,00	13148,00	1511,33	365
LOCHNESS	3	H	PUR SANG	7	0	5	9058,00	6791,00	15849,00	1294,00	315
NEW YORK MELODY	3	F	PUR SANG	8	0	7	9056,00	6790,00	15846,00	1132,00	325
EL MEASTRO	6	H	PUR SANG	11	0	6	9052,00	4070,00	13122,00	822,91	235
BOUDECHOU	2	M	PUR SANG	5	0	5	9051,00	6787,00	15838,00	1810,20	350
CHAMBERI	5	H	PUR SANG	4	0	3	9045,00	4068,00	13113,00	2261,25	270
STORM RUN	2	M	PUR SANG	2	0	2	9042,00	6781,00	15823,00	4521,00	
SILENCIEUSE	2	F	PUR SANG	2	0	2	9042,00	6781,00	15823,00	4521,00	
OURGAME	2	M	PUR SANG	2	0	2	9042,00	6781,00	15823,00	4521,00	
BLACK LIVES MATTER	7	H	PUR SANG	6	1	1	9038,00	4066,00	13104,00	1506,33	205
LELLA DESJY	6	F	PUR SANG	9	2	2	9027,00	4061,00	13088,00	1003,00	230
WALWOOD	3	M	PUR SANG	3	0	3	9027,00	6768,00	15795,00	3009,00	400
SPINNING MIST	9	F	PUR SANG	9	1	2	9026,00	0,00	9026,00	1002,89	185
ROCK OF ROSHA	3	F	PUR SANG	5	0	3	9024,00	0,00	9024,00	1804,80	325
ALPE MOTTA	4	F	PUR SANG	9	1	6	9015,00	0,00	9015,00	1001,67	295
BYGOUDINE	4	F	PUR SANG	8	0	7	9015,00	4053,00	13068,00	1126,88	280
POSSI	3	F	PUR SANG	11	0	7	9011,00	6756,00	15767,00	819,18	220
SOUTH TYROL	4	M	PUR SANG	3	1	2	9004,00	4050,00	13054,00	3001,33	340
MONA TREZY	6	F	PUR SANG	3	1	1	8986,00	4043,00	13029,00	2995,33	295
FILLE D'ARGENTINE	4	F	PUR SANG	9	0	5	8983,00	4040,00	13023,00	998,11	315
SIRAT	3	M	PUR SANG	4	0	3	8956,00	0,00	8956,00	2239,00	370
WARAMINI	3	F	PUR SANG	7	0	5	8952,00	6714,00	15666,00	1278,86	360
VESCO	4	H	PUR SANG	13	1	5	8946,00	4024,00	12970,00	688,15	250
BILLION GOLD	3	H	PUR SANG	4	0	4	8943,00	0,00	8943,00	2235,75	325
LITTLE STORY	3	F	PUR SANG	11	0	7	8930,00	3359,00	12289,00	811,82	270
PERSEVERANZA	5	F	PUR SANG	6	1	4	8927,00	4015,00	12942,00	1487,83	240
LADY GATSBY	3	F	PUR SANG	8	0	7	8925,00	6692,00	15617,00	1115,63	325
TALES OF THE HEART	4	F	PUR SANG	3	0	3	8925,00	0,00	8925,00	2975,00	430
NAAD'IN	2	F	PUR SANG	5	0	5	8917,00	6687,00	15604,00	1783,40	310
IRISHKAMAYA	6	F	PUR SANG	8	0	5	8904,00	4004,00	12908,00	1113,00	290
KING OF THE WORLD	5	H	PUR SANG	8	1	2	8901,00	4005,00	12906,00	1112,63	235
GOT YEAH	5	H	PUR SANG	6	1	3	8900,00	1980,00	10880,00	1483,33	260
BUBBLESAN	3	H	PUR SANG	2	1	1	8896,00	6672,00	15568,00	4448,00	
EXCESSIVE	3	F	PUR SANG	7	0	6	8890,00	6666,00	15556,00	1270,00	260
COEUR DE ROUME	7	H	PUR SANG	6	1	5	8889,00	1692,00	10581,00	1481,50	250
ISCREAMFORICECREAM	5	F	PUR SANG	6	1	3	8888,00	3998,00	12886,00	1481,33	295
FURY BOXING	4	H	PUR SANG	6	0	5	8885,00	3995,00	12880,00	1480,83	285
DICX	5	H	PUR SANG	7	0	5	8882,00	2736,00	11618,00	1268,86	315
PHILLY BASSETT	3	F	PUR SANG	5	0	5	8878,00	6657,00	15535,00	1775,60	345
BREMONTIER	7	H	PUR SANG	11	1	5	8875,00	3990,00	12865,00	806,82	200
CHACONNE	3	F	PUR SANG	2	1	1	8870,00	0,00	8870,00	4435,00	
DARING FOX	3	H	PUR SANG	8	1	5	8867,00	6650,00	15517,00	1108,38	230
COCOON QUATRE	6	F	PUR SANG	9	0	7	8867,00	3985,00	12852,00	985,22	270
COSQUER VRAS	10	H	PUR SANG	8	1	3	8866,00	3989,00	12855,00	1108,25	185
ZARAKIVA	5	F	PUR SANG	5	1	2	8864,00	3988,00	12852,00	1772,80	260
NOCE D'OR	7	H	PUR SANG	9	0	4	8856,00	3983,00	12839,00	984,00	240
ANOTHER CHANCE	2	F	PUR SANG	3	1	2	8852,00	6639,00	15491,00	2950,67	335
TORREADOR	4	H	PUR SANG	9	0	6	8844,00	3977,00	12821,00	982,67	210
POWDER	3	H	PUR SANG	5	0	5	8844,00	5132,00	13976,00	1768,80	295
NEVER LATE	3	F	PUR SANG	5	0	4	8832,00	6624,00	15456,00	1766,40	310
IRIDIA	5	F	PUR SANG	10	0	5	8831,00	0,00	8831,00	883,10	215
WAIT TO WIN	3	H	PUR SANG	4	0	3	8820,00	0,00	8820,00	2205,00	340
ZARLAND	3	H	PUR SANG	6	0	5	8819,00	6613,00	15432,00	1469,83	370
DARIYA KA DE SAON	4	F	PUR SANG	6	1	2	8801,00	3959,00	12760,00	1466,83	255
BORCANO	4	H	PUR SANG	11	1	4	8793,00	0,00	8793,00	799,36	210
KING TREZY	5	H	PUR SANG	5	0	2	8790,00	3955,00	12745,00	1758,00	355
LAMELOISE	3	F	PUR SANG	2	1	1	8788,00	6591,00	15379,00	4394,00	
ALMAGUER	5	H	PUR SANG	5	2	1	8780,00	3951,00	12731,00	1756,00	325
ASHARIBA	5	F	PUR SANG	1	0	1	8780,00	3951,00	12731,00	8780,00	440
LOUVE PRECIEUSE	7	F	PUR SANG	9	0	8	8767,00	3943,00	12710,00	974,11	175
LIGHTNING BONNIE	3	F	PUR SANG	9	1	5	8765,00	0,00	8765,00	973,89	265
HARIASA	7	F	PUR SANG	10	1	3	8752,00	3938,00	12690,00	875,20	190
RED MOON	3	F	PUR SANG	6	1	3	8751,00	6561,00	15312,00	1458,50	285
PETIT GENIE	2	M	PUR SANG	6	0	5	8748,00	6561,00	15309,00	1458,00	320
YODA	3	H	PUR SANG	14	0	9	8747,00	6557,00	15304,00	624,79	220
BATESCA	5	F	PUR SANG	14	0	6	8739,00	3931,00	12670,00	624,21	240
SUPERCLASS	4	H	PUR SANG	12	0	10	8730,00	3924,00	12654,00	727,50	190
ZOAR	3	M	PUR SANG	6	0	5	8717,00	6536,00	15253,00	1452,83	350
FETE JOYEUSE	7	F	PUR SANG	7	1	4	8703,00	3913,00	12616,00	1243,29	220
PINYA	4	F	PUR SANG	12	1	3	8693,00	3911,00	12604,00	724,42	230
NISSAKIA	3	F	PUR SANG	6	0	6	8690,00	6516,00	15206,00	1448,33	335
ALIAS	2	H	PUR SANG	1	0	1	8684,00	6512,00	15196,00	8684,00	
KING'S ROAD	2	M	PUR SANG	1	0	1	8684,00	6512,00	15196,00	8684,00	
CALYX EXPRESS	2	H	PUR SANG	2	0	1	8684,00	6512,00	15196,00	4342,00	
ATIKA	2	F	PUR SANG	1	0	1	8684,00	6512,00	15196,00	8684,00	
AETHELFLAED	2	F	PUR SANG	1	0	1	8684,00	6512,00	15196,00	8684,00	
EXPLORATEUR	2	M	PUR SANG	1	0	1	8684,00	6512,00	15196,00	8684,00	
LA THEBAIDE	2	F	PUR SANG	1	0	1	8684,00	6512,00	15196,00	8684,00	
JOLI COUP	7	H	PUR SANG	4	1	2	8668,00	3900,00	12568,00	2167,00	280
EPI	3	M	PUR SANG	3	0	3	8664,00	0,00	8664,00	2888,00	340
ANOTHERMINE	4	F	PUR SANG	8	0	5	8659,00	3894,00	12553,00	1082,38	290
LORIA	5	F	PUR SANG	6	0	5	8651,00	3892,00	12543,00	1441,83	300
ANTHORUS	7	H	PUR SANG	6	0	4	8647,00	3889,00	12536,00	1441,17	390
JOJO JUNIOR	5	H	PUR SANG	7	0	5	8647,00	3889,00	12536,00	1235,29	290
MIA RARE	2	F	PUR SANG	4	1	2	8641,00	6480,00	15121,00	2160,25	340
KAHOUNA	8	F	PUR SANG	10	0	7	8640,00	3707,00	12347,00	864,00	220
QUEEN LAURIE	4	F	PUR SANG	4	1	1	8638,00	3886,00	12524,00	2159,50	260
ROYAL SHAKE	6	H	PUR SANG	11	0	6	8635,00	3882,00	12517,00	785,00	280
PRINCE OF DAWN	6	H	PUR SANG	6	0	5	8627,00	3878,00	12505,00	1437,83	265
CHAPELLE SIXTINE	3	F	PUR SANG	3	0	3	8621,00	6465,00	15086,00	2873,67	375
HAKAMAORI	4	F	PUR SANG	9	0	9	8607,00	3327,00	11934,00	956,33	250
LACRA	3	F	PUR SANG	2	1	1	8604,00	6453,00	15057,00	4302,00	
BLANCO CHOP	5	H	PUR SANG	9	1	6	8580,00	3861,00	12441,00	953,33	615
WINTERTRAUM	5	M	PUR SANG	1	0	1	8580,00	0,00	8580,00	8580,00	485
GWENN HA DU	6	H	PUR SANG	7	1	2	8578,00	3859,00	12437,00	1225,43	220
TOOCOOLTOBECOOL	2	F	PUR SANG	4	1	2	8560,00	6420,00	14980,00	2140,00	320
TACT	3	H	PUR SANG	11	1	5	8554,00	3415,00	11969,00	777,64	250
BULLET ANT	3	H	PUR SANG	7	0	7	8550,00	6411,00	14961,00	1221,43	325
HASAPIKO	6	F	PUR SANG	4	0	3	8549,00	3846,00	12395,00	2137,25	375
BABA SIM	7	H	PUR SANG	3	0	2	8548,00	3845,00	12393,00	2849,33	315
SHY FEELING	3	F	PUR SANG	7	0	4	8544,00	0,00	8544,00	1220,57	320
BAY D'ARGENT	6	H	PUR SANG	3	1	2	8543,00	3843,00	12386,00	2847,67	410
LA PETITE PIERRE	3	F	PUR SANG	3	0	3	8542,00	6405,00	14947,00	2847,33	330
TERANGA	6	F	PUR SANG	14	1	4	8501,00	2137,00	10638,00	607,21	215
WAKA WAKA	4	H	PUR SANG	2	1	1	8500,00	3825,00	12325,00	4250,00	400
KONIG CHOUCHEN	14	H	PUR SANG	7	1	1	8496,00	3823,00	12319,00	1213,71	185
SEIGNEUR	7	H	PUR SANG	9	0	6	8496,00	0,00	8496,00	944,00	265
ATLANTIGO	7	H	PUR SANG	10	1	5	8491,00	3189,00	11680,00	849,10	195
GEOPOLITIC	7	H	PUR SANG	5	2	2	8480,00	0,00	8480,00	1696,00	260
SOMMERBLAU	4	F	PUR SANG	7	0	5	8472,00	3810,00	12282,00	1210,29	355
CAPMAN FAL	4	F	PUR SANG	11	0	7	8449,00	3800,00	12249,00	768,09	250
AURORA BOREALIS	4	H	PUR SANG	6	0	5	8445,00	3798,00	12243,00	1407,50	285
STUNNING ANGEL	4	F	PUR SANG	11	0	4	8437,00	3795,00	12232,00	767,00	245
YOKOZUNA	3	M	PUR SANG	4	1	2	8422,00	6316,00	14738,00	2105,50	330
KHELLE TARTARE	7	F	PUR SANG	13	0	9	8422,00	3001,00	11423,00	647,85	150
TAKAVOR	2	M	PUR SANG	4	0	4	8418,00	6312,00	14730,00	2104,50	355
SKADOOSH	5	H	PUR SANG	12	1	4	8409,00	3782,00	12191,00	700,75	205
REGGAE TIME	3	H	PUR SANG	8	2	2	8400,00	6300,00	14700,00	1050,00	480
OTONOSAMA	2	M	PUR SANG	3	1	2	8385,00	6288,00	14673,00	2795,00	340
COPAN	4	M	PUR SANG	8	0	5	8356,00	3758,00	12114,00	1044,50	245
PASSAGE MESLAY	5	H	PUR SANG	3	1	1	8352,00	3758,00	12110,00	2784,00	285
MAC LA TAMBOUILLE	8	H	PUR SANG	9	0	4	8350,00	3756,00	12106,00	927,78	250
NARCOS	9	M	PUR SANG	8	1	3	8344,00	3754,00	12098,00	1043,00	260
MAYAMAR	4	H	PUR SANG	9	0	8	8344,00	3752,00	12096,00	927,11	255
PERFECTDAY	3	F	PUR SANG	2	0	2	8342,00	6255,00	14597,00	4171,00	380
SHELZAWA	3	F	PUR SANG	2	0	2	8342,00	6255,00	14597,00	4171,00	
BOHEMOS	4	F	PUR SANG	9	1	5	8340,00	3753,00	12093,00	926,67	535
VAVAL RISK	3	M	PUR SANG	3	1	2	8340,00	6255,00	14595,00	2780,00	590
EYDON	7	M	PUR SANG	2	0	1	8330,00	0,00	8330,00	4165,00	515
CHIEFLAND	3	M	PUR SANG	1	0	1	8330,00	0,00	8330,00	8330,00	500
SANTAGADA	4	F	PUR SANG	1	0	1	8330,00	0,00	8330,00	8330,00	500
FREE MOVEMENT	3	F	PUR SANG	9	1	4	8315,00	6236,00	14551,00	923,89	320
NOBLE ANGEL	8	F	PUR SANG	7	1	3	8313,00	3739,00	12052,00	1187,57	200
KAPO ROSSO	6	H	PUR SANG	9	0	6	8312,00	3739,00	12051,00	923,56	210
KAKHOVKA	6	F	PUR SANG	12	0	7	8312,00	3739,00	12051,00	692,67	190
KLARABELLE	4	F	PUR SANG	9	0	6	8298,00	2721,00	11019,00	922,00	180
CHACUN SA VIE	3	H	PUR SANG	6	1	1	8294,00	6220,00	14514,00	1382,33	255
KANDO	4	H	PUR SANG	5	0	4	8280,00	3724,00	12004,00	1656,00	340
LOUP D'ARGENT	4	H	PUR SANG	2	1	1	8260,00	3716,00	11976,00	4130,00	300
LUCKY YOU	10	F	PUR SANG	6	1	3	8256,00	3714,00	11970,00	1376,00	185
HARRY BASSETT	5	H	PUR SANG	2	1	0	8250,00	3712,00	11962,00	4125,00	295
ALTIAMA	4	F	PUR SANG	3	1	0	8250,00	3712,00	11962,00	2750,00	310
MOHYRA	4	F	PUR SANG	3	1	0	8250,00	3712,00	11962,00	2750,00	330
TOASTMASTER	4	H	PUR SANG	1	1	0	8250,00	3712,00	11962,00	8250,00	630
SILVER REEL	3	M	PUR SANG	2	1	0	8250,00	6187,00	14437,00	4125,00	350
ASTROPARK	4	H	PUR SANG	1	1	0	8250,00	3712,00	11962,00	8250,00	
LAETIBEY	2	M	PUR SANG	3	0	3	8244,00	6182,00	14426,00	2748,00	365
FUTURE FATE	5	H	PUR SANG	1	0	1	8235,00	3705,00	11940,00	8235,00	425
SOCIAL SYMBOL	2	M	PUR SANG	1	0	1	8235,00	0,00	8235,00	8235,00	435
GOSEA	2	F	PUR SANG	4	0	4	8232,00	6172,00	14404,00	2058,00	355
NIGHT OF THE OPERA	9	H	PUR SANG	9	1	4	8223,00	3698,00	11921,00	913,67	165
MISSES LILY	3	F	PUR SANG	9	0	5	8216,00	5037,00	13253,00	912,89	275
JAK COHIBA	8	M	PUR SANG	6	2	3	8210,00	3694,00	11904,00	1368,33	490
VILLA ADRIENNE	3	F	PUR SANG	4	1	2	8209,00	6154,00	14363,00	2052,25	305
PROLETARIAT	6	H	PUR SANG	7	0	4	8207,00	3692,00	11899,00	1172,43	195
BOUCLETE D AUTEUIL	5	F	PUR SANG	5	1	4	8200,00	0,00	8200,00	1640,00	
MADAMA	4	F	PUR SANG	4	1	2	8197,00	0,00	8197,00	2049,25	310
BLACK THRILL	2	F	PUR SANG	3	0	3	8179,00	6133,00	14312,00	2726,33	360
MON PAULIN	3	H	PUR SANG	4	0	3	8178,00	6133,00	14311,00	2044,50	375
YEP	3	H	PUR SANG	2	0	2	8152,00	0,00	8152,00	4076,00	395
BEST SELLER	4	H	PUR SANG	4	1	0	8150,00	3667,00	11817,00	2037,50	300
DON NIKOLAOS	7	H	PUR SANG	8	1	0	8150,00	0,00	8150,00	1018,75	195
DAMINO	5	M	PUR SANG	1	1	0	8150,00	0,00	8150,00	8150,00	335
SAM PRESSAO	4	M	PUR SANG	6	1	3	8147,00	3665,00	11812,00	1357,83	260
VALIANTUS	2	M	PUR SANG	2	0	2	8146,00	0,00	8146,00	4073,00	
NEVADOS	3	H	PUR SANG	7	1	3	8144,00	3107,00	11251,00	1163,43	315
LIWOOD	3	H	PUR SANG	8	0	6	8142,00	6105,00	14247,00	1017,75	355
MERLE NOIR	4	H	PUR SANG	6	0	5	8115,00	3650,00	11765,00	1352,50	315
ANTAIOS	9	H	PUR SANG	3	1	1	8107,00	3648,00	11755,00	2702,33	260
SLIPPER ORCHID	2	F	PUR SANG	3	1	2	8102,00	6075,00	14177,00	2700,67	330
HORNIG	3	M	PUR SANG	10	0	6	8102,00	0,00	8102,00	810,20	290
NEW BALL	4	H	PUR SANG	7	1	3	8086,00	1951,00	10037,00	1155,14	240
LES PETITS PRINCES	4	H	PUR SANG	4	0	4	8073,00	3630,00	11703,00	2018,25	420
TREIZIEME MOIS	6	H	PUR SANG	3	1	2	8072,00	3632,00	11704,00	2690,67	300
KYTHIRA	3	F	PUR SANG	2	1	1	8068,00	6051,00	14119,00	4034,00	350
REMOONDER	4	F	PUR SANG	5	0	3	8064,00	3627,00	11691,00	1612,80	210
MAINE DE BIRAN	3	M	PUR SANG	6	0	5	8064,00	6048,00	14112,00	1344,00	330
ORINOCO	3	F	PUR SANG	5	1	3	8046,00	4908,00	12954,00	1609,20	310
ELUSIVE GLORY	5	H	PUR SANG	7	0	6	8042,00	3617,00	11659,00	1148,86	255
TAMAGHU	4	H	PUR SANG	8	0	6	8030,00	3612,00	11642,00	1003,75	280
GREAT CHARLIE	8	H	PUR SANG	11	0	7	8022,00	3606,00	11628,00	729,27	215
STIR CRAZY	3	H	PUR SANG	6	0	4	8015,00	6009,00	14024,00	1335,83	290
BLU METAL JACKET	7	M	PUR SANG	5	0	3	8008,00	0,00	8008,00	1601,60	295
KING OF EYLAU	4	H	PUR SANG	4	2	0	8000,00	1800,00	9800,00	2000,00	340
LEARNING	2	F	PUR SANG	1	0	1	8000,00	0,00	8000,00	8000,00	
MOUJ ALBUHOOR	2	M	PUR SANG	1	0	1	8000,00	0,00	8000,00	8000,00	
LAKOTA BEAU	4	M	PUR SANG	7	0	3	7996,00	3598,00	11594,00	1142,29	370
RUSAIR FAL	3	M	PUR SANG	10	0	7	7980,00	5983,00	13963,00	798,00	300
LUDWIG	2	H	PUR SANG	2	0	2	7980,00	5984,00	13964,00	3990,00	
TOUTELUSIVE	8	F	PUR SANG	4	1	2	7968,00	3585,00	11553,00	1992,00	255
TARQUINI	3	F	PUR SANG	3	1	2	7963,00	5971,00	13934,00	2654,33	320
JOLIEPIERRE	7	F	PUR SANG	6	1	3	7961,00	3581,00	11542,00	1326,83	240
JUST FOR GAB'S	4	F	PUR SANG	12	0	9	7956,00	3578,00	11534,00	663,00	190
PRESSURE TEST	3	F	PUR SANG	10	0	5	7951,00	5062,00	13013,00	795,10	245
CHARLEMAGNE	4	M	PUR SANG	2	1	1	7947,00	3576,00	11523,00	3973,50	330
UGATZAI	5	H	PUR SANG	4	0	4	7938,00	3571,00	11509,00	1984,50	180
PALAZZO	5	H	PUR SANG	10	0	3	7924,00	3564,00	11488,00	792,40	225
ICENI BOY	3	H	PUR SANG	2	0	2	7910,00	5932,00	13842,00	3955,00	440
SIDEDREAM	6	F	PUR SANG	5	1	3	7897,00	1753,00	9650,00	1579,40	325
MALWINA BELLA	4	F	PUR SANG	9	0	6	7897,00	3552,00	11449,00	877,44	235
EXTRAVAGANTE	3	F	PUR SANG	5	0	3	7895,00	5919,00	13814,00	1579,00	355
WAKABURN	7	H	PUR SANG	6	0	5	7893,00	3549,00	11442,00	1315,50	405
JOHNNY JANE	4	H	PUR SANG	9	0	4	7889,00	3549,00	11438,00	876,56	165
ERIDITA DOVER	5	F	PUR SANG	8	1	2	7887,00	3548,00	11435,00	985,88	235
HARTWOOD MAN	7	H	PUR SANG	11	0	5	7884,00	3546,00	11430,00	716,73	240
STEP MORNING	8	H	PUR SANG	6	0	4	7880,00	3544,00	11424,00	1313,33	375
NOARDS	4	H	PUR SANG	7	0	7	7870,00	3537,00	11407,00	1124,29	280
PRINCESS KARA	6	F	PUR SANG	7	1	2	7860,00	3536,00	11396,00	1122,86	255
TAMAR	3	F	PUR SANG	3	0	3	7852,00	5887,00	13739,00	2617,33	350
O SOLE MIO	4	H	PUR SANG	5	1	2	7845,00	1730,00	9575,00	1569,00	355
KING THISTLE	4	H	PUR SANG	8	0	6	7825,00	0,00	7825,00	978,13	300
MOURAT	4	H	PUR SANG	12	0	6	7822,00	3518,00	11340,00	651,83	240
MILENA	4	F	PUR SANG	3	1	2	7816,00	3516,00	11332,00	2605,33	315
DREAM FILLY	4	F	PUR SANG	7	1	5	7812,00	1400,00	9212,00	1116,00	260
BACCHILIDE	7	H	PUR SANG	12	0	7	7812,00	3512,00	11324,00	651,00	310
CARTIMANDUA	5	F	PUR SANG	3	0	2	7803,00	3510,00	11313,00	2601,00	300
MOVE THE LINE	3	F	PUR SANG	1	1	0	7800,00	5850,00	13650,00	7800,00	
MASCARO	3	H	PUR SANG	1	1	0	7800,00	5850,00	13650,00	7800,00	
LACE FLOWER	3	F	PUR SANG	3	1	0	7800,00	0,00	7800,00	2600,00	350
FOLLOW YOUR HEART	3	F	PUR SANG	1	1	0	7800,00	0,00	7800,00	7800,00	
CELESTIAL	5	H	PUR SANG	3	0	2	7786,00	3503,00	11289,00	2595,33	405
BIG VICTOR	3	H	PUR SANG	9	0	7	7786,00	5838,00	13624,00	865,11	250
DASH DIZZY	4	H	PUR SANG	5	0	3	7762,00	0,00	7762,00	1552,40	360
FIGMA	3	F	PUR SANG	4	1	3	7760,00	5819,00	13579,00	1940,00	320
FOOT TO THE FLOOR	2	F	PUR SANG	5	0	4	7742,00	5806,00	13548,00	1548,40	335
ROOFTOP	5	H	PUR SANG	8	0	5	7732,00	3477,00	11209,00	966,50	335
INCREDIBLE	2	F	PUR SANG	5	0	5	7726,00	5793,00	13519,00	1545,20	350
ROSKIVA FAL	3	F	PUR SANG	7	0	5	7722,00	5791,00	13513,00	1103,14	335
PRINCESS ALICE	3	F	PUR SANG	13	0	9	7720,00	5788,00	13508,00	593,85	205
CIRCION CHOP	3	H	PUR SANG	8	1	3	7705,00	5778,00	13483,00	963,13	225
SAND SWEEPER	3	M	PUR SANG	6	0	5	7705,00	0,00	7705,00	1284,17	320
JARDIN BLEU	8	H	PUR SANG	8	0	5	7704,00	3465,00	11169,00	963,00	180
EVER KATE	5	F	PUR SANG	3	1	0	7700,00	3465,00	11165,00	2566,67	290
JOSEPHINO	7	M	PUR SANG	5	1	0	7700,00	0,00	7700,00	1540,00	340
MAIGRET	5	M	PUR SANG	4	1	0	7700,00	0,00	7700,00	1925,00	370
GOLD AND CASH	7	H	PUR SANG	10	0	4	7691,00	3459,00	11150,00	769,10	260
WALLIS ET FUTUNA	8	F	PUR SANG	11	1	6	7690,00	3460,00	11150,00	699,09	585
PERIHELIO	4	H	PUR SANG	10	0	5	7689,00	0,00	7689,00	768,90	295
RISKAYA	8	F	PUR SANG	7	1	3	7675,00	2193,00	9868,00	1096,43	185
AMOUNE	2	M	PUR SANG	3	0	2	7672,00	5754,00	13426,00	2557,33	390
NOBLE MEMORY	3	M	PUR SANG	5	0	5	7664,00	5746,00	13410,00	1532,80	340
MARCAN	9	H	PUR SANG	7	0	5	7659,00	3444,00	11103,00	1094,14	185
ZODD	4	H	PUR SANG	10	0	8	7655,00	3440,00	11095,00	765,50	255
KING OF CHILL	4	H	PUR SANG	9	0	5	7650,00	3440,00	11090,00	850,00	270
SONARAH	3	F	PUR SANG	10	0	9	7647,00	5378,00	13025,00	764,70	250
TEMIRI	4	M	PUR SANG	7	0	5	7642,00	3437,00	11079,00	1091,71	245
KINESIS	3	H	PUR SANG	2	0	2	7640,00	0,00	7640,00	3820,00	390
REMIX	7	H	PUR SANG	4	1	1	7636,00	3435,00	11071,00	1909,00	290
MASSA CHOP	7	H	PUR SANG	12	1	2	7636,00	3436,00	11072,00	636,33	245
HIGH NOTE	3	H	PUR SANG	3	1	2	7625,00	5718,00	13343,00	2541,67	320
OZARK JAMES	2	M	PUR SANG	4	0	4	7625,00	5717,00	13342,00	1906,25	350
DALYNSKA	4	F	PUR SANG	6	1	3	7611,00	1398,00	9009,00	1268,50	280
SEND WOOD	4	F	PUR SANG	5	0	4	7608,00	3422,00	11030,00	1521,60	360
ZAAHIR	10	H	PUR SANG	13	0	5	7588,00	3412,00	11000,00	583,69	170
L'ESPELETTE	3	F	PUR SANG	8	0	5	7578,00	3545,00	11123,00	947,25	235
DELTA SPIRIT	9	H	PUR SANG	9	1	4	7576,00	1609,00	9185,00	841,78	250
ANGEL CHARLY	6	F	PUR SANG	10	0	8	7574,00	0,00	7574,00	757,40	240
SAGAZAN ACE	3	H	PUR SANG	7	1	2	7568,00	1926,00	9494,00	1081,14	285
LA MOMY	6	F	PUR SANG	10	1	1	7560,00	3402,00	10962,00	756,00	150
MONTE CUPOLINO	3	M	PUR SANG	6	0	6	7560,00	0,00	7560,00	1260,00	315
IMPA	2	F	PUR SANG	3	0	3	7546,00	5659,00	13205,00	2515,33	385
OZONE	3	F	PUR SANG	3	0	1	7545,00	5658,00	13203,00	2515,00	445
ALARMING	3	F	PUR SANG	2	0	1	7545,00	0,00	7545,00	3772,50	420
PEYRASSOL	6	H	PUR SANG	8	0	6	7541,00	3390,00	10931,00	942,63	235
DRAMAKUTA	5	F	PUR SANG	8	1	6	7510,00	3379,00	10889,00	938,75	445
WUKOLINA	7	F	PUR SANG	3	2	0	7500,00	3374,00	10874,00	2500,00	195
BLUE DAHLIA	3	F	PUR SANG	5	0	5	7484,00	5612,00	13096,00	1496,80	280
MOUDIR	10	H	PUR SANG	7	0	4	7478,00	3363,00	10841,00	1068,29	180
SLALOM	3	H	PUR SANG	7	1	5	7473,00	5604,00	13077,00	1067,57	230
OASIS BEACON	3	H	PUR SANG	3	0	2	7468,00	5600,00	13068,00	2489,33	380
LOFTY TALES	3	F	PUR SANG	5	0	3	7464,00	0,00	7464,00	1492,80	320
MORUS	4	H	PUR SANG	11	0	6	7457,00	3352,00	10809,00	677,91	250
GOLDEN FRIEND	3	H	PUR SANG	5	0	3	7454,00	5590,00	13044,00	1490,80	320
BLOWN BY THE WIND	4	F	PUR SANG	15	0	6	7449,00	3171,00	10620,00	496,60	230
CALIDORA	2	F	PUR SANG	6	0	6	7446,00	0,00	7446,00	1241,00	330
CELTIC ARYAAN	6	H	PUR SANG	4	0	4	7442,00	3347,00	10789,00	1860,50	280
DESERONTO	3	F	PUR SANG	5	1	1	7438,00	2016,00	9454,00	1487,60	265
QUELLA	4	F	PUR SANG	6	1	1	7431,00	3343,00	10774,00	1238,50	260
PACO	8	H	PUR SANG	11	1	1	7431,00	3343,00	10774,00	675,55	210
TRYS	3	F	PUR SANG	6	1	4	7426,00	2568,00	9994,00	1237,67	315
BREAK DANCE	3	F	PUR SANG	4	0	3	7422,00	5566,00	12988,00	1855,50	385
PAPILLE D'ARGENT	4	H	PUR SANG	6	0	4	7418,00	3337,00	10755,00	1236,33	305
DALMORA	2	F	PUR SANG	3	0	3	7412,00	5557,00	12969,00	2470,67	345
PASANG	3	F	PUR SANG	8	0	3	7410,00	5557,00	12967,00	926,25	345
DAR ES SALAAM	3	M	PUR SANG	10	0	6	7403,00	5551,00	12954,00	740,30	285
AMILA	3	F	PUR SANG	3	0	3	7398,00	5547,00	12945,00	2466,00	330
CODREA	2	M	PUR SANG	3	0	3	7398,00	5548,00	12946,00	2466,00	350
SOURDEVAL	3	H	PUR SANG	3	0	3	7394,00	5545,00	12939,00	2464,67	380
ALCATOSER	6	H	PUR SANG	10	0	8	7390,00	3323,00	10713,00	739,00	200
NAMIX DE BOZOULS	3	F	PUR SANG	6	1	3	7382,00	4336,00	11718,00	1230,33	260
ANNALIGHT	3	F	PUR SANG	8	1	4	7382,00	4972,00	12354,00	922,75	250
LAURENT	7	H	PUR SANG	6	0	4	7382,00	3320,00	10702,00	1230,33	335
THANOS	3	M	PUR SANG	4	1	3	7372,00	1563,00	8935,00	1843,00	330
STRIKE GOLD	3	M	PUR SANG	3	0	3	7356,00	0,00	7356,00	2452,00	355
MON COEUR ALLEMAND	3	F	PUR SANG	4	1	3	7341,00	5505,00	12846,00	1835,25	260
CAROMB	4	H	PUR SANG	5	0	3	7341,00	0,00	7341,00	1468,20	405
BARE ELEGANCE	5	F	PUR SANG	4	0	4	7340,00	0,00	7340,00	1835,00	315
LILI FOR MOMS	5	F	PUR SANG	10	1	3	7336,00	3301,00	10637,00	733,60	220
MORNING SPIRIT	7	F	PUR SANG	9	0	7	7336,00	3298,00	10634,00	815,11	190
TAKERYA	3	F	PUR SANG	4	0	3	7328,00	5496,00	12824,00	1832,00	355
CHARLIE OSCAR	3	M	PUR SANG	4	0	3	7324,00	0,00	7324,00	1831,00	350
ROGUE LIGHTNING	6	H	PUR SANG	1	0	1	7320,00	0,00	7320,00	7320,00	480
SAHLAN	4	M	PUR SANG	1	0	1	7320,00	3294,00	10614,00	7320,00	515
ELMONJED	5	H	PUR SANG	1	0	1	7320,00	0,00	7320,00	7320,00	520
LA FOGATA	3	F	PUR SANG	1	0	1	7320,00	0,00	7320,00	7320,00	450
AWAKEN	3	F	PUR SANG	2	0	1	7320,00	0,00	7320,00	3660,00	450
ARGENTINE TANGO	3	F	PUR SANG	1	0	1	7320,00	0,00	7320,00	7320,00	455
CUT A DASH	2	M	PUR SANG	1	0	1	7320,00	0,00	7320,00	7320,00	465
INTO THE SKY	3	M	PUR SANG	1	0	1	7320,00	0,00	7320,00	7320,00	480
COUPE D'EUROPE	5	F	PUR SANG	4	1	1	7316,00	3292,00	10608,00	1829,00	320
MISS DARIANA	4	F	PUR SANG	9	1	5	7315,00	3291,00	10606,00	812,78	520
SOUDYA	3	M	PUR SANG	3	0	3	7312,00	5484,00	12796,00	2437,33	355
MESSAGER DE FAUST	4	H	PUR SANG	4	0	4	7311,00	3287,00	10598,00	1827,75	280
BRITANIA	4	F	PUR SANG	6	0	4	7309,00	3288,00	10597,00	1218,17	355
ILLOIS	8	H	PUR SANG	7	0	5	7309,00	3287,00	10596,00	1044,14	150
KNUCKLE	4	F	PUR SANG	2	1	1	7306,00	1487,00	8793,00	3653,00	335
SUNSHINE BABY	4	F	PUR SANG	3	1	1	7306,00	1487,00	8793,00	2435,33	350
LA BOBRIDE	4	F	PUR SANG	7	1	2	7304,00	3286,00	10590,00	1043,43	265
FARADAY	2	M	PUR SANG	2	1	0	7300,00	5475,00	12775,00	3650,00	
TERRE SACREE	8	F	PUR SANG	6	1	2	7286,00	3278,00	10564,00	1214,33	155
MARYCHA	3	F	PUR SANG	9	0	6	7285,00	5463,00	12748,00	809,44	290
NEWS DES BRIERES	3	F	PUR SANG	9	0	5	7285,00	5462,00	12747,00	809,44	250
MISS ESTRELLA	6	F	PUR SANG	9	0	7	7280,00	3275,00	10555,00	808,89	540
LIKETHEWIND	4	F	PUR SANG	6	1	1	7276,00	3274,00	10550,00	1212,67	265
SLEEPY SUZY	7	F	PUR SANG	8	0	5	7276,00	3272,00	10548,00	909,50	250
ANOTHER ROSE	4	H	PUR SANG	4	0	4	7271,00	0,00	7271,00	1817,75	350
JOURY	4	F	PUR SANG	3	0	2	7269,00	3270,00	10539,00	2423,00	355
MINO GALESTE	4	H	PUR SANG	7	0	4	7260,00	3265,00	10525,00	1037,14	280
MAGIC TREVILLE	5	F	PUR SANG	12	0	9	7247,00	3257,00	10504,00	603,92	225
SHALIMAR	3	F	PUR SANG	7	0	5	7246,00	0,00	7246,00	1035,14	290
MOODS	2	H	PUR SANG	4	0	4	7245,00	5432,00	12677,00	1811,25	365
EL LAGAR	2	M	PUR SANG	4	0	3	7245,00	5433,00	12678,00	1811,25	350
PATRIARCHE	3	M	PUR SANG	5	0	5	7234,00	0,00	7234,00	1446,80	315
WELLINGTON PREMIER	4	M	PUR SANG	6	0	4	7226,00	3249,00	10475,00	1204,33	330
MAGUELONE	3	H	PUR SANG	3	0	3	7226,00	5419,00	12645,00	2408,67	365
DYLAN'S SPIRIT	5	F	PUR SANG	6	0	4	7220,00	3247,00	10467,00	1203,33	240
VERITABLE	6	H	PUR SANG	7	0	4	7201,00	3239,00	10440,00	1028,71	345
ROXANA OF CECCA	5	F	PUR SANG	6	1	0	7200,00	3240,00	10440,00	1200,00	185
DREAMS CHOPE	2	F	PUR SANG	2	1	0	7200,00	5400,00	12600,00	3600,00	
LES COSMIQUES	2	F	PUR SANG	3	1	0	7200,00	5400,00	12600,00	2400,00	325
OUEST DONC DENUO	2	H	PUR SANG	1	1	0	7200,00	5400,00	12600,00	7200,00	
DRAGON FORCE	2	H	PUR SANG	1	1	0	7200,00	0,00	7200,00	7200,00	
YOUR MY HEART	3	H	PUR SANG	8	1	4	7194,00	2395,00	9589,00	899,25	245
CITY SLICKER	3	H	PUR SANG	3	0	3	7194,00	5395,00	12589,00	2398,00	300
ROCKONADO	3	H	PUR SANG	2	1	1	7186,00	5388,00	12574,00	3593,00	290
MOMOUR	12	H	PUR SANG	9	0	8	7183,00	0,00	7183,00	798,11	210
DARYA	3	F	PUR SANG	7	1	2	7176,00	1632,00	8808,00	1025,14	290
ARABIAN FEVER	4	M	PUR SANG	8	0	7	7164,00	3221,00	10385,00	895,50	265
DAYTONINE	3	F	PUR SANG	6	0	4	7163,00	0,00	7163,00	1193,83	285
QUDILLERO	10	H	PUR SANG	7	0	4	7158,00	2500,00	9658,00	1022,57	215
INSIDE MATTERS	5	H	PUR SANG	12	0	6	7156,00	3217,00	10373,00	596,33	280
BREIZH MOON	6	F	PUR SANG	11	0	5	7154,00	3216,00	10370,00	650,36	330
FLAMBOYANTE	7	F	PUR SANG	8	0	5	7153,00	3217,00	10370,00	894,13	255
MATCH ANTHEM	5	H	PUR SANG	8	0	4	7153,00	0,00	7153,00	894,13	265
MISS DE PANAME	3	F	PUR SANG	8	0	3	7152,00	5364,00	12516,00	894,00	340
VASSY	3	H	PUR SANG	3	0	3	7148,00	5360,00	12508,00	2382,67	415
TREBLE TEE	4	H	PUR SANG	1	0	1	7140,00	3213,00	10353,00	7140,00	480
JUST A GIRL	3	F	PUR SANG	1	0	1	7140,00	0,00	7140,00	7140,00	430
AFFIRMATIF	2	M	PUR SANG	4	0	3	7137,00	5352,00	12489,00	1784,25	325
D'ARTAGNAN	3	H	PUR SANG	3	0	3	7136,00	5350,00	12486,00	2378,67	360
VASUMATI	3	F	PUR SANG	7	1	3	7127,00	5344,00	12471,00	1018,14	335
PRINCE DE MONTFORT	8	H	PUR SANG	3	0	1	7126,00	3206,00	10332,00	2375,33	400
WOOTTON MELODY	5	M	PUR SANG	2	0	1	7126,00	3206,00	10332,00	3563,00	370
PRINCESSE TREZY	4	F	PUR SANG	1	0	1	7126,00	3206,00	10332,00	7126,00	375
LAKE NAIVASHA	7	F	PUR SANG	5	0	2	7126,00	0,00	7126,00	1425,20	260
ANDINO	9	H	PUR SANG	6	0	3	7123,00	3205,00	10328,00	1187,17	210
YAFTABELLA	2	F	PUR SANG	4	0	4	7121,00	5339,00	12460,00	1780,25	370
PASSINGSHOT	4	H	PUR SANG	8	0	3	7114,00	3199,00	10313,00	889,25	345
TRIPLE SEPT	3	H	PUR SANG	3	0	2	7106,00	5329,00	12435,00	2368,67	365
TAMISE	3	F	PUR SANG	4	0	4	7106,00	5328,00	12434,00	1776,50	355
DICIAMO	2	F	PUR SANG	4	0	2	7106,00	0,00	7106,00	1776,50	345
CHESTER LIGHT	2	F	PUR SANG	2	0	2	7096,00	5321,00	12417,00	3548,00	
ULTRASPI	4	F	PUR SANG	6	0	6	7080,00	3182,00	10262,00	1180,00	245
REDOUTABLE	3	M	PUR SANG	9	0	5	7079,00	5306,00	12385,00	786,56	275
KING ARTHUR	3	H	PUR SANG	5	1	2	7078,00	5308,00	12386,00	1415,60	310
UNDERSTUDY	4	F	PUR SANG	4	0	2	7074,00	0,00	7074,00	1768,50	415
KING RETURN	4	M	PUR SANG	10	0	7	7058,00	3174,00	10232,00	705,80	265
DO YOU SEA	2	F	PUR SANG	4	0	3	7053,00	5289,00	12342,00	1763,25	350
PREFERENCIA	8	F	PUR SANG	6	0	4	7051,00	3171,00	10222,00	1175,17	160
NUIT D'ALIENOR	9	F	PUR SANG	4	1	3	7050,00	3171,00	10221,00	1762,50	230
WELCOME CHARLY	5	H	PUR SANG	3	1	2	7047,00	3170,00	10217,00	2349,00	290
STAR OF HOPE	3	F	PUR SANG	2	1	1	7044,00	0,00	7044,00	3522,00	
SPELONCATO	3	H	PUR SANG	10	0	5	7042,00	0,00	7042,00	704,20	245
PRINCESS SPIGAO	3	F	PUR SANG	5	1	2	7040,00	1530,00	8570,00	1408,00	315
OISEAU BLEU	2	F	PUR SANG	2	0	2	7034,00	0,00	7034,00	3517,00	
NEBUCHADNASSER	8	H	PUR SANG	5	0	4	7029,00	0,00	7029,00	1405,80	200
OFF TO DUBAI	3	H	PUR SANG	9	0	6	7028,00	5271,00	12299,00	780,89	310
INFRAROUGE	3	F	PUR SANG	4	1	2	7026,00	0,00	7026,00	1756,50	345
BEAUTIFUL TIME	4	F	PUR SANG	3	1	1	7021,00	3158,00	10179,00	2340,33	280
ROYAL SPIRIT	2	M	PUR SANG	2	0	2	7006,00	5253,00	12259,00	3503,00	
MARAKANA	3	F	PUR SANG	6	0	5	6982,00	5235,00	12217,00	1163,67	300
RUE RECAMIER	3	F	PUR SANG	5	0	3	6974,00	5229,00	12203,00	1394,80	330
VAPOA	3	F	PUR SANG	6	0	4	6971,00	5226,00	12197,00	1161,83	340
GOLD STANDARD	3	H	PUR SANG	5	0	3	6970,00	5227,00	12197,00	1394,00	250
BAKHARA	7	F	PUR SANG	8	1	6	6960,00	3132,00	10092,00	870,00	430
PERSIAN DEVA	3	F	PUR SANG	6	0	4	6958,00	3793,00	10751,00	1159,67	245
PADOVA	3	F	PUR SANG	7	0	6	6957,00	5215,00	12172,00	993,86	290
PRETTY QUEEN	4	F	PUR SANG	5	0	3	6954,00	3127,00	10081,00	1390,80	375
LASHKER	3	M	PUR SANG	4	1	3	6953,00	5214,00	12167,00	1738,25	350
BAILEYS ECLAIR	6	H	PUR SANG	13	0	6	6931,00	3116,00	10047,00	533,15	195
PERFECT MOON	3	F	PUR SANG	10	0	6	6931,00	5196,00	12127,00	693,10	275
SAUZET	3	H	PUR SANG	3	0	3	6931,00	5197,00	12128,00	2310,33	380
KIROVSKY	4	H	PUR SANG	3	0	3	6931,00	0,00	6931,00	2310,33	345
CITTA NOVA	2	F	PUR SANG	2	0	2	6930,00	5197,00	12127,00	3465,00	
LOS SUENOS	4	H	PUR SANG	7	1	2	6929,00	0,00	6929,00	989,86	230
GREEN SPIRIT	9	H	PUR SANG	6	0	5	6926,00	3116,00	10042,00	1154,33	205
ROSISSIM	10	H	PUR SANG	10	0	8	6925,00	3115,00	10040,00	692,50	175
HERACLES	4	H	PUR SANG	7	0	4	6925,00	3114,00	10039,00	989,29	320
DHIGALI	4	H	PUR SANG	9	0	7	6923,00	3112,00	10035,00	769,22	210
RAMASCOT	2	F	PUR SANG	2	0	2	6923,00	5191,00	12114,00	3461,50	
SEDE VACANTE	3	F	PUR SANG	8	0	3	6922,00	5191,00	12113,00	865,25	215
MASARO	3	H	PUR SANG	2	0	2	6917,00	5186,00	12103,00	3458,50	
GALORD	7	H	PUR SANG	5	0	2	6912,00	3109,00	10021,00	1382,40	360
NEROMBALA	3	F	PUR SANG	6	0	3	6906,00	0,00	6906,00	1151,00	310
BELINSKOV	6	H	PUR SANG	8	0	6	6905,00	3104,00	10009,00	863,13	315
SANDON	4	F	PUR SANG	10	0	6	6901,00	3103,00	10004,00	690,10	190
SARALD	3	H	PUR SANG	2	1	1	6900,00	1425,00	8325,00	3450,00	610
BLANCHE SACREE	4	F	PUR SANG	8	0	5	6890,00	3099,00	9989,00	861,25	215
MADAME MAGIC	3	F	PUR SANG	8	0	4	6867,00	3134,00	10001,00	858,38	315
ESPARTINAS	3	F	PUR SANG	4	0	4	6866,00	5149,00	12015,00	1716,50	345
NOBLE CHAMPION	4	M	PUR SANG	1	0	1	6860,00	0,00	6860,00	6860,00	
ZAKIYYAH GOLD	3	H	PUR SANG	7	1	4	6857,00	5142,00	11999,00	979,57	255
SHADIRWAN	5	H	PUR SANG	1	1	0	6850,00	3082,00	9932,00	6850,00	420
MARLENA'S PRINCE	4	H	PUR SANG	5	0	5	6850,00	0,00	6850,00	1370,00	260
GOLFEUR	5	H	PUR SANG	4	0	3	6847,00	3079,00	9926,00	1711,75	310
FLEUR CELESTE	2	F	PUR SANG	3	1	1	6840,00	5130,00	11970,00	2280,00	350
ISNEAUVILLE	4	F	PUR SANG	5	1	3	6823,00	3069,00	9892,00	1364,60	340
SPANISH BREEZE CEN	4	M	PUR SANG	3	0	3	6816,00	3067,00	9883,00	2272,00	400
LAPENTY	3	M	PUR SANG	5	0	4	6803,00	5100,00	11903,00	1360,60	380
MUSE DES ONGRAIS	4	F	PUR SANG	4	1	2	6800,00	0,00	6800,00	1700,00	
BELLE DE CLHOE	4	F	PUR SANG	5	1	3	6800,00	629,00	7429,00	1360,00	240
JUST ONE SPIRIT	4	H	PUR SANG	3	1	2	6800,00	0,00	6800,00	2266,67	
EXQUISE ITALIENNE	3	F	PUR SANG	4	0	4	6800,00	5100,00	11900,00	1700,00	355
ORISSON	4	H	PUR SANG	6	1	2	6790,00	3054,00	9844,00	1131,67	325
MAGURO	7	H	PUR SANG	10	1	1	6788,00	3054,00	9842,00	678,80	165
STUDEN KLADENETS	3	M	PUR SANG	5	0	4	6771,00	0,00	6771,00	1354,20	340
ALREADY QUEEN	5	F	PUR SANG	8	0	7	6768,00	3043,00	9811,00	846,00	215
NO GUTS NO GLORY	3	M	PUR SANG	3	0	3	6763,00	5071,00	11834,00	2254,33	360
SAKURASAKU	4	H	PUR SANG	3	1	1	6762,00	1017,00	7779,00	2254,00	290
REVENTADOR	9	H	PUR SANG	10	0	8	6761,00	3040,00	9801,00	676,10	240
REMINISCE	6	H	PUR SANG	6	0	3	6752,00	3037,00	9789,00	1125,33	245
TIMNA DUGROHO	3	F	PUR SANG	2	1	1	6750,00	4312,00	11062,00	3375,00	
LANA ZAIN	3	F	PUR SANG	6	1	3	6738,00	1303,00	8041,00	1123,00	230
AGNESIT'A	3	F	PUR SANG	12	0	8	6736,00	5050,00	11786,00	561,33	220
NIIA	4	F	PUR SANG	12	0	5	6732,00	3028,00	9760,00	561,00	195
GO FOR IT	7	F	PUR SANG	9	1	4	6724,00	3024,00	9748,00	747,11	210
EXCALIBUR	9	H	PUR SANG	11	0	5	6723,00	3024,00	9747,00	611,18	210
ARTISTIC GLORY	8	F	PUR SANG	8	1	6	6710,00	3019,00	9729,00	838,75	530
PULP FICTION	3	F	PUR SANG	14	0	10	6707,00	5028,00	11735,00	479,07	220
GOLDEN WEAVER	4	H	PUR SANG	3	0	2	6700,00	3014,00	9714,00	2233,33	410
JOSHUA MOON	8	H	PUR SANG	10	0	7	6690,00	2334,00	9024,00	669,00	195
TEPITO	4	H	PUR SANG	15	0	9	6690,00	3007,00	9697,00	446,00	150
SEMEUR	11	H	PUR SANG	8	1	1	6687,00	3009,00	9696,00	835,88	150
REDSIA FAL	4	F	PUR SANG	8	0	4	6683,00	3005,00	9688,00	835,38	285
TWIN DREAM	5	F	PUR SANG	7	1	2	6676,00	2284,00	8960,00	953,71	185
DONE DEAL	5	M	PUR SANG	4	0	3	6672,00	3001,00	9673,00	1668,00	390
AEDION	3	H	PUR SANG	7	0	3	6669,00	5001,00	11670,00	952,71	320
REVERSO	5	H	PUR SANG	6	0	6	6661,00	2994,00	9655,00	1110,17	385
PANGAEA	6	H	PUR SANG	12	1	3	6657,00	2994,00	9651,00	554,75	225
OTERO	3	H	PUR SANG	6	0	3	6654,00	4990,00	11644,00	1109,00	315
ATAVAMADA	5	H	PUR SANG	10	0	9	6643,00	2984,00	9627,00	664,30	260
ZARIBIYAN	3	M	PUR SANG	3	0	3	6639,00	0,00	6639,00	2213,00	355
SANDY EAGLE	4	F	PUR SANG	3	1	1	6635,00	2985,00	9620,00	2211,67	270
VALIKA	3	F	PUR SANG	3	0	2	6634,00	0,00	6634,00	2211,33	360
NASDAQ	5	M	PUR SANG	3	0	2	6624,00	2980,00	9604,00	2208,00	355
PETIT ROBIN	3	H	PUR SANG	3	0	3	6624,00	216,00	6840,00	2208,00	345
WOOD ROSE	3	M	PUR SANG	5	0	4	6624,00	4968,00	11592,00	1324,80	310
RANCON ROYALE	7	H	PUR SANG	4	0	2	6624,00	2980,00	9604,00	1656,00	325
MOREA	7	F	PUR SANG	11	0	5	6623,00	2979,00	9602,00	602,09	175
NUEVO QUARTZ	3	M	PUR SANG	7	1	3	6622,00	4965,00	11587,00	946,00	235
JAZZ ROQUE	7	H	PUR SANG	6	1	3	6618,00	2977,00	9595,00	1103,00	530
ZENATA	3	F	PUR SANG	11	0	7	6617,00	4962,00	11579,00	601,55	260
CALYPSO	6	H	PUR SANG	12	0	6	6617,00	0,00	6617,00	551,42	290
BOBROVKHA	4	F	PUR SANG	6	1	1	6616,00	2977,00	9593,00	1102,67	245
MASTER LIGHT	6	H	PUR SANG	9	0	6	6616,00	2974,00	9590,00	735,11	160
FILLETTE DU HOULEY	3	F	PUR SANG	6	0	5	6612,00	4958,00	11570,00	1102,00	300
RONCAL	4	H	PUR SANG	1	0	1	6612,00	0,00	6612,00	6612,00	
ILDOUCE FLECHOIS	8	H	PUR SANG	7	1	1	6607,00	2972,00	9579,00	943,86	265
SHUTTERWOOD	4	F	PUR SANG	9	0	6	6597,00	2965,00	9562,00	733,00	325
GENTLEMAN BEAUTY	5	H	PUR SANG	7	0	4	6596,00	2967,00	9563,00	942,29	365
MERLE	3	H	PUR SANG	10	0	5	6594,00	4944,00	11538,00	659,40	315
KESHAPOUR	5	H	PUR SANG	2	0	2	6594,00	2966,00	9560,00	3297,00	460
GREY WOLF	3	H	PUR SANG	9	0	4	6593,00	4943,00	11536,00	732,56	245
VALZAK	5	H	PUR SANG	9	0	3	6578,00	2959,00	9537,00	730,89	225
TESTERINE	3	F	PUR SANG	4	0	4	6569,00	4926,00	11495,00	1642,25	390
LA BELLE HELENE	3	F	PUR SANG	6	0	3	6566,00	4921,00	11487,00	1094,33	305
THAT'S LIFE	5	F	PUR SANG	6	0	5	6559,00	2949,00	9508,00	1093,17	250
NAIDEE	3	F	PUR SANG	8	0	4	6557,00	4917,00	11474,00	819,63	255
HANDHY	7	F	PUR SANG	7	1	3	6541,00	2942,00	9483,00	934,43	235
PENNY GREY'S	3	H	PUR SANG	9	0	6	6526,00	4294,00	10820,00	725,11	245
ROLEXXA	4	F	PUR SANG	13	0	10	6516,00	2927,00	9443,00	501,23	240
MELLO MELLO	2	F	PUR SANG	3	0	3	6516,00	4886,00	11402,00	2172,00	370
AQUA MIRABILIS	4	F	PUR SANG	3	1	2	6510,00	2929,00	9439,00	2170,00	280
THALIA	4	F	PUR SANG	6	0	4	6504,00	2923,00	9427,00	1084,00	295
PTIT PEDRO	7	M	PUR SANG	7	1	3	6502,00	2925,00	9427,00	928,86	350
SERPENTAR	4	H	PUR SANG	4	1	3	6502,00	1125,00	7627,00	1625,50	260
SILVER TOWER	4	F	PUR SANG	6	0	3	6501,00	2924,00	9425,00	1083,50	285
PRAIRIE GLORY	8	H	PUR SANG	6	0	6	6497,00	2922,00	9419,00	1082,83	250
NEW TOWN	5	F	PUR SANG	12	0	8	6492,00	2414,00	8906,00	541,00	155
INDIAN SUNSET	7	F	PUR SANG	8	0	4	6485,00	2916,00	9401,00	810,63	250
KINGSTRIDE	3	H	PUR SANG	5	0	5	6476,00	3731,00	10207,00	1295,20	325
NRISSA	3	F	PUR SANG	2	1	1	6464,00	3787,00	10251,00	3232,00	
ARMORIGENE	9	H	PUR SANG	13	0	3	6464,00	2907,00	9371,00	497,23	195
REJAITT	4	F	PUR SANG	3	1	1	6462,00	0,00	6462,00	2154,00	275
LALOU	6	F	PUR SANG	5	0	5	6461,00	0,00	6461,00	1292,20	320
MONSIEUR SHELBY	4	H	PUR SANG	7	0	5	6457,00	2903,00	9360,00	922,43	290
DREAM WUKAIR	6	F	PUR SANG	7	0	4	6456,00	2903,00	9359,00	922,29	195
KRISTAL	3	H	PUR SANG	11	0	8	6456,00	4841,00	11297,00	586,91	290
SHAZAL	2	H	PUR SANG	2	0	2	6456,00	4841,00	11297,00	3228,00	
SEVEN BLUES	2	F	PUR SANG	3	0	2	6456,00	4841,00	11297,00	2152,00	360
TEAM BREIZH	3	F	PUR SANG	4	0	2	6454,00	4840,00	11294,00	1613,50	350
HAPPY SAXON	5	F	PUR SANG	8	0	4	6452,00	2902,00	9354,00	806,50	330
INSEPARABLE	4	H	PUR SANG	4	1	3	6451,00	2902,00	9353,00	1612,75	245
ILUMINE PRECIEUSE	8	F	PUR SANG	8	0	7	6450,00	2899,00	9349,00	806,25	285
MIAIMAOU	4	F	PUR SANG	11	0	6	6434,00	2894,00	9328,00	584,91	230
WATCH THE KING	3	M	PUR SANG	4	0	4	6422,00	4816,00	11238,00	1605,50	370
EL MADAR	4	H	PUR SANG	10	0	5	6403,00	0,00	6403,00	640,30	195
GUACARI	4	H	PUR SANG	4	1	1	6402,00	2880,00	9282,00	1600,50	265
LIO DE LA PLATA	5	F	PUR SANG	1	1	0	6400,00	2880,00	9280,00	6400,00	260
KLUC MARTIN	3	H	PUR SANG	4	1	2	6400,00	0,00	6400,00	1600,00	
LE ROUGE CHINOIS	6	H	PUR SANG	5	1	0	6400,00	0,00	6400,00	1280,00	250
KILMAINE	2	M	PUR SANG	1	0	1	6398,00	4798,00	11196,00	6398,00	
PETITE VAGABONDE	2	F	PUR SANG	1	0	1	6398,00	4798,00	11196,00	6398,00	
CAPTAIN HENRY	2	M	PUR SANG	1	0	1	6398,00	4798,00	11196,00	6398,00	
OPERATIF	2	M	PUR SANG	1	0	1	6398,00	4798,00	11196,00	6398,00	
MONDAY CABARET	2	F	PUR SANG	1	0	1	6398,00	0,00	6398,00	6398,00	
SIDEWALKOFBROADWAY	2	M	PUR SANG	1	0	1	6398,00	0,00	6398,00	6398,00	
CROOK	3	M	PUR SANG	6	0	3	6394,00	4795,00	11189,00	1065,67	340
CAPOUCHINE	3	F	PUR SANG	14	0	9	6389,00	4789,00	11178,00	456,36	200
PREMIERA	3	F	PUR SANG	9	0	5	6386,00	4789,00	11175,00	709,56	220
HANAMOUR	3	H	PUR SANG	5	1	3	6378,00	1221,00	7599,00	1275,60	260
MERCI AGATHE	2	F	PUR SANG	9	0	6	6375,00	4781,00	11156,00	708,33	295
NUENCE'K	3	F	PUR SANG	6	0	3	6372,00	3654,00	10026,00	1062,00	310
SHEEMA'S ROSE	5	F	PUR SANG	11	0	5	6369,00	2863,00	9232,00	579,00	305
LIKING	5	H	PUR SANG	11	0	6	6363,00	2861,00	9224,00	578,45	265
HIGH VIOLET	5	F	PUR SANG	4	0	3	6361,00	0,00	6361,00	1590,25	270
MANGAKEN	5	H	PUR SANG	10	0	4	6353,00	2858,00	9211,00	635,30	305
HO HOLY MOLY	3	F	PUR SANG	5	0	4	6352,00	0,00	6352,00	1270,40	325
MAYISKI	4	H	PUR SANG	5	1	1	6350,00	2677,00	9027,00	1270,00	260
MAMINOA	4	F	PUR SANG	11	0	5	6348,00	2856,00	9204,00	577,09	180
JOLIE CITY	2	F	PUR SANG	9	0	7	6348,00	4761,00	11109,00	705,33	585
SUCCESS STORY	8	F	PUR SANG	12	0	7	6346,00	2854,00	9200,00	528,83	150
ZIPPERE	9	F	PUR SANG	5	0	4	6344,00	2853,00	9197,00	1268,80	185
OTONIA	3	F	PUR SANG	7	0	4	6336,00	4752,00	11088,00	905,14	305
LADY VITESSE	4	F	PUR SANG	9	1	4	6323,00	2843,00	9166,00	702,56	315
IAMICHOP	5	H	PUR SANG	11	1	4	6320,00	2843,00	9163,00	574,55	195
IXIAS	3	F	PUR SANG	4	0	4	6313,00	4734,00	11047,00	1578,25	295
LAGOONE CHOPE	7	F	PUR SANG	11	0	6	6306,00	2835,00	9141,00	573,27	225
JOYEUSE DE ROMAY	7	F	PUR SANG	8	0	6	6303,00	2835,00	9138,00	787,88	235
GREAT SPIRIT	3	H	PUR SANG	5	0	4	6300,00	3789,00	10089,00	1260,00	325
PASSEPARTOUT	5	M	PUR SANG	9	0	6	6290,00	2829,00	9119,00	698,89	290
WESTMINSTER NIGHT	7	H	PUR SANG	11	0	6	6289,00	2827,00	9116,00	571,73	320
STANDBY	3	F	PUR SANG	3	1	2	6286,00	0,00	6286,00	2095,33	330
TEXAS WOOD	3	H	PUR SANG	3	0	2	6286,00	4713,00	10999,00	2095,33	410
THE TOP GATSBY	6	F	PUR SANG	3	0	2	6272,00	2820,00	9092,00	2090,67	380
SEDANO	4	H	PUR SANG	2	0	2	6272,00	2822,00	9094,00	3136,00	415
HOUSE OF TUDOR	3	M	PUR SANG	2	1	1	6252,00	0,00	6252,00	3126,00	
BLOOMERALL	3	F	PUR SANG	6	0	5	6252,00	4689,00	10941,00	1042,00	295
MARMARA	4	F	PUR SANG	1	1	0	6250,00	0,00	6250,00	6250,00	300
MIA FAST	3	F	PUR SANG	13	0	7	6239,00	4678,00	10917,00	479,92	210
ERLING	4	M	PUR SANG	4	1	1	6238,00	0,00	6238,00	1559,50	315
ADELA	6	F	PUR SANG	6	0	3	6236,00	2805,00	9041,00	1039,33	170
STRATOVULCANO	3	H	PUR SANG	7	0	5	6232,00	0,00	6232,00	890,29	325
RAIATEA	5	F	PUR SANG	12	0	4	6228,00	2800,00	9028,00	519,00	155
ZE WEEKEND	4	H	PUR SANG	7	1	3	6225,00	2125,00	8350,00	889,29	210
MAJOR OAK	6	H	PUR SANG	8	0	4	6217,00	2797,00	9014,00	777,13	380
MAHOMES	5	H	PUR SANG	2	0	2	6213,00	2795,00	9008,00	3106,50	360
ANNA MANDARA	5	F	PUR SANG	11	0	5	6212,00	2794,00	9006,00	564,73	180
DANAFLO	3	F	PUR SANG	11	0	7	6207,00	4653,00	10860,00	564,27	225
KATIRAN	3	H	PUR SANG	2	1	1	6200,00	0,00	6200,00	3100,00	
SEPTIMUS	5	H	PUR SANG	7	0	3	6194,00	2785,00	8979,00	884,86	290
PURBRIGHT DRALLIV	4	H	PUR SANG	13	0	5	6192,00	2604,00	8796,00	476,31	200
BETISE	4	F	PUR SANG	9	0	5	6182,00	2780,00	8962,00	686,89	220
LYNEHAM	3	M	PUR SANG	3	0	2	6175,00	4631,00	10806,00	2058,33	460
ETERNAL BLESSING	4	F	PUR SANG	6	0	4	6173,00	2777,00	8950,00	1028,83	250
CHIPRANA	3	F	PUR SANG	7	0	5	6170,00	4252,00	10422,00	881,43	250
BIG SIP	4	H	PUR SANG	5	0	3	6164,00	0,00	6164,00	1232,80	335
JOYPHORIA	3	F	PUR SANG	9	0	7	6156,00	4615,00	10771,00	684,00	275
MADAME X	3	F	PUR SANG	3	0	3	6156,00	0,00	6156,00	2052,00	300
MA BARBIE'K	4	F	PUR SANG	11	0	6	6148,00	2764,00	8912,00	558,91	220
FLASH D'ASPE	4	H	PUR SANG	8	0	5	6147,00	1145,00	7292,00	768,38	205
SOLDIERS CHORUS	4	F	PUR SANG	5	0	4	6147,00	2764,00	8911,00	1229,40	250
SITULA	3	F	PUR SANG	3	0	2	6146,00	4609,00	10755,00	2048,67	350
TALMAS	3	H	PUR SANG	3	0	2	6144,00	4608,00	10752,00	2048,00	435
CHRISJONH	3	H	PUR SANG	11	0	6	6144,00	4608,00	10752,00	558,55	245
EMPTY STREET	3	F	PUR SANG	6	0	3	6144,00	4608,00	10752,00	1024,00	285
TEO'S BARLEY CEN	3	F	PUR SANG	3	0	3	6144,00	4608,00	10752,00	2048,00	320
MA OUI CHOP	3	H	PUR SANG	8	0	5	6138,00	2372,00	8510,00	767,25	250
PENNYGRAPHIE	4	F	PUR SANG	7	0	4	6136,00	2356,00	8492,00	876,57	225
NIAGARO	7	M	PUR SANG	6	0	4	6133,00	0,00	6133,00	1022,17	340
MAMONCEY	2	F	PUR SANG	3	1	2	6130,00	4597,00	10727,00	2043,33	340
NEPTUNE BAILLY	3	F	PUR SANG	6	0	5	6130,00	4597,00	10727,00	1021,67	270
RODRIGUE	3	H	PUR SANG	6	0	3	6128,00	4596,00	10724,00	1021,33	295
SENONNIAN	4	H	PUR SANG	5	0	3	6122,00	2754,00	8876,00	1224,40	560
RAYO DE LUZ	5	F	PUR SANG	7	0	5	6120,00	2753,00	8873,00	874,29	210
MICOCOULIER STREET	3	M	PUR SANG	7	0	6	6119,00	4588,00	10707,00	874,14	315
KAMETA	6	F	PUR SANG	4	0	2	6116,00	2751,00	8867,00	1529,00	250
MEME TOI	4	H	PUR SANG	7	1	2	6112,00	2750,00	8862,00	873,14	280
VENETIAN TEMPLE	2	F	PUR SANG	3	1	1	6111,00	4583,00	10694,00	2037,00	370
GOLDEN TRIP	6	F	PUR SANG	7	0	5	6111,00	2747,00	8858,00	873,00	180
WHITE SHARK	3	M	PUR SANG	6	0	4	6105,00	4578,00	10683,00	1017,50	335
ARIWIN	2	M	PUR SANG	2	2	0	6100,00	0,00	6100,00	3050,00	
VIVELAVIE	5	F	PUR SANG	8	0	7	6100,00	2745,00	8845,00	762,50	495
ZOLIA D'OROUX	3	F	PUR SANG	7	0	5	6094,00	4569,00	10663,00	870,57	260
RIVIERE NOIRE	2	F	PUR SANG	1	0	1	6080,00	4560,00	10640,00	6080,00	
COSMICAL O'CLOCK	2	M	PUR SANG	1	0	1	6080,00	4560,00	10640,00	6080,00	
VA S'Y MIX	9	H	PUR SANG	8	0	6	6079,00	2732,00	8811,00	759,88	315
CUNCERTO	7	H	PUR SANG	4	0	2	6068,00	2730,00	8798,00	1517,00	350
RED SUGAR	7	F	PUR SANG	3	0	3	6048,00	2721,00	8769,00	2016,00	155
BATURHAN	4	M	PUR SANG	6	0	3	6048,00	2720,00	8768,00	1008,00	245
NATHEPOLO	8	F	PUR SANG	4	1	2	6040,00	2718,00	8758,00	1510,00	165
SHOWBOATED	5	H	PUR SANG	5	0	2	6024,00	2710,00	8734,00	1204,80	150
NATURALISTE	3	F	PUR SANG	6	0	5	6022,00	4516,00	10538,00	1003,67	345
KOELLE ALAAF	3	H	PUR SANG	6	0	6	6016,00	3012,00	9028,00	1002,67	255
MRS HOLIDAY	5	F	PUR SANG	12	0	4	6004,00	2699,00	8703,00	500,33	280
RUE DU SAHEL	5	F	PUR SANG	6	0	5	6003,00	2699,00	8702,00	1000,50	165
FOREST GALORE	3	H	PUR SANG	4	0	4	6001,00	4500,00	10501,00	1500,25	345
BEL ORIFLAMME	3	H	PUR SANG	4	1	1	6000,00	750,00	6750,00	1500,00	270
CYMOPHANE	3	F	PUR SANG	5	1	1	6000,00	0,00	6000,00	1200,00	290
BERLINETTA	4	F	PUR SANG	10	0	4	5993,00	2695,00	8688,00	599,30	235
GOLUPTIOUS	5	M	PUR SANG	7	0	5	5982,00	2689,00	8671,00	854,57	330
HURRICANE	7	H	PUR SANG	7	0	3	5980,00	2689,00	8669,00	854,29	250
LIBERTIN GRIS	7	H	PUR SANG	8	0	6	5980,00	2691,00	8671,00	747,50	475
KIM KARALA	6	F	PUR SANG	4	0	3	5980,00	2690,00	8670,00	1495,00	250
PROLIXE	3	H	PUR SANG	6	0	6	5975,00	4481,00	10456,00	995,83	270
LORNE	7	F	PUR SANG	6	0	4	5969,00	2684,00	8653,00	994,83	280
MAGIC VATI	9	H	PUR SANG	11	1	1	5966,00	2684,00	8650,00	542,36	150
FINEST CUP	3	F	PUR SANG	2	1	1	5959,00	0,00	5959,00	2979,50	
GHOST WARRIOR	3	H	PUR SANG	2	1	1	5959,00	0,00	5959,00	2979,50	
MAGIC FLIGHT	6	H	PUR SANG	3	1	0	5950,00	2677,00	8627,00	1983,33	575
BLISS COIN	4	F	PUR SANG	1	1	0	5950,00	2677,00	8627,00	5950,00	
DAHMAN	4	H	PUR SANG	1	1	0	5950,00	0,00	5950,00	5950,00	
TAPIOCA PEARL	4	F	PUR SANG	1	1	0	5950,00	2677,00	8627,00	5950,00	355
CALLISTO DU NORD	4	H	PUR SANG	1	1	0	5950,00	2677,00	8627,00	5950,00	690
MAESTRANZO	4	H	PUR SANG	1	1	0	5950,00	2677,00	8627,00	5950,00	525
DIONYSOS FORLONGE	4	H	PUR SANG	4	1	0	5950,00	0,00	5950,00	1487,50	230
BRIGHT FUTURE	4	F	PUR SANG	1	1	0	5950,00	0,00	5950,00	5950,00	320
SINDBAD	4	H	PUR SANG	1	1	0	5950,00	0,00	5950,00	5950,00	
ROMANCIER NOCTURNE	3	H	PUR SANG	7	0	4	5946,00	4456,00	10402,00	849,43	300
CRACKELITA	3	F	PUR SANG	4	1	2	5936,00	702,00	6638,00	1484,00	275
HOGAN BRIDGE	3	H	PUR SANG	4	0	4	5928,00	4446,00	10374,00	1482,00	290
MATIA	3	F	PUR SANG	3	0	2	5928,00	4446,00	10374,00	1976,00	350
SECRET GLORY	7	F	PUR SANG	13	0	7	5927,00	2665,00	8592,00	455,92	155
LAGOA SANTA	7	F	PUR SANG	7	0	3	5926,00	2665,00	8591,00	846,57	150
MEHANYDREAM	9	H	PUR SANG	11	0	7	5925,00	2663,00	8588,00	538,64	150
GIRAFFE	6	F	PUR SANG	6	0	3	5923,00	2664,00	8587,00	987,17	290
ZANINA	3	F	PUR SANG	12	0	8	5923,00	4441,00	10364,00	493,58	280
THUNDERHEART	5	H	PUR SANG	7	0	5	5905,00	2654,00	8559,00	843,57	250
LA HAUTE ISLE	8	F	PUR SANG	10	0	6	5900,00	2654,00	8554,00	590,00	220
BIG ENERGY	4	H	PUR SANG	12	0	6	5884,00	2646,00	8530,00	490,33	210
LE GARDOLOT	8	H	PUR SANG	7	0	3	5883,00	2646,00	8529,00	840,43	220
POPPIE SAN	5	F	PUR SANG	2	0	2	5880,00	2645,00	8525,00	2940,00	255
GRISY APRIL	2	F	PUR SANG	3	0	2	5880,00	4410,00	10290,00	1960,00	340
ZEN STORM	2	F	PUR SANG	2	0	2	5880,00	4410,00	10290,00	2940,00	
WAKE ME UP	2	M	PUR SANG	3	0	2	5880,00	4409,00	10289,00	1960,00	350
LA FERRETCAPIENNE	4	F	PUR SANG	12	0	4	5870,00	2639,00	8509,00	489,17	290
THE BROTHER	2	H	PUR SANG	8	0	5	5870,00	4401,00	10271,00	733,75	305
LUDWIG DER ZWEITE	2	M	PUR SANG	5	0	3	5866,00	4399,00	10265,00	1173,20	355
TABEO	3	M	PUR SANG	4	0	2	5864,00	0,00	5864,00	1466,00	380
CHASSEUR DE PRIME	5	H	PUR SANG	11	0	6	5860,00	2637,00	8497,00	532,73	410
CHELSEA DU NINIAN	8	F	PUR SANG	7	0	4	5848,00	2629,00	8477,00	835,43	330
BEN DE DIANE	7	H	PUR SANG	9	0	6	5844,00	2627,00	8471,00	649,33	250
EMOTIVO	6	F	PUR SANG	4	0	4	5841,00	0,00	5841,00	1460,25	250
HOTHEADED	4	H	PUR SANG	3	0	2	5838,00	0,00	5838,00	1946,00	465
MARYZIA	3	F	PUR SANG	3	0	2	5836,00	0,00	5836,00	1945,33	355
VICTORSTRUNG	2	M	PUR SANG	3	0	3	5824,00	4367,00	10191,00	1941,33	350
GOLDEN BREEZE	3	F	PUR SANG	11	0	6	5807,00	4353,00	10160,00	527,91	205
CLOSE COMBAT	4	H	PUR SANG	6	1	3	5800,00	540,00	6340,00	966,67	210
LHOTSE	3	F	PUR SANG	2	0	2	5778,00	0,00	5778,00	2889,00	
LINTERPRETE	6	H	PUR SANG	5	0	4	5774,00	2597,00	8371,00	1154,80	275
DEESSE D'ARGENT	2	F	PUR SANG	4	0	4	5770,00	4327,00	10097,00	1442,50	340
DEUX DE COUPE	3	F	PUR SANG	6	1	1	5768,00	4326,00	10094,00	961,33	265
MAHASEN	4	F	PUR SANG	3	1	1	5766,00	2594,00	8360,00	1922,00	330
FREGATE	4	F	PUR SANG	7	0	6	5766,00	2593,00	8359,00	823,71	230
STELLA MARINA	6	F	PUR SANG	7	0	4	5760,00	2589,00	8349,00	822,86	260
TZAREKOV	3	M	PUR SANG	2	1	0	5750,00	4312,00	10062,00	2875,00	280
CLAIM A GIFT	3	F	PUR SANG	2	1	0	5750,00	4312,00	10062,00	2875,00	300
NATIVE RULER	3	M	PUR SANG	1	1	0	5750,00	0,00	5750,00	5750,00	
BE MY PERSON	3	F	PUR SANG	1	1	0	5750,00	0,00	5750,00	5750,00	
PONTD'YEU	6	H	PUR SANG	9	1	2	5745,00	2584,00	8329,00	638,33	170
AL GHARIYA	3	F	PUR SANG	5	1	2	5745,00	558,00	6303,00	1149,00	315
KAMAKURA ONE	5	F	PUR SANG	9	0	5	5745,00	2583,00	8328,00	638,33	275
TARASOFT	3	H	PUR SANG	8	0	6	5744,00	4307,00	10051,00	718,00	250
LADY ILZE	4	F	PUR SANG	3	0	1	5742,00	0,00	5742,00	1914,00	435
DINA QUEEN	3	F	PUR SANG	4	0	4	5730,00	4297,00	10027,00	1432,50	290
NOBLEMAN	5	H	PUR SANG	8	1	1	5728,00	2577,00	8305,00	716,00	285
FALBALA	5	F	PUR SANG	5	0	3	5721,00	2573,00	8294,00	1144,20	270
ROCK BLANC	9	H	PUR SANG	5	0	3	5718,00	2572,00	8290,00	1143,60	405
SHARIPA	3	F	PUR SANG	2	0	2	5718,00	4287,00	10005,00	2859,00	
CHAPEL HILL	4	F	PUR SANG	3	0	3	5717,00	2571,00	8288,00	1905,67	270
YEMASKA	8	H	PUR SANG	12	1	3	5709,00	2568,00	8277,00	475,75	200
ZELZALA	3	F	PUR SANG	5	1	3	5703,00	4277,00	9980,00	1140,60	305
TANA MA	3	F	PUR SANG	8	0	4	5701,00	4275,00	9976,00	712,63	240
BLOOMTAAL	4	H	PUR SANG	2	0	2	5700,00	2564,00	8264,00	2850,00	320
HAPPY VALENTINE	5	F	PUR SANG	5	0	4	5699,00	0,00	5699,00	1139,80	330
DESTIVELLE	3	F	PUR SANG	2	0	2	5681,00	4260,00	9941,00	2840,50	
PIERRE PREMIER	6	H	PUR SANG	8	0	5	5664,00	2547,00	8211,00	708,00	270
GEMINI	2	F	PUR SANG	2	0	2	5664,00	4248,00	9912,00	2832,00	
MENLINK DU CHABOIS	4	H	PUR SANG	7	0	5	5653,00	1821,00	7474,00	807,57	225
ZUMBA LOLA	3	F	PUR SANG	2	0	2	5652,00	0,00	5652,00	2826,00	
FLAMANVILLE	3	F	PUR SANG	5	0	4	5650,00	2136,00	7786,00	1130,00	280
SOULOU MALPIC	10	H	PUR SANG	3	0	2	5644,00	2538,00	8182,00	1881,33	250
HAPPY CHRISNAT	9	H	PUR SANG	4	0	2	5644,00	2538,00	8182,00	1411,00	235
BUDOKAN	3	H	PUR SANG	5	0	3	5642,00	0,00	5642,00	1128,40	335
DRAGONS BLOOD	4	H	PUR SANG	6	0	5	5642,00	0,00	5642,00	940,33	270
MIYALAA	5	F	PUR SANG	8	0	4	5628,00	2531,00	8159,00	703,50	330
BRIDGE OF TEARS	3	F	PUR SANG	6	0	3	5627,00	4219,00	9846,00	937,83	325
ETATIQUE	7	H	PUR SANG	11	0	4	5618,00	2525,00	8143,00	510,73	305
PRINCE AZUR	2	M	PUR SANG	3	0	2	5617,00	4212,00	9829,00	1872,33	395
KALAHANI	4	M	PUR SANG	4	0	2	5616,00	2526,00	8142,00	1404,00	370
SELENIEN	4	M	PUR SANG	2	0	2	5614,00	2525,00	8139,00	2807,00	395
AMBRA ANTICA	4	F	PUR SANG	10	0	3	5611,00	2523,00	8134,00	561,10	235
SALSA ROSE	4	F	PUR SANG	7	0	5	5602,00	2520,00	8122,00	800,29	265
TELCHERBOLINE	4	F	PUR SANG	5	1	1	5600,00	1800,00	7400,00	1120,00	320
DIONAKIB	2	F	PUR SANG	3	1	2	5600,00	4200,00	9800,00	1866,67	
MANUAE	3	F	PUR SANG	10	0	6	5591,00	4191,00	9782,00	559,10	230
TEMADIVA	3	F	PUR SANG	10	0	5	5587,00	4190,00	9777,00	558,70	230
ROMAN SKIES	4	H	PUR SANG	4	0	3	5584,00	2512,00	8096,00	1396,00	250
DIAMONDS	4	F	PUR SANG	11	0	5	5578,00	2508,00	8086,00	507,09	170
MOONA FAL	2	F	PUR SANG	4	0	3	5560,00	4170,00	9730,00	1390,00	355
RED GRACE	8	F	PUR SANG	10	0	7	5550,00	2496,00	8046,00	555,00	245
QERDIE DES ROSES	3	H	PUR SANG	5	0	3	5538,00	4153,00	9691,00	1107,60	315
VEULES LES ROSES	3	F	PUR SANG	4	1	3	5528,00	1145,00	6673,00	1382,00	260
JECTOT	7	H	PUR SANG	7	1	3	5525,00	2485,00	8010,00	789,29	170
LANCEUR D'ALERTE	6	H	PUR SANG	11	0	4	5524,00	2484,00	8008,00	502,18	240
OLYA	4	F	PUR SANG	6	0	4	5523,00	2483,00	8006,00	920,50	310
SILVER RUSH	3	H	PUR SANG	6	0	5	5522,00	0,00	5522,00	920,33	350
KARANDASH	3	H	PUR SANG	8	0	6	5519,00	4139,00	9658,00	689,88	285
MOON OF THE NIGHT	4	F	PUR SANG	11	0	7	5517,00	2481,00	7998,00	501,55	170
CAPE OF FLAMES	4	F	PUR SANG	4	0	2	5504,00	0,00	5504,00	1376,00	255
DARMORA	3	F	PUR SANG	2	1	1	5502,00	4126,00	9628,00	2751,00	
KHELONYX	4	H	PUR SANG	11	0	7	5502,00	2472,00	7974,00	500,18	290
HIGHBOURNE KARISMA	5	F	PUR SANG	1	1	0	5500,00	0,00	5500,00	5500,00	
MUHRLINE	3	F	PUR SANG	12	0	6	5500,00	1500,00	7000,00	458,33	195
VICTORIOUS ESCAPE	3	F	PUR SANG	2	0	2	5498,00	4122,00	9620,00	2749,00	
KENTUCKY RAIN	2	F	PUR SANG	1	0	1	5490,00	0,00	5490,00	5490,00	385
MARGARET'S PEARL	2	F	PUR SANG	1	0	1	5490,00	0,00	5490,00	5490,00	
ZOKOA	6	H	PUR SANG	8	0	3	5478,00	2464,00	7942,00	684,75	195
SEKKU	9	H	PUR SANG	3	0	2	5472,00	2462,00	7934,00	1824,00	205
MISS SUPERNOVA	6	F	PUR SANG	1	0	1	5472,00	2462,00	7934,00	5472,00	325
ASKARI	4	M	PUR SANG	2	0	1	5472,00	0,00	5472,00	2736,00	360
BEST SISTER	3	F	PUR SANG	12	0	7	5461,00	4095,00	9556,00	455,08	220
TALK SHOW	6	H	PUR SANG	2	1	1	5460,00	2457,00	7917,00	2730,00	350
ROYALTY	3	F	PUR SANG	2	0	2	5458,00	4093,00	9551,00	2729,00	380
BOBBY JEAN	4	F	PUR SANG	9	0	4	5457,00	2454,00	7911,00	606,33	230
STRANGER	9	H	PUR SANG	16	0	11	5435,00	2442,00	7877,00	339,69	150
SEA THE WOOD	6	H	PUR SANG	6	0	5	5435,00	1905,00	7340,00	905,83	250
MEYN ZUN	3	F	PUR SANG	3	0	3	5427,00	4069,00	9496,00	1809,00	330
ONCHAO	5	H	PUR SANG	5	1	2	5425,00	640,00	6065,00	1085,00	200
ZOFFWALTZ	7	F	PUR SANG	11	0	3	5425,00	2440,00	7865,00	493,18	205
TWIN BOY	8	H	PUR SANG	12	0	4	5424,00	2440,00	7864,00	452,00	170
CAMPEONA	3	F	PUR SANG	4	0	4	5417,00	3462,00	8879,00	1354,25	295
PANTHERINA	3	F	PUR SANG	8	0	5	5415,00	1886,00	7301,00	676,88	235
BRAVE SHIINA	9	H	PUR SANG	10	0	7	5414,00	2433,00	7847,00	541,40	260
LOUKPAN	2	M	PUR SANG	2	0	2	5406,00	4054,00	9460,00	2703,00	
SARAGHAR	3	H	PUR SANG	4	0	3	5404,00	4053,00	9457,00	1351,00	345
WHI PUMP PUMP	4	F	PUR SANG	5	0	4	5400,00	2430,00	7830,00	1080,00	255
RAWIYA	4	F	PUR SANG	6	0	4	5392,00	2425,00	7817,00	898,67	300
TIKI DREAMS	3	F	PUR SANG	8	0	4	5389,00	4041,00	9430,00	673,63	285
LIGHTNING GIRL	3	F	PUR SANG	4	0	3	5382,00	0,00	5382,00	1345,50	260
SIXUNION	7	H	PUR SANG	6	0	5	5380,00	2010,00	7390,00	896,67	230
MISS YORKSHIRE	4	F	PUR SANG	7	0	4	5377,00	2418,00	7795,00	768,14	285
SOLIKHIEV	3	H	PUR SANG	2	0	2	5376,00	4032,00	9408,00	2688,00	
NIKITA DU BANCO	3	F	PUR SANG	2	0	2	5376,00	4032,00	9408,00	2688,00	
ORANGERIE	4	F	PUR SANG	2	0	2	5352,00	0,00	5352,00	2676,00	310
LORLISALSA	11	F	PUR SANG	9	0	6	5350,00	2406,00	7756,00	594,44	200
LA JAVANAISE	9	F	PUR SANG	6	0	3	5332,00	2398,00	7730,00	888,67	215
ORASHI	3	F	PUR SANG	6	0	3	5332,00	3999,00	9331,00	888,67	305
MALYA	5	F	PUR SANG	3	0	3	5330,00	2397,00	7727,00	1776,67	230
MEHMIST	4	M	PUR SANG	7	0	4	5324,00	2393,00	7717,00	760,57	350
SUPER ALEX	11	H	PUR SANG	7	1	2	5320,00	2393,00	7713,00	760,00	320
MICHELADA	2	F	PUR SANG	5	0	3	5317,00	0,00	5317,00	1063,40	360
COTE D'OR	4	H	PUR SANG	11	0	7	5314,00	2389,00	7703,00	483,09	225
VEGAMIX	3	M	PUR SANG	3	0	2	5311,00	3981,00	9292,00	1770,33	375
DORMEZ VOUS	3	M	PUR SANG	2	0	2	5311,00	0,00	5311,00	2655,50	365
GRECIAN STORM	5	H	PUR SANG	2	0	2	5309,00	2389,00	7698,00	2654,50	420
MISS GEORGINA	3	F	PUR SANG	2	1	1	5301,00	225,00	5526,00	2650,50	
BLUE SEABIRD	4	H	PUR SANG	4	0	2	5301,00	2385,00	7686,00	1325,25	340
MASTARS	7	H	PUR SANG	3	1	2	5300,00	2047,00	7347,00	1766,67	225
RUE DES ORTEAUX	5	F	PUR SANG	8	0	4	5300,00	2384,00	7684,00	662,50	185
LIBERTE CHERIE	8	F	PUR SANG	7	0	3	5297,00	2213,00	7510,00	756,71	175
LOVE THE STARS	7	F	PUR SANG	6	0	4	5283,00	2376,00	7659,00	880,50	265
PERTUSATO	8	H	PUR SANG	2	0	2	5282,00	2376,00	7658,00	2641,00	310
LA PANTHOURIE	6	F	PUR SANG	5	1	4	5280,00	2376,00	7656,00	1056,00	500
PAS DE VAGUES	3	M	PUR SANG	6	0	5	5279,00	3958,00	9237,00	879,83	355
ZARAKVA	4	F	PUR SANG	4	0	4	5278,00	2372,00	7650,00	1319,50	350
SASKIA DES PLACES	4	F	PUR SANG	5	0	4	5274,00	2372,00	7646,00	1054,80	280
MURRAY	6	H	PUR SANG	3	0	3	5274,00	0,00	5274,00	1758,00	315
MATGIWELL	6	F	PUR SANG	7	1	4	5265,00	2367,00	7632,00	752,14	195
ELIMA	3	F	PUR SANG	2	0	2	5248,00	3936,00	9184,00	2624,00	390
PARIS BABE	4	F	PUR SANG	2	0	2	5241,00	2358,00	7599,00	2620,50	415
LE ROCKEUR	6	M	PUR SANG	4	0	2	5238,00	2356,00	7594,00	1309,50	310
SEE THE DREAM	5	F	PUR SANG	4	0	3	5234,00	2354,00	7588,00	1308,50	410
BAHIA WARANA	5	H	PUR SANG	15	0	9	5233,00	2351,00	7584,00	348,87	170
BROMUS	3	H	PUR SANG	9	0	4	5227,00	3919,00	9146,00	580,78	210
JUBILE	7	H	PUR SANG	12	0	6	5225,00	2349,00	7574,00	435,42	200
MOONZIKNUIT	3	H	PUR SANG	3	1	1	5219,00	164,00	5383,00	1739,67	325
AVENTINO	4	H	PUR SANG	5	0	3	5208,00	2343,00	7551,00	1041,60	330
TREVANION	6	H	PUR SANG	2	0	2	5208,00	0,00	5208,00	2604,00	325
PUMP PUMP CITY	6	H	PUR SANG	8	0	4	5206,00	2342,00	7548,00	650,75	250
SOCIETYQUEEN	2	F	PUR SANG	1	0	1	5206,00	3904,00	9110,00	5206,00	
ROSE MANGUE	2	F	PUR SANG	1	0	1	5206,00	3904,00	9110,00	5206,00	
KEITH	2	M	PUR SANG	1	0	1	5206,00	3904,00	9110,00	5206,00	
LADY ARAVACA	2	F	PUR SANG	1	0	1	5206,00	3904,00	9110,00	5206,00	
TINIGRI DE JUILLEY	4	F	PUR SANG	2	1	1	5200,00	0,00	5200,00	2600,00	500
HEILIGENSTEIN	2	H	PUR SANG	5	0	3	5196,00	3896,00	9092,00	1039,20	335
EAST AND WEST	2	M	PUR SANG	3	0	3	5195,00	3895,00	9090,00	1731,67	375
DENISJONH	5	H	PUR SANG	9	0	5	5194,00	2336,00	7530,00	577,11	280
MONSIEUR FANTAISIE	8	H	PUR SANG	10	0	4	5193,00	0,00	5193,00	519,30	175
SIRE CHOP	2	M	PUR SANG	5	0	3	5190,00	3892,00	9082,00	1038,00	335
BOKEI	3	H	PUR SANG	2	0	2	5186,00	0,00	5186,00	2593,00	
PRINCESS ALMA	3	F	PUR SANG	8	0	5	5174,00	3880,00	9054,00	646,75	260
ROMA ANTICA	3	F	PUR SANG	8	1	1	5172,00	129,00	5301,00	646,50	225
ACCLAM	8	H	PUR SANG	13	0	6	5172,00	2324,00	7496,00	397,85	255
OCTOBRE ROSE	3	F	PUR SANG	4	1	2	5171,00	878,00	6049,00	1292,75	540
KERNO QUATZ	6	M	PUR SANG	11	0	6	5169,00	2324,00	7493,00	469,91	290
KAPTAIN NORDIK	9	H	PUR SANG	9	0	4	5164,00	2322,00	7486,00	573,78	230
GRAN HABANO	5	M	PUR SANG	12	0	7	5161,00	2320,00	7481,00	430,08	280
WESTMINSTER LOVE	4	F	PUR SANG	7	0	3	5160,00	2321,00	7481,00	737,14	280
VEGA	5	F	PUR SANG	6	0	3	5155,00	2318,00	7473,00	859,17	290
ZAGALA	3	F	PUR SANG	2	0	2	5148,00	3861,00	9009,00	2574,00	
PARDO BAY	3	M	PUR SANG	2	0	2	5148,00	3861,00	9009,00	2574,00	
CLAIM THE STARS	7	H	PUR SANG	5	0	4	5147,00	0,00	5147,00	1029,40	305
VERMEER	4	H	PUR SANG	4	0	2	5138,00	2311,00	7449,00	1284,50	295
FRAYA MAS	3	F	PUR SANG	4	0	3	5136,00	3852,00	8988,00	1284,00	335
MARIYAM	3	F	PUR SANG	5	0	4	5131,00	3848,00	8979,00	1026,20	325
BAIONA	7	F	PUR SANG	6	0	5	5129,00	2306,00	7435,00	854,83	200
RESOLUTION	4	H	PUR SANG	5	0	4	5129,00	2307,00	7436,00	1025,80	260
ZAKI WOODEN	4	F	PUR SANG	7	1	3	5101,00	135,00	5236,00	728,71	240
TWO NIJINSKY CEN	3	F	PUR SANG	4	0	4	5101,00	3825,00	8926,00	1275,25	305
LISTANGANA	3	F	PUR SANG	7	0	6	5100,00	3825,00	8925,00	728,57	430
REVE DE VIE	3	F	PUR SANG	10	0	3	5094,00	3820,00	8914,00	509,40	265
OBLENSKHY	3	H	PUR SANG	7	1	1	5092,00	3818,00	8910,00	727,43	260
EXCLUSIVE RED	3	F	PUR SANG	3	0	3	5088,00	3815,00	8903,00	1696,00	300
GLORIETTE SAN	6	F	PUR SANG	2	0	2	5083,00	2287,00	7370,00	2541,50	320
ELLE LA VITESSE	5	F	PUR SANG	6	0	4	5083,00	0,00	5083,00	847,17	235
HABIBA	3	F	PUR SANG	9	0	6	5078,00	3808,00	8886,00	564,22	260
NENA	3	F	PUR SANG	6	0	5	5078,00	3808,00	8886,00	846,33	295
LA ROSE NOIRE	4	F	PUR SANG	7	0	6	5071,00	2280,00	7351,00	724,43	220
WALMORYA	3	F	PUR SANG	5	0	2	5071,00	3802,00	8873,00	1014,20	290
ROSE OF THE CITY	5	F	PUR SANG	6	0	4	5067,00	1920,00	6987,00	844,50	275
BUENAVENTURA	3	F	PUR SANG	4	0	4	5067,00	3799,00	8866,00	1266,75	315
LE ROI RENE	4	H	PUR SANG	3	0	3	5061,00	2275,00	7336,00	1687,00	395
NELSONN	3	M	PUR SANG	3	1	2	5056,00	3792,00	8848,00	1685,33	280
VOLUNTEER HERO	3	H	PUR SANG	4	0	2	5051,00	3788,00	8839,00	1262,75	290
LOVEROSE	4	F	PUR SANG	1	1	0	5050,00	0,00	5050,00	5050,00	
KEEP IT SIMPLE	3	H	PUR SANG	1	1	0	5050,00	0,00	5050,00	5050,00	
LA TURBIE	3	F	PUR SANG	1	1	0	5050,00	0,00	5050,00	5050,00	640
COTAI HERO	7	H	PUR SANG	4	1	1	5046,00	0,00	5046,00	1261,50	220
HAPPY AGAIN	5	H	PUR SANG	10	0	5	5045,00	2268,00	7313,00	504,50	250
ANGELOTUS	4	F	PUR SANG	4	1	2	5040,00	2268,00	7308,00	1260,00	595
ROCAMBOLESQUE	5	H	PUR SANG	7	0	3	5040,00	2267,00	7307,00	720,00	220
BARSSIO	4	H	PUR SANG	4	0	3	5040,00	2266,00	7306,00	1260,00	265
VENT DU REVE	11	H	PUR SANG	7	0	5	5036,00	2265,00	7301,00	719,43	150
ATIENZA	3	H	PUR SANG	4	0	3	5033,00	3774,00	8807,00	1258,25	375
PIERIAN	3	F	PUR SANG	1	0	1	5030,00	0,00	5030,00	5030,00	370
SHAATIR	3	H	PUR SANG	1	0	1	5030,00	0,00	5030,00	5030,00	
IMAGINE CHOP	6	H	PUR SANG	6	1	3	5020,00	2259,00	7279,00	836,67	570
WHILAND	5	F	PUR SANG	9	0	3	5019,00	2257,00	7276,00	557,67	245
CANNCITY	2	M	PUR SANG	4	0	2	5009,00	3755,00	8764,00	1252,25	370
BAK'S WOOD	5	H	PUR SANG	2	1	1	5000,00	2250,00	7250,00	2500,00	635
DUBAI ARMANI	3	H	PUR SANG	1	1	0	5000,00	3750,00	8750,00	5000,00	
GIRL POWER	3	F	PUR SANG	1	1	0	5000,00	0,00	5000,00	5000,00	
VELOCITAS	3	F	PUR SANG	1	1	0	5000,00	0,00	5000,00	5000,00	
NARKIS BALL	3	H	PUR SANG	1	1	0	5000,00	0,00	5000,00	5000,00	
MEADOW BREEZE	3	F	PUR SANG	1	1	0	5000,00	3750,00	8750,00	5000,00	
LEHMAN	7	M	PUR SANG	6	1	2	5000,00	2250,00	7250,00	833,33	610
RIPLEY	3	M	PUR SANG	3	0	3	5000,00	2454,00	7454,00	1666,67	330
AKAMASOA	4	F	PUR SANG	10	0	5	4989,00	2243,00	7232,00	498,90	195
JOHN WICK	7	H	PUR SANG	3	0	3	4982,00	2241,00	7223,00	1660,67	290
NURTURE	5	F	PUR SANG	5	0	3	4976,00	2238,00	7214,00	995,20	230
CORTELLA	4	F	PUR SANG	10	0	7	4963,00	2231,00	7194,00	496,30	300
CHIVERE	5	F	PUR SANG	12	0	7	4951,00	2225,00	7176,00	412,58	225
SECULIER	4	H	PUR SANG	11	0	2	4944,00	2224,00	7168,00	449,45	175
LUCY GALESTE	5	F	PUR SANG	5	0	2	4940,00	2222,00	7162,00	988,00	270
ASIAH	2	F	PUR SANG	2	0	2	4932,00	3699,00	8631,00	2466,00	
MISTER ENGLAND	2	H	PUR SANG	2	0	2	4932,00	0,00	4932,00	2466,00	
BICHOKO	2	H	PUR SANG	5	0	4	4923,00	3690,00	8613,00	984,60	300
SPACE QUAKE	7	H	PUR SANG	9	0	8	4915,00	2210,00	7125,00	546,11	165
MORNINGSIDE	3	F	PUR SANG	4	0	3	4909,00	3681,00	8590,00	1227,25	325
ATANASIO	7	H	PUR SANG	7	0	4	4907,00	2205,00	7112,00	701,00	290
WAKAI GO	8	H	PUR SANG	5	0	3	4896,00	0,00	4896,00	979,20	250
ST KILDA	3	F	PUR SANG	8	1	1	4884,00	3663,00	8547,00	610,50	250
NECTAR DES DIEUX	3	H	PUR SANG	5	1	1	4884,00	663,00	5547,00	976,80	300
ST MARKSMAN	3	M	PUR SANG	6	0	6	4884,00	0,00	4884,00	814,00	300
LARLIB	4	H	PUR SANG	8	0	4	4883,00	2195,00	7078,00	610,38	275
BLACK PANTHER	8	F	PUR SANG	12	0	5	4882,00	1183,00	6065,00	406,83	150
THE BLACK FRIDAY	2	H	PUR SANG	6	0	5	4881,00	3659,00	8540,00	813,50	320
ARMANO	3	H	PUR SANG	8	0	4	4880,00	3660,00	8540,00	610,00	540
TOOGOODFORSCHOOL	6	F	PUR SANG	10	0	5	4879,00	2194,00	7073,00	487,90	195
QUEEN LUNA GAME	3	F	PUR SANG	5	0	3	4878,00	3658,00	8536,00	975,60	260
SHAMABEND	7	H	PUR SANG	6	0	4	4877,00	2193,00	7070,00	812,83	155
ATHENA DU BRIZAIS	5	F	PUR SANG	7	0	5	4876,00	0,00	4876,00	696,57	
NANTIKA	5	F	PUR SANG	7	1	1	4875,00	506,00	5381,00	696,43	185
ORLOVKA	4	F	PUR SANG	5	1	1	4875,00	2193,00	7068,00	975,00	165
ALPHABIA	5	F	PUR SANG	9	0	3	4875,00	2192,00	7067,00	541,67	255
TUWARI	3	H	PUR SANG	3	0	2	4872,00	3654,00	8526,00	1624,00	305
KUMPEL	3	H	PUR SANG	9	0	3	4871,00	3652,00	8523,00	541,22	235
JUST THE TWO OF US	3	H	PUR SANG	1	0	1	4864,00	3648,00	8512,00	4864,00	445
FIREFALL	3	M	PUR SANG	3	0	1	4864,00	0,00	4864,00	1621,33	400
GILDOR	3	H	PUR SANG	6	0	4	4862,00	3646,00	8508,00	810,33	260
TWENTY SEVEN JET	5	H	PUR SANG	9	0	4	4857,00	1510,00	6367,00	539,67	190
PRIDE OF FRANCE	3	H	PUR SANG	4	0	4	4856,00	3640,00	8496,00	1214,00	340
KING KARA	7	H	PUR SANG	8	0	3	4848,00	2180,00	7028,00	606,00	300
PURPLE RAIN	6	H	PUR SANG	2	0	2	4848,00	2181,00	7029,00	2424,00	310
STADE VELODROME	10	H	PUR SANG	7	0	4	4835,00	2175,00	7010,00	690,71	220
MAPLE TAFFY	4	F	PUR SANG	8	0	4	4832,00	2172,00	7004,00	604,00	320
OLGA D'ARGENT	2	F	PUR SANG	3	0	2	4830,00	3622,00	8452,00	1610,00	350
BAILA NAK	2	F	PUR SANG	2	0	2	4830,00	3622,00	8452,00	2415,00	
NOOR AL AYN	2	H	PUR SANG	2	0	2	4830,00	3622,00	8452,00	2415,00	
MILANO	3	M	PUR SANG	2	0	2	4830,00	0,00	4830,00	2415,00	340
SYDNEY SUNSET	3	H	PUR SANG	7	0	3	4828,00	3620,00	8448,00	689,71	305
SERINES	5	F	PUR SANG	3	0	2	4828,00	0,00	4828,00	1609,33	380
ENBAKIRUN	3	M	PUR SANG	3	0	3	4826,00	3619,00	8445,00	1608,67	300
DUBLIN CALLING	2	M	PUR SANG	2	0	2	4818,00	3613,00	8431,00	2409,00	
TALKA	3	F	PUR SANG	3	0	3	4816,00	3611,00	8427,00	1605,33	320
AISHITERU	3	F	PUR SANG	2	0	2	4808,00	0,00	4808,00	2404,00	370
FELICIE D'OR	2	F	PUR SANG	3	0	2	4806,00	3604,00	8410,00	1602,00	310
AGNESI	3	F	PUR SANG	5	0	2	4802,00	3601,00	8403,00	960,40	285
MANDLEFT	9	F	PUR SANG	7	0	4	4801,00	2159,00	6960,00	685,86	250
ZAMASIYA	4	F	PUR SANG	4	1	1	4800,00	1800,00	6600,00	1200,00	265
GARIGA	3	F	PUR SANG	4	1	1	4800,00	3600,00	8400,00	1200,00	320
BLUE GARRETT	3	H	PUR SANG	10	0	4	4800,00	2530,00	7330,00	480,00	195
FEE ZELEE	3	F	PUR SANG	4	0	4	4790,00	3592,00	8382,00	1197,50	310
JIEPIES MELODY	6	F	PUR SANG	7	0	4	4789,00	2153,00	6942,00	684,14	300
CHANT DORE	4	M	PUR SANG	5	0	4	4789,00	2152,00	6941,00	957,80	275
IRIA CHOPE	3	F	PUR SANG	7	0	4	4779,00	3584,00	8363,00	682,71	270
ZOLIYANKA	4	F	PUR SANG	4	0	2	4774,00	2147,00	6921,00	1193,50	245
COSTA NAVARINO	3	M	PUR SANG	3	0	2	4773,00	0,00	4773,00	1591,00	355
ZALETTO	6	H	PUR SANG	8	0	4	4769,00	2145,00	6914,00	596,13	215
MOKKA LATTE	4	F	PUR SANG	9	0	5	4765,00	2143,00	6908,00	529,44	255
KATIE LIGHT	4	F	PUR SANG	8	0	5	4761,00	2140,00	6901,00	595,13	255
NARKEZ	5	H	PUR SANG	2	0	1	4760,00	2142,00	6902,00	2380,00	450
ORION QUEEN	5	F	PUR SANG	1	0	1	4760,00	2142,00	6902,00	4760,00	480
DARING PRINCE	5	H	PUR SANG	4	0	1	4760,00	2142,00	6902,00	1190,00	425
QUIESCENT	3	F	PUR SANG	2	0	1	4760,00	0,00	4760,00	2380,00	470
FRANCES ETHEL	6	F	PUR SANG	1	0	1	4760,00	0,00	4760,00	4760,00	440
ESTISSA	3	F	PUR SANG	1	0	1	4760,00	0,00	4760,00	4760,00	435
MICHIGAN FIRE	5	H	PUR SANG	11	0	4	4757,00	1779,00	6536,00	432,45	265
AMARENA DODVILLE	5	F	PUR SANG	5	0	2	4755,00	2139,00	6894,00	951,00	265
AS DE JUILLEY	9	H	PUR SANG	5	0	2	4752,00	2138,00	6890,00	950,40	205
MARIE VA	5	F	PUR SANG	4	0	4	4752,00	1530,00	6282,00	1188,00	225
MANAHATA	4	F	PUR SANG	1	1	0	4750,00	0,00	4750,00	4750,00	
AQUASINA	3	F	PUR SANG	6	1	0	4750,00	0,00	4750,00	791,67	235
ZEROSTRESS	10	H	PUR SANG	1	0	1	4750,00	0,00	4750,00	4750,00	420
DREAM ANGEL	6	H	PUR SANG	13	0	7	4743,00	2133,00	6876,00	364,85	150
PIRAILLAN	4	H	PUR SANG	11	0	5	4735,00	2129,00	6864,00	430,45	220
COSTARMORICAIN	5	H	PUR SANG	7	0	4	4730,00	0,00	4730,00	675,71	250
ARIOSTO	3	H	PUR SANG	4	0	3	4722,00	3540,00	8262,00	1180,50	305
HELLO MAJOR TOM	2	M	PUR SANG	4	0	3	4721,00	3540,00	8261,00	1180,25	355
SCHIZZO	3	F	PUR SANG	8	0	5	4720,00	2414,00	7134,00	590,00	225
SIR PATRICK	3	H	PUR SANG	6	0	4	4716,00	3535,00	8251,00	786,00	290
IZAWAY	3	F	PUR SANG	6	0	3	4709,00	3530,00	8239,00	784,83	250
CHILADA	3	F	PUR SANG	3	0	3	4709,00	0,00	4709,00	1569,67	340
AREV	3	H	PUR SANG	6	0	3	4703,00	3525,00	8228,00	783,83	270
SLAYER	9	H	PUR SANG	11	0	6	4701,00	2114,00	6815,00	427,36	150
GOT SEA	5	H	PUR SANG	9	0	5	4700,00	1136,00	5836,00	522,22	220
ORION DREAM	3	F	PUR SANG	1	0	1	4694,00	3519,00	8213,00	4694,00	
GALISTARS	3	F	PUR SANG	1	0	1	4694,00	3519,00	8213,00	4694,00	
NARYMAN	3	H	PUR SANG	2	0	1	4694,00	3519,00	8213,00	2347,00	390
MORGANA GOLD	3	F	PUR SANG	2	0	1	4694,00	3519,00	8213,00	2347,00	
CARDINAL POINT	4	F	PUR SANG	2	0	1	4694,00	0,00	4694,00	2347,00	
NINA'S VICTORIA	3	F	PUR SANG	1	0	1	4694,00	0,00	4694,00	4694,00	
LIFETIMES	4	M	PUR SANG	1	0	1	4694,00	0,00	4694,00	4694,00	
GRECIAN RULER	4	H	PUR SANG	10	0	5	4691,00	2109,00	6800,00	469,10	225
MAGNA GRACE	2	F	PUR SANG	3	0	2	4689,00	0,00	4689,00	1563,00	360
PLACEHOLDER	5	F	PUR SANG	6	0	3	4683,00	0,00	4683,00	780,50	300
REVANCHE	5	F	PUR SANG	8	0	4	4681,00	2105,00	6786,00	585,13	265
MISS APRES	3	F	PUR SANG	9	0	4	4681,00	0,00	4681,00	520,11	280
TERFAAS DESERT	3	M	PUR SANG	4	0	3	4660,00	0,00	4660,00	1165,00	300
ANDRESY	3	H	PUR SANG	6	0	2	4658,00	3493,00	8151,00	776,33	250
MARQUES	4	F	PUR SANG	3	0	2	4657,00	2095,00	6752,00	1552,33	310
AMIDARGENT	4	H	PUR SANG	8	0	3	4656,00	2094,00	6750,00	582,00	335
CORYPHEENE	3	F	PUR SANG	5	1	2	4644,00	3483,00	8127,00	928,80	275
SOTTCAT FAL	3	F	PUR SANG	2	0	2	4636,00	3477,00	8113,00	2318,00	
CONTADOR	3	M	PUR SANG	2	0	2	4636,00	0,00	4636,00	2318,00	
NEWLOVE DE BRABOIS	3	M	PUR SANG	5	0	3	4633,00	924,00	5557,00	926,60	260
GONAFOOT	2	F	PUR SANG	4	0	2	4626,00	3469,00	8095,00	1156,50	300
EMERALD ANGEL	3	F	PUR SANG	3	0	2	4624,00	0,00	4624,00	1541,33	345
JASMIN DORE	8	H	PUR SANG	8	0	3	4623,00	2079,00	6702,00	577,88	240
ROYAL COUNTRY	3	F	PUR SANG	6	0	5	4621,00	480,00	5101,00	770,17	245
ALMA MATER	3	F	PUR SANG	4	0	2	4620,00	3465,00	8085,00	1155,00	370
KRISS DE VALNOR	2	F	PUR SANG	4	0	4	4620,00	3464,00	8084,00	1155,00	320
ALHENA	4	F	PUR SANG	3	1	1	4617,00	277,00	4894,00	1539,00	315
BALINA GARY	8	F	PUR SANG	7	0	5	4617,00	2076,00	6693,00	659,57	150
HEMATITE	4	F	PUR SANG	14	0	4	4614,00	0,00	4614,00	329,57	205
PERMENTON	8	H	PUR SANG	6	0	4	4613,00	2074,00	6687,00	768,83	270
TALISMAN TOUCH	9	H	PUR SANG	10	0	5	4611,00	1906,00	6517,00	461,10	260
KIASTEP	9	F	PUR SANG	6	0	3	4604,00	2071,00	6675,00	767,33	150
GRAND MARRAKCHI	3	H	PUR SANG	7	0	5	4602,00	2875,00	7477,00	657,43	320
GLORY WOOD	5	H	PUR SANG	8	0	4	4600,00	2069,00	6669,00	575,00	305
READYSTORM	3	F	PUR SANG	5	0	4	4598,00	3448,00	8046,00	919,60	235
ESPRITSAUVAGE	2	F	PUR SANG	3	1	2	4590,00	3442,00	8032,00	1530,00	
MALINOVKA	5	F	PUR SANG	6	1	1	4584,00	2062,00	6646,00	764,00	270
SAILOR'S RETURN	3	F	PUR SANG	3	0	2	4581,00	0,00	4581,00	1527,00	310
MEISHO SUGAR	3	F	PUR SANG	7	0	3	4578,00	3432,00	8010,00	654,00	335
TESTANA	3	H	PUR SANG	3	1	2	4576,00	431,00	5007,00	1525,33	
CAPE CANNON	5	H	PUR SANG	4	0	3	4574,00	2057,00	6631,00	1143,50	340
LEKER	3	H	PUR SANG	5	0	3	4566,00	3423,00	7989,00	913,20	335
CANET DE SALARS	5	H	PUR SANG	4	0	3	4562,00	2052,00	6614,00	1140,50	325
BORNAWAY	4	F	PUR SANG	1	0	1	4560,00	2052,00	6612,00	4560,00	335
GARDOL MOON	7	F	PUR SANG	4	0	4	4558,00	2050,00	6608,00	1139,50	160
MARACAMAYA	5	F	PUR SANG	4	0	4	4553,00	2046,00	6599,00	1138,25	280
MERCI CHERI	3	F	PUR SANG	5	0	3	4553,00	3414,00	7967,00	910,60	285
NIGHTJAR	3	F	PUR SANG	4	0	4	4553,00	0,00	4553,00	1138,25	310
RUN LIWAY	2	F	PUR SANG	2	0	2	4534,00	3400,00	7934,00	2267,00	
FITZCARRALDO	9	H	PUR SANG	5	0	2	4532,00	2039,00	6571,00	906,40	290
GOT SHINE	7	F	PUR SANG	7	0	3	4532,00	2038,00	6570,00	647,43	160
CHATEAU ESQUIULE	4	H	PUR SANG	3	0	2	4532,00	2038,00	6570,00	1510,67	565
GREYZABELLA	2	F	PUR SANG	2	0	2	4521,00	0,00	4521,00	2260,50	
MALAVELLO	2	F	PUR SANG	2	0	2	4515,00	3385,00	7900,00	2257,50	
COUCOU	2	M	PUR SANG	3	0	2	4515,00	0,00	4515,00	1505,00	365
SILVER JEWEL	3	F	PUR SANG	5	0	3	4512,00	2088,00	6600,00	902,40	315
FRATERNITE	3	F	PUR SANG	9	0	5	4509,00	3379,00	7888,00	501,00	250
GOLDEN VALE	4	F	PUR SANG	8	0	2	4506,00	0,00	4506,00	563,25	250
LADY DE CHOISEL	5	F	PUR SANG	1	1	0	4500,00	0,00	4500,00	4500,00	
MOONRISE FIRE	4	H	PUR SANG	3	1	0	4500,00	2025,00	6525,00	1500,00	270
SOUND OF SILENCE	4	H	PUR SANG	11	1	0	4500,00	2025,00	6525,00	409,09	150
LAPRINCESSDETRILLE	2	F	PUR SANG	3	1	2	4500,00	3375,00	7875,00	1500,00	
BOISEMONT	4	H	PUR SANG	3	1	0	4500,00	2025,00	6525,00	1500,00	325
NO LIMITS	4	F	PUR SANG	5	0	3	4487,00	2018,00	6505,00	897,40	280
GUNS AND ROSES	3	H	PUR SANG	7	0	3	4487,00	3364,00	7851,00	641,00	270
SARMYA	3	F	PUR SANG	4	1	1	4480,00	3360,00	7840,00	1120,00	240
SPACE'X	2	M	PUR SANG	1	0	1	4480,00	3360,00	7840,00	4480,00	
ELEGANTE	2	F	PUR SANG	1	0	1	4480,00	3360,00	7840,00	4480,00	
WARDAMA	8	F	PUR SANG	9	0	4	4477,00	2013,00	6490,00	497,44	270
RUE DE SAVOIE	4	F	PUR SANG	9	0	6	4477,00	2012,00	6489,00	497,44	195
GRANDALA	3	F	PUR SANG	9	0	5	4465,00	3348,00	7813,00	496,11	270
ROCKLINE	2	F	PUR SANG	3	0	3	4465,00	3347,00	7812,00	1488,33	360
EDDY'S DREAM	5	H	PUR SANG	6	0	4	4464,00	2007,00	6471,00	744,00	315
CIRCO MASSIMO	7	H	PUR SANG	6	0	3	4463,00	0,00	4463,00	743,83	235
TRADE HONOR	5	H	PUR SANG	4	1	2	4462,00	2006,00	6468,00	1115,50	280
RUE MADON	3	F	PUR SANG	8	0	4	4458,00	3343,00	7801,00	557,25	280
MOMO NELSON	7	H	PUR SANG	11	0	5	4456,00	2004,00	6460,00	405,09	195
BAVAROIS	3	H	PUR SANG	11	0	4	4437,00	3327,00	7764,00	403,36	250
ROYAL RIGHT	8	H	PUR SANG	6	0	4	4435,00	0,00	4435,00	739,17	200
OROPENDOLA	2	M	PUR SANG	8	0	6	4428,00	3320,00	7748,00	553,50	280
MADGIC'M	5	F	PUR SANG	11	0	6	4423,00	1988,00	6411,00	402,09	210
SYLVEROY	3	F	PUR SANG	5	0	5	4423,00	3316,00	7739,00	884,60	295
SIMPLY GAME	3	F	PUR SANG	6	0	2	4416,00	3312,00	7728,00	736,00	260
ESIOL	3	F	PUR SANG	3	0	2	4416,00	3312,00	7728,00	1472,00	350
BARENIA	3	F	PUR SANG	4	0	3	4416,00	3312,00	7728,00	1104,00	285
EL BOSNIA	9	H	PUR SANG	2	0	2	4416,00	0,00	4416,00	2208,00	335
ANONYME	10	H	PUR SANG	8	0	6	4409,00	1982,00	6391,00	551,13	180
STAR OF THE NIGHT	5	F	PUR SANG	3	0	2	4408,00	1982,00	6390,00	1469,33	365
DJAVERIA	3	F	PUR SANG	6	0	4	4407,00	0,00	4407,00	734,50	300
FLEUR D'AQUITAINE	4	F	PUR SANG	10	0	7	4406,00	1982,00	6388,00	440,60	180
ZEN DREAM	3	F	PUR SANG	2	1	1	4404,00	0,00	4404,00	2202,00	
LE GAST	6	H	PUR SANG	5	0	3	4403,00	1980,00	6383,00	880,60	305
SAXEEN	2	F	PUR SANG	2	0	2	4401,00	3300,00	7701,00	2200,50	
WILL POWER	4	H	PUR SANG	3	0	3	4400,00	0,00	4400,00	1466,67	
LIKE NO OTHER	3	F	PUR SANG	8	0	5	4396,00	2171,00	6567,00	549,50	215
TWARAB	4	H	PUR SANG	6	0	3	4395,00	1977,00	6372,00	732,50	270
RIYABOVKA	5	F	PUR SANG	2	0	1	4390,00	1975,00	6365,00	2195,00	465
ZGHARTA	4	F	PUR SANG	1	0	1	4390,00	0,00	4390,00	4390,00	405
JUGANDO	6	H	PUR SANG	7	0	3	4386,00	1972,00	6358,00	626,57	320
HONG KONG STAR	9	F	PUR SANG	8	0	7	4382,00	1969,00	6351,00	547,75	230
COME ALONE	4	H	PUR SANG	3	0	3	4366,00	0,00	4366,00	1455,33	260
ZIGGY SPACESTAR	2	M	PUR SANG	5	0	3	4351,00	3263,00	7614,00	870,20	345
VALKANA	5	F	PUR SANG	7	0	3	4348,00	1955,00	6303,00	621,14	215
SPRING LILY	4	F	PUR SANG	6	0	2	4343,00	1954,00	6297,00	723,83	270
BABAKOOL	5	M	PUR SANG	4	0	2	4342,00	1952,00	6294,00	1085,50	400
SUEZ	3	F	PUR SANG	8	0	6	4327,00	3243,00	7570,00	540,88	240
CRACKON	3	H	PUR SANG	2	0	2	4322,00	3240,00	7562,00	2161,00	395
SILVER SCHNOK	9	F	PUR SANG	10	0	4	4318,00	1941,00	6259,00	431,80	180
MACK THE KNIFE	2	M	PUR SANG	3	0	3	4316,00	3236,00	7552,00	1438,67	355
TALGAT	4	H	PUR SANG	4	0	2	4312,00	1939,00	6251,00	1078,00	340
KOREM	7	H	PUR SANG	7	0	4	4284,00	1926,00	6210,00	612,00	150
FELINI	3	H	PUR SANG	5	0	5	4284,00	3212,00	7496,00	856,80	290
TAKEO	4	H	PUR SANG	5	0	4	4265,00	0,00	4265,00	853,00	285
HOLLYWOOD AFRICANS	7	H	PUR SANG	7	0	4	4262,00	1916,00	6178,00	608,86	295
PERFECT MAN	3	H	PUR SANG	2	0	2	4262,00	3196,00	7458,00	2131,00	
RUE VISCONTY	4	F	PUR SANG	2	0	2	4250,00	1911,00	6161,00	2125,00	280
MICHELANGELO	6	H	PUR SANG	13	0	4	4249,00	1911,00	6160,00	326,85	250
CALAS QUEEN	8	F	PUR SANG	8	0	3	4248,00	1911,00	6159,00	531,00	150
JOAO	9	H	PUR SANG	9	0	4	4243,00	1907,00	6150,00	471,44	200
ALWAYS DANCING	9	F	PUR SANG	5	0	2	4242,00	1908,00	6150,00	848,40	150
GOLDEN BELLE	5	F	PUR SANG	3	0	2	4240,00	1908,00	6148,00	1413,33	350
NORTH COAST	4	H	PUR SANG	4	0	3	4235,00	1904,00	6139,00	1058,75	225
CASH RULER	7	H	PUR SANG	8	0	3	4233,00	1904,00	6137,00	529,13	150
PERKA FAL	2	F	PUR SANG	3	0	3	4231,00	3172,00	7403,00	1410,33	320
GLAVIA	4	F	PUR SANG	10	0	5	4230,00	1900,00	6130,00	423,00	275
PIQUOISEAU	4	H	PUR SANG	6	0	2	4230,00	1903,00	6133,00	705,00	380
BENOLY FAL	3	F	PUR SANG	7	0	4	4230,00	3172,00	7402,00	604,29	265
ROBINEIGHT	3	H	PUR SANG	6	0	4	4225,00	1668,00	5893,00	704,17	230
MINE DE RIEN	5	F	PUR SANG	4	0	2	4224,00	1900,00	6124,00	1056,00	195
SIEGLINDE	4	F	PUR SANG	6	0	4	4224,00	1899,00	6123,00	704,00	350
CALICO ROCK	3	M	PUR SANG	3	0	3	4224,00	0,00	4224,00	1408,00	310
HAMILTON DESJY	7	H	PUR SANG	8	0	3	4223,00	1899,00	6122,00	527,88	240
ON Y CROIT	5	M	PUR SANG	6	0	5	4218,00	1897,00	6115,00	703,00	320
BEAUTIFUL MESS	4	F	PUR SANG	9	0	5	4216,00	1896,00	6112,00	468,44	210
LIGHTASS FAL	3	F	PUR SANG	4	0	2	4212,00	3158,00	7370,00	1053,00	305
D'ALLURE	7	H	PUR SANG	3	0	3	4206,00	1892,00	6098,00	1402,00	180
DARKAVA	4	F	PUR SANG	3	0	2	4206,00	1892,00	6098,00	1402,00	410
NOBLE DREAM	3	H	PUR SANG	2	0	2	4204,00	3152,00	7356,00	2102,00	
TREMONIA	4	F	PUR SANG	4	0	3	4204,00	0,00	4204,00	1051,00	250
MON SCHATZI	4	H	PUR SANG	10	0	3	4203,00	1890,00	6093,00	420,30	230
TERESITA	4	F	PUR SANG	8	0	4	4200,00	1687,00	5887,00	525,00	190
WOOTAKID	2	H	PUR SANG	4	0	4	4200,00	3150,00	7350,00	1050,00	
CHERRY PIE	3	F	PUR SANG	5	0	3	4192,00	3143,00	7335,00	838,40	255
LADY MADEIRA	4	F	PUR SANG	10	0	5	4180,00	1879,00	6059,00	418,00	220
KALEO CAESAR	7	H	PUR SANG	6	0	3	4176,00	1878,00	6054,00	696,00	330
WALDADLER	7	H	PUR SANG	2	0	1	4165,00	0,00	4165,00	2082,50	475
BENVENUTO CELLINI	3	M	PUR SANG	1	0	1	4165,00	0,00	4165,00	4165,00	555
MUBASIMAH	3	F	PUR SANG	1	0	1	4165,00	0,00	4165,00	4165,00	455
ELEGANTE WOMAN	3	F	PUR SANG	7	0	2	4164,00	3123,00	7287,00	594,86	325
RITZY ROXY	3	F	PUR SANG	3	0	3	4158,00	3118,00	7276,00	1386,00	335
LANDMAN	3	H	PUR SANG	5	0	4	4152,00	3114,00	7266,00	830,40	315
KON'NICHIWA	4	H	PUR SANG	10	0	5	4150,00	1011,00	5161,00	415,00	180
ADORA	3	F	PUR SANG	2	0	2	4149,00	3111,00	7260,00	2074,50	260
KAPKAN	3	H	PUR SANG	6	0	2	4141,00	3105,00	7246,00	690,17	305
KENZEL	3	H	PUR SANG	6	0	2	4140,00	3105,00	7245,00	690,00	385
MONTAIGNE	4	H	PUR SANG	3	0	3	4133,00	0,00	4133,00	1377,67	270
REVE SUR LE NIL	3	F	PUR SANG	4	0	3	4129,00	3096,00	7225,00	1032,25	350
PLENTY BLACK	3	F	PUR SANG	7	0	3	4126,00	3093,00	7219,00	589,43	265
LATTAASH	5	H	PUR SANG	3	0	3	4126,00	0,00	4126,00	1375,33	280
EUNICE	3	F	PUR SANG	2	0	2	4121,00	0,00	4121,00	2060,50	
FIVE LANDS	3	F	PUR SANG	3	0	2	4120,00	0,00	4120,00	1373,33	345
NABIRA	2	F	PUR SANG	1	0	1	4113,00	3084,00	7197,00	4113,00	
MUHAATHER	2	F	PUR SANG	1	0	1	4113,00	3084,00	7197,00	4113,00	
GOKTURK	2	M	PUR SANG	1	0	1	4113,00	3084,00	7197,00	4113,00	
VERITE VRAI	2	F	PUR SANG	1	0	1	4113,00	3084,00	7197,00	4113,00	
MR PYRRHUS	2	M	PUR SANG	1	0	1	4113,00	3084,00	7197,00	4113,00	
ZARSEA	2	F	PUR SANG	1	0	1	4113,00	3084,00	7197,00	4113,00	
VARDANIYA	2	F	PUR SANG	1	0	1	4113,00	3084,00	7197,00	4113,00	
CARAMAN	2	M	PUR SANG	1	0	1	4113,00	3084,00	7197,00	4113,00	
MONSIEUR CHARLIE	2	M	PUR SANG	1	0	1	4113,00	0,00	4113,00	4113,00	
MOI NON PLUS	2	M	PUR SANG	1	0	1	4113,00	0,00	4113,00	4113,00	
WASABI	5	F	PUR SANG	4	0	4	4108,00	1847,00	5955,00	1027,00	305
RAFFLES HONOUR	5	F	PUR SANG	1	1	0	4100,00	1845,00	5945,00	4100,00	550
CITY LIFE	5	H	PUR SANG	1	1	0	4100,00	1845,00	5945,00	4100,00	
CLAIRE	4	F	PUR SANG	1	1	0	4100,00	1845,00	5945,00	4100,00	280
MACANELLA	5	F	PUR SANG	8	0	4	4099,00	1843,00	5942,00	512,38	210
AFOGADO	4	H	PUR SANG	6	0	3	4090,00	1839,00	5929,00	681,67	415
LA FAMA	3	F	PUR SANG	4	0	4	4088,00	3066,00	7154,00	1022,00	265
ALFIYA	2	F	PUR SANG	3	0	2	4088,00	3065,00	7153,00	1362,67	355
FLY HALF	4	H	PUR SANG	12	0	5	4087,00	1837,00	5924,00	340,58	290
ANAHEIM	3	F	PUR SANG	5	0	3	4085,00	3063,00	7148,00	817,00	280
PENTAOUR	7	H	PUR SANG	4	0	2	4083,00	1837,00	5920,00	1020,75	385
LAVASINA	3	F	PUR SANG	5	0	3	4078,00	2308,00	6386,00	815,60	245
CONTENTIOUS SOUL	5	H	PUR SANG	2	0	2	4075,00	1833,00	5908,00	2037,50	420
YUNA	3	F	PUR SANG	9	0	6	4075,00	1758,00	5833,00	452,78	260
HEYBETLI	4	M	PUR SANG	4	0	2	4075,00	1833,00	5908,00	1018,75	390
LE TEXAN	2	H	PUR SANG	3	0	3	4071,00	3052,00	7123,00	1357,00	345
ZEPHYR SONG	4	F	PUR SANG	6	0	3	4066,00	1289,00	5355,00	677,67	220
AGUA VITAE	5	H	PUR SANG	3	0	3	4059,00	1826,00	5885,00	1353,00	290
LE HOULME	7	H	PUR SANG	9	0	3	4058,00	1825,00	5883,00	450,89	150
FEE DU VIVIEN	5	F	PUR SANG	7	0	3	4056,00	1825,00	5881,00	579,43	185
RED NUREYEV	6	H	PUR SANG	6	0	5	4053,00	0,00	4053,00	675,50	300
BLACK WALL SHADOW	3	H	PUR SANG	6	0	4	4051,00	3038,00	7089,00	675,17	300
KAR VERT	6	H	PUR SANG	5	0	4	4047,00	1819,00	5866,00	809,40	310
ILLUSTRE BERE	8	H	PUR SANG	3	0	2	4032,00	1814,00	5846,00	1344,00	230
TARDAR	3	M	PUR SANG	5	0	2	4032,00	3024,00	7056,00	806,40	390
ASTRAL DREAM	3	F	PUR SANG	2	0	2	4018,00	0,00	4018,00	2009,00	
FORNALI	4	F	PUR SANG	7	0	1	4010,00	1804,00	5814,00	572,86	300
FOUR FOUR FOUR	4	H	PUR SANG	7	0	1	4010,00	1804,00	5814,00	572,86	255
AINTREEGIRL	9	F	PUR SANG	5	0	3	4009,00	1634,00	5643,00	801,80	260
WALERICO	3	M	PUR SANG	2	0	2	4008,00	0,00	4008,00	2004,00	
CHARDON	4	H	PUR SANG	8	0	5	4007,00	1442,00	5449,00	500,88	310
SHIAWASE	4	H	PUR SANG	2	0	2	4006,00	1802,00	5808,00	2003,00	410
KANEWKO	3	H	PUR SANG	3	0	2	4002,00	3001,00	7003,00	1334,00	330
BALMORAL	8	H	PUR SANG	1	1	0	4000,00	0,00	4000,00	4000,00	500
BEL ARISTO	8	H	PUR SANG	3	1	0	4000,00	1800,00	5800,00	1333,33	285
AZOV	8	H	PUR SANG	2	1	0	4000,00	1800,00	5800,00	2000,00	325
MANSSOURIO	6	H	PUR SANG	4	1	0	4000,00	1800,00	5800,00	1000,00	230
SUNNSHINE	5	F	PUR SANG	1	1	0	4000,00	0,00	4000,00	4000,00	495
BLOU LAGOON	5	F	PUR SANG	2	1	0	4000,00	0,00	4000,00	2000,00	345
COEUR ET COURAGE	5	H	PUR SANG	1	1	0	4000,00	0,00	4000,00	4000,00	
STEWIE DES BOIS	5	H	PUR SANG	1	1	0	4000,00	0,00	4000,00	4000,00	
PIALOTTA	5	F	PUR SANG	1	1	0	4000,00	0,00	4000,00	4000,00	
LOLLYPOP DE COTTE	5	F	PUR SANG	1	1	0	4000,00	0,00	4000,00	4000,00	
BANBAN	5	H	PUR SANG	1	1	0	4000,00	0,00	4000,00	4000,00	
MURMURE D ETOILE	4	H	PUR SANG	1	1	0	4000,00	0,00	4000,00	4000,00	
BATHYSSEUR	4	H	PUR SANG	2	1	0	4000,00	0,00	4000,00	2000,00	
ELMA DE CHAMBIERS	4	F	PUR SANG	1	1	0	4000,00	0,00	4000,00	4000,00	
SUPER MACO	4	F	PUR SANG	1	1	0	4000,00	0,00	4000,00	4000,00	
MORNING SEI	4	H	PUR SANG	1	1	0	4000,00	0,00	4000,00	4000,00	515
BELLE DE BEAUFAI	4	F	PUR SANG	1	1	0	4000,00	0,00	4000,00	4000,00	
LA CHOCOLATINE	4	F	PUR SANG	2	1	0	4000,00	0,00	4000,00	2000,00	550
RICARDO DES BEAUX	4	H	PUR SANG	1	1	0	4000,00	0,00	4000,00	4000,00	
COSTA BIANCA	4	F	PUR SANG	1	1	0	4000,00	0,00	4000,00	4000,00	
RIO DE LA PAMPA	3	H	PUR SANG	1	1	0	4000,00	0,00	4000,00	4000,00	
TRIVIAL	3	F	PUR SANG	1	1	0	4000,00	0,00	4000,00	4000,00	
NEMESIS HAS	3	F	PUR SANG	1	1	0	4000,00	0,00	4000,00	4000,00	
GAMINE DE TEILLEE	3	F	PUR SANG	2	1	0	4000,00	3000,00	7000,00	2000,00	
FLINTSHEVA DUGROHO	3	F	PUR SANG	1	1	0	4000,00	0,00	4000,00	4000,00	
NEW FLINT	3	H	PUR SANG	4	1	0	4000,00	0,00	4000,00	1000,00	
SACRE CHEF	3	H	PUR SANG	1	1	0	4000,00	0,00	4000,00	4000,00	
LEELOO DU MAZET	3	F	PUR SANG	1	1	0	4000,00	0,00	4000,00	4000,00	
OXALIS	9	H	PUR SANG	3	1	0	4000,00	1800,00	5800,00	1333,33	330
SENGUUN	4	M	PUR SANG	2	1	0	4000,00	0,00	4000,00	2000,00	
CHAMPAGNE DEFRANCE	3	F	PUR SANG	7	0	4	4000,00	2400,00	6400,00	571,43	225
P'TIT ROCK	3	H	PUR SANG	6	0	4	4000,00	2643,00	6643,00	666,67	245
GEMMYO	7	H	PUR SANG	4	1	1	3999,00	1799,00	5798,00	999,75	190
PACIFIC SKY	3	H	PUR SANG	2	0	2	3993,00	2994,00	6987,00	1996,50	
ZAKARIIA	3	M	PUR SANG	5	0	3	3992,00	0,00	3992,00	798,40	320
HATRASNA FAL	3	F	PUR SANG	10	0	4	3991,00	2993,00	6984,00	399,10	180
MOUNELA	2	F	PUR SANG	6	0	3	3991,00	2992,00	6983,00	665,17	325
LATISANAH	2	F	PUR SANG	1	0	1	3990,00	2992,00	6982,00	3990,00	
INTIME STAR	2	F	PUR SANG	1	0	1	3990,00	2992,00	6982,00	3990,00	
KATANA	2	F	PUR SANG	1	0	1	3990,00	2992,00	6982,00	3990,00	
ROMANUS PONTIFEX	2	M	PUR SANG	1	0	1	3990,00	2992,00	6982,00	3990,00	
LAZZAR	2	M	PUR SANG	1	0	1	3990,00	2992,00	6982,00	3990,00	
LA REINE CHRIS	2	F	PUR SANG	1	0	1	3990,00	2992,00	6982,00	3990,00	
BLUE BLOSSOM CEN	2	F	PUR SANG	1	0	1	3990,00	2992,00	6982,00	3990,00	
RUN CLEAR	2	F	PUR SANG	1	0	1	3990,00	0,00	3990,00	3990,00	
RAINSILVER	3	H	PUR SANG	6	0	4	3988,00	2991,00	6979,00	664,67	255
FLYING FLASH	2	M	PUR SANG	3	0	3	3987,00	2990,00	6977,00	1329,00	350
THE CHARMER	8	H	PUR SANG	6	0	3	3980,00	1789,00	5769,00	663,33	260
CHOCOLATE CHEETAH	3	F	PUR SANG	11	0	8	3980,00	2983,00	6963,00	361,82	240
INCENTIVE VICTORY	3	F	PUR SANG	7	0	4	3976,00	2982,00	6958,00	568,00	335
MAGICAL TREASURE	4	F	PUR SANG	2	0	2	3976,00	0,00	3976,00	1988,00	300
STEADY SUCCESS	5	H	PUR SANG	5	0	5	3974,00	1786,00	5760,00	794,80	305
WOODWOODED	3	F	PUR SANG	4	0	3	3968,00	2974,00	6942,00	992,00	260
GIPSY PRINCESS	2	F	PUR SANG	2	0	2	3966,00	2974,00	6940,00	1983,00	
CAPTAIN CROCHET	6	H	PUR SANG	4	1	2	3962,00	1781,00	5743,00	990,50	260
GOLDEN KNIGHT	3	H	PUR SANG	4	0	3	3958,00	2967,00	6925,00	989,50	315
OASIS DE BERING	2	F	PUR SANG	5	0	5	3957,00	2967,00	6924,00	791,40	290
CHACHA REAL SMOOTH	2	M	PUR SANG	5	0	5	3956,00	2966,00	6922,00	791,20	310
RAOULE	4	F	PUR SANG	5	0	3	3955,00	0,00	3955,00	791,00	355
BALTFOOT FAL	4	F	PUR SANG	8	1	1	3951,00	90,00	4041,00	493,88	170
AMA DABLAM	3	F	PUR SANG	6	0	3	3949,00	2960,00	6909,00	658,17	270
BOLZANO	5	H	PUR SANG	4	0	2	3938,00	0,00	3938,00	984,50	270
AL AAMRIYA	5	F	PUR SANG	7	0	2	3936,00	1771,00	5707,00	562,29	215
SPACE RED	2	F	PUR SANG	2	1	1	3930,00	0,00	3930,00	1965,00	
MICHEL	3	H	PUR SANG	6	0	4	3922,00	2940,00	6862,00	653,67	290
FIVESTARS	3	F	PUR SANG	7	0	5	3918,00	2938,00	6856,00	559,71	245
VATHANA	3	F	PUR SANG	6	0	2	3914,00	2934,00	6848,00	652,33	295
PENRHEAD	6	F	PUR SANG	5	0	3	3913,00	1760,00	5673,00	782,60	215
PACHARAN	5	H	PUR SANG	6	0	3	3912,00	0,00	3912,00	652,00	330
GLORY HIGHNESS	4	H	PUR SANG	2	0	2	3910,00	0,00	3910,00	1955,00	
PRINCESSE MABEL	3	F	PUR SANG	4	1	1	3900,00	2925,00	6825,00	975,00	440
ELKABIER	5	H	PUR SANG	5	0	4	3899,00	1753,00	5652,00	779,80	240
KER WELEN	8	H	PUR SANG	8	0	6	3895,00	1750,00	5645,00	486,88	335
AROWN	6	M	PUR SANG	5	0	3	3889,00	1209,00	5098,00	777,80	235
MON ANGE	2	M	PUR SANG	2	0	2	3889,00	2915,00	6804,00	1944,50	
MONT STEELE	10	H	PUR SANG	10	0	3	3888,00	1749,00	5637,00	388,80	155
BLACK DU MORVAN	4	F	PUR SANG	5	0	4	3887,00	0,00	3887,00	777,40	
SUCRERIE	2	F	PUR SANG	4	0	2	3870,00	2902,00	6772,00	967,50	310
ABACUR	5	H	PUR SANG	10	0	2	3862,00	1737,00	5599,00	386,20	300
JOYEUSE BLUE	4	F	PUR SANG	2	0	2	3862,00	1017,00	4879,00	1931,00	540
PAPATEOU	6	H	PUR SANG	8	0	2	3861,00	1737,00	5598,00	482,63	240
GOT LOOK	3	H	PUR SANG	6	0	6	3856,00	2891,00	6747,00	642,67	305
CASHLYN CAVALIER	4	H	PUR SANG	4	0	3	3853,00	1733,00	5586,00	963,25	225
AMIRAL D'AUMONT	4	H	PUR SANG	8	0	5	3844,00	1728,00	5572,00	480,50	265
SYLVER SAMBA	7	F	PUR SANG	9	0	5	3840,00	1727,00	5567,00	426,67	215
SYRUS	4	H	PUR SANG	5	0	1	3838,00	1727,00	5565,00	767,60	250
WHEELING	2	M	PUR SANG	1	0	1	3836,00	2877,00	6713,00	3836,00	
GELDEN GREY	2	H	PUR SANG	1	0	1	3836,00	2877,00	6713,00	3836,00	
AMSTRAMGRAM	2	F	PUR SANG	1	0	1	3836,00	2877,00	6713,00	3836,00	
TOFU	2	F	PUR SANG	1	0	1	3836,00	2877,00	6713,00	3836,00	
TROBRIAND	2	F	PUR SANG	1	0	1	3836,00	0,00	3836,00	3836,00	
SKY NOVA	2	F	PUR SANG	1	0	1	3836,00	0,00	3836,00	3836,00	
SHIVA FLOWER	4	F	PUR SANG	8	0	3	3831,00	0,00	3831,00	478,88	225
NORTHERN LINE	3	F	PUR SANG	4	0	2	3828,00	2870,00	6698,00	957,00	290
KAY DELA BARRIERE	6	H	PUR SANG	7	0	4	3825,00	1180,00	5005,00	546,43	170
PLEASEMAN	6	H	PUR SANG	3	0	1	3820,00	1718,00	5538,00	1273,33	455
SHUNSHOKU	3	F	PUR SANG	1	0	1	3820,00	2864,00	6684,00	3820,00	
KERMADEC	3	H	PUR SANG	2	0	1	3820,00	2864,00	6684,00	1910,00	
LAZZARO	6	H	PUR SANG	1	0	1	3820,00	0,00	3820,00	3820,00	440
BEVERLY WILSHIRE	3	H	PUR SANG	1	0	1	3820,00	0,00	3820,00	3820,00	
NABOB	3	M	PUR SANG	1	0	1	3820,00	0,00	3820,00	3820,00	
ASTERALE	5	F	PUR SANG	2	0	2	3819,00	1717,00	5536,00	1909,50	160
HAYA GOLD	3	M	PUR SANG	7	0	5	3811,00	2857,00	6668,00	544,43	280
MISS ELORZ	4	F	PUR SANG	5	0	3	3809,00	0,00	3809,00	761,80	250
ACE	4	M	PUR SANG	2	0	2	3807,00	1713,00	5520,00	1903,50	280
CARAMEL	3	F	PUR SANG	3	0	2	3802,00	2851,00	6653,00	1267,33	
ILI PIKA	3	F	PUR SANG	2	0	2	3802,00	0,00	3802,00	1901,00	
DIVA BELLA	4	F	PUR SANG	1	1	0	3800,00	1710,00	5510,00	3800,00	620
RANGO	3	H	PUR SANG	6	0	5	3800,00	2850,00	6650,00	633,33	570
MISS BRESIL DELF	4	F	PUR SANG	5	0	2	3798,00	1708,00	5506,00	759,60	260
MASAYA	3	F	PUR SANG	2	0	2	3796,00	2845,00	6641,00	1898,00	315
SAVANNENSTERN	5	H	PUR SANG	8	0	4	3796,00	0,00	3796,00	474,50	270
MISS DAVIER	4	F	PUR SANG	8	0	3	3787,00	1703,00	5490,00	473,38	280
CAPABLE	9	F	PUR SANG	7	0	5	3785,00	1702,00	5487,00	540,71	185
CARMENNA	2	F	PUR SANG	2	0	2	3780,00	2835,00	6615,00	1890,00	
WOOTTON FILLY	2	F	PUR SANG	3	0	3	3780,00	2834,00	6614,00	1260,00	350
IN SPACE	2	M	PUR SANG	3	0	2	3780,00	2834,00	6614,00	1260,00	320
BAYLAGAN	10	H	PUR SANG	5	0	2	3768,00	1695,00	5463,00	753,60	190
ZANZARE'S	3	H	PUR SANG	2	0	2	3768,00	2826,00	6594,00	1884,00	
APOGEO	4	M	PUR SANG	5	0	3	3767,00	1694,00	5461,00	753,40	365
L'ETOILE DE FRANCE	5	F	PUR SANG	6	1	0	3750,00	1687,00	5437,00	625,00	200
LADYBUG	9	F	PUR SANG	5	1	0	3750,00	1687,00	5437,00	750,00	160
BAY HOUSE	3	F	PUR SANG	2	0	2	3746,00	2809,00	6555,00	1873,00	280
GREEN GATE	4	F	PUR SANG	6	0	4	3743,00	0,00	3743,00	623,83	265
EAGLEHAWK	7	H	PUR SANG	6	0	2	3741,00	1682,00	5423,00	623,50	325
OASIS CALL	3	H	PUR SANG	5	0	3	3738,00	2803,00	6541,00	747,60	300
GRITTI	3	F	PUR SANG	2	0	2	3732,00	0,00	3732,00	1866,00	
QUARTZDARGENT	8	H	PUR SANG	4	0	3	3728,00	1676,00	5404,00	932,00	240
VYBORG	7	H	PUR SANG	4	0	2	3726,00	1676,00	5402,00	931,50	215
VILLA DARYA	8	F	PUR SANG	6	0	4	3725,00	1675,00	5400,00	620,83	285
CUNNING FOX	5	M	PUR SANG	3	0	3	3720,00	1673,00	5393,00	1240,00	360
MONCAYO	6	H	PUR SANG	4	1	1	3705,00	0,00	3705,00	926,25	165
BAYRAMOVA	3	F	PUR SANG	4	0	3	3704,00	2778,00	6482,00	926,00	350
FLYING SAUCER	3	F	PUR SANG	3	0	3	3704,00	0,00	3704,00	1234,67	320
SIYOUKING	5	H	PUR SANG	3	0	2	3703,00	1666,00	5369,00	1234,33	395
LANTEPENULTIMA	3	F	PUR SANG	9	0	4	3700,00	1424,00	5124,00	411,11	205
FEELINGNUIT	4	F	PUR SANG	6	0	4	3685,00	1656,00	5341,00	614,17	270
NIKITA DU MAZET	7	F	PUR SANG	7	0	4	3675,00	1653,00	5328,00	525,00	160
AMKAR	4	H	PUR SANG	9	0	5	3669,00	1649,00	5318,00	407,67	200
PAINT CHOP	4	H	PUR SANG	4	0	3	3666,00	1648,00	5314,00	916,50	240
TUMBLER	7	H	PUR SANG	2	0	1	3660,00	1647,00	5307,00	1830,00	465
MIDAK	4	H	PUR SANG	1	0	1	3660,00	1647,00	5307,00	3660,00	480
PARADE BAY	3	M	PUR SANG	1	0	1	3660,00	2745,00	6405,00	3660,00	
SKUKUZA	5	M	PUR SANG	1	0	1	3660,00	0,00	3660,00	3660,00	510
NOCHE CLASICA	4	F	PUR SANG	1	0	1	3660,00	0,00	3660,00	3660,00	480
THE PRETTIEST STAR	3	F	PUR SANG	1	0	1	3660,00	0,00	3660,00	3660,00	490
CROWN RELIC	3	M	PUR SANG	1	0	1	3660,00	0,00	3660,00	3660,00	
JASSAS	2	M	PUR SANG	1	0	1	3660,00	0,00	3660,00	3660,00	
GRAYROBIN	2	M	PUR SANG	1	0	1	3660,00	0,00	3660,00	3660,00	440
GRACEHILL	6	F	PUR SANG	9	0	4	3655,00	924,00	4579,00	406,11	150
GOT HAWK	6	H	PUR SANG	7	0	3	3651,00	1641,00	5292,00	521,57	205
KER STORMY	7	H	PUR SANG	4	0	1	3648,00	1641,00	5289,00	912,00	325
RAQAT	3	M	PUR SANG	1	0	1	3648,00	2736,00	6384,00	3648,00	
THE LEGEND	3	H	PUR SANG	1	0	1	3648,00	2736,00	6384,00	3648,00	370
LOVE MY LIFE	3	F	PUR SANG	3	0	1	3648,00	0,00	3648,00	1216,00	350
KINGSHIRE	3	M	PUR SANG	3	0	1	3648,00	2736,00	6384,00	1216,00	310
CALIFORNIAGOLDRUSH	6	F	PUR SANG	2	0	1	3648,00	0,00	3648,00	1824,00	150
POTTER NICOLIERE	4	H	PUR SANG	6	0	2	3646,00	1640,00	5286,00	607,67	250
REVE DE NUIT	2	M	PUR SANG	5	0	3	3645,00	2733,00	6378,00	729,00	330
OBSIDIAN GLORY	2	F	PUR SANG	3	0	3	3627,00	2720,00	6347,00	1209,00	320
MANAROLA	9	F	PUR SANG	3	0	1	3626,00	1631,00	5257,00	1208,67	310
HAVOC	8	M	PUR SANG	1	0	1	3626,00	1631,00	5257,00	3626,00	345
TIGER ROCK	5	H	PUR SANG	4	0	1	3626,00	1631,00	5257,00	906,50	350
ALPSEE	2	H	PUR SANG	2	0	2	3625,00	2718,00	6343,00	1812,50	
ZODIACO	3	M	PUR SANG	2	0	2	3620,00	2715,00	6335,00	1810,00	
ROMAN ROYAL	3	F	PUR SANG	2	0	2	3618,00	2712,00	6330,00	1809,00	340
NOMINOHE	3	M	PUR SANG	6	0	5	3616,00	1961,00	5577,00	602,67	210
HAPPY TIME	4	H	PUR SANG	2	0	2	3612,00	1624,00	5236,00	1806,00	550
GENEBRIO	4	H	PUR SANG	7	0	6	3605,00	1081,00	4686,00	515,00	210
REVALITE	5	F	PUR SANG	7	0	3	3600,00	360,00	3960,00	514,29	290
BE TRUE	5	H	PUR SANG	4	0	4	3598,00	1618,00	5216,00	899,50	330
ZAADOR	6	H	PUR SANG	6	0	4	3588,00	1614,00	5202,00	598,00	165
HOLD MY DREAMS	3	M	PUR SANG	3	0	2	3588,00	2691,00	6279,00	1196,00	350
ROSADORA	5	F	PUR SANG	8	0	5	3587,00	668,00	4255,00	448,38	190
PASIPHAE	6	F	PUR SANG	6	0	5	3584,00	1611,00	5195,00	597,33	230
LEONIE BANBOU	5	F	PUR SANG	6	0	5	3575,00	168,00	3743,00	595,83	185
TRICKY LIGHT	4	F	PUR SANG	6	0	5	3570,00	1606,00	5176,00	595,00	420
MORNING DEW	2	F	PUR SANG	4	0	3	3570,00	2677,00	6247,00	892,50	325
ROATAN	6	H	PUR SANG	3	0	3	3568,00	1605,00	5173,00	1189,33	355
VICTORY FOLIE	4	F	PUR SANG	4	0	3	3562,00	1602,00	5164,00	890,50	345
EXISTANT	3	H	PUR SANG	3	0	2	3562,00	2671,00	6233,00	1187,33	345
MACHETE	7	H	PUR SANG	3	0	2	3551,00	1597,00	5148,00	1183,67	355
KELBOFRER	5	H	PUR SANG	5	0	4	3551,00	1597,00	5148,00	710,20	235
MARIA JOANA	3	F	PUR SANG	8	0	4	3549,00	2661,00	6210,00	443,63	260
BETTER AND BETTER	3	M	PUR SANG	3	0	2	3548,00	0,00	3548,00	1182,67	330
AMORETTI	5	H	PUR SANG	7	0	3	3534,00	1589,00	5123,00	504,86	150
SAGUARO	10	H	PUR SANG	4	0	3	3532,00	0,00	3532,00	883,00	200
MYTHO MAG	4	H	PUR SANG	3	0	3	3530,00	1385,00	4915,00	1176,67	270
ICE CRACKER	3	M	PUR SANG	4	0	2	3522,00	2641,00	6163,00	880,50	315
GANASS	5	M	PUR SANG	4	0	2	3521,00	1584,00	5105,00	880,25	380
MAC EMERY	4	H	PUR SANG	5	0	3	3520,00	1583,00	5103,00	704,00	270
SPIELER	3	H	PUR SANG	4	0	3	3512,00	2633,00	6145,00	878,00	320
FECAMP	7	H	PUR SANG	10	0	2	3504,00	1576,00	5080,00	350,40	215
RUE HELENE	4	F	PUR SANG	7	0	3	3504,00	1575,00	5079,00	500,57	250
GOLDEN CITY	6	H	PUR SANG	2	1	0	3500,00	1575,00	5075,00	1750,00	265
LESSARD	5	H	PUR SANG	5	1	0	3500,00	1575,00	5075,00	700,00	230
AQUAMAN	4	M	PUR SANG	1	0	1	3500,00	0,00	3500,00	3500,00	
ESTRALIA	4	F	PUR SANG	10	0	4	3499,00	1573,00	5072,00	349,90	195
THE PRESIDENT	4	H	PUR SANG	7	0	3	3495,00	1572,00	5067,00	499,29	255
BUTTERFLY NEBULA	3	F	PUR SANG	8	0	4	3491,00	405,00	3896,00	436,38	205
DAZZLE AT DAWN	6	H	PUR SANG	6	0	3	3481,00	1566,00	5047,00	580,17	195
BOULEVARD BLANQUI	5	M	PUR SANG	3	0	2	3474,00	1563,00	5037,00	1158,00	
QUEEN LADY GOLD	6	F	PUR SANG	7	0	3	3471,00	1393,00	4864,00	495,86	160
RED COUNTESS	5	F	PUR SANG	6	0	3	3466,00	1244,00	4710,00	577,67	150
FLORENCIA	2	F	PUR SANG	4	0	2	3465,00	2598,00	6063,00	866,25	305
LANAKEN	8	H	PUR SANG	5	0	3	3463,00	1557,00	5020,00	692,60	390
SNATCHER	5	H	PUR SANG	11	0	5	3459,00	1556,00	5015,00	314,45	180
COMBERMERE	10	H	PUR SANG	8	0	4	3458,00	1554,00	5012,00	432,25	285
HASTA LA VISTA	5	H	PUR SANG	1	0	1	3458,00	1556,00	5014,00	3458,00	380
POMELEO	5	M	PUR SANG	1	0	1	3458,00	1556,00	5014,00	3458,00	250
DANSEUSE DE DABI	3	F	PUR SANG	1	0	1	3458,00	2593,00	6051,00	3458,00	
SAMOR	3	H	PUR SANG	3	0	1	3458,00	2593,00	6051,00	1152,67	350
AGLAIA	4	F	PUR SANG	1	0	1	3458,00	0,00	3458,00	3458,00	410
DOBBA	4	H	PUR SANG	1	0	1	3458,00	0,00	3458,00	3458,00	455
QUINTO	4	H	PUR SANG	1	0	1	3458,00	0,00	3458,00	3458,00	
PETITE ABEILLE	3	F	PUR SANG	7	0	5	3457,00	0,00	3457,00	493,86	240
COMMANDER'S WAY	6	H	PUR SANG	5	0	2	3456,00	1554,00	5010,00	691,20	320
MISTER CLARCK	3	H	PUR SANG	3	0	2	3456,00	2592,00	6048,00	1152,00	320
ST LUNAIRE	3	H	PUR SANG	9	0	2	3456,00	2591,00	6047,00	384,00	265
MORGAN BAY	4	F	PUR SANG	5	0	2	3456,00	0,00	3456,00	691,20	370
LILY DES ROSES	3	F	PUR SANG	4	0	4	3452,00	0,00	3452,00	863,00	
MATINAL	3	H	PUR SANG	3	0	2	3451,00	2588,00	6039,00	1150,33	370
RAFIKI	4	M	PUR SANG	2	0	2	3438,00	0,00	3438,00	1719,00	275
NOVA DU CHENET	3	F	PUR SANG	6	0	5	3435,00	2576,00	6011,00	572,50	295
FAVORITE CRIME	5	H	PUR SANG	4	0	2	3434,00	1545,00	4979,00	858,50	275
ABERDEEN	3	F	PUR SANG	3	0	3	3432,00	0,00	3432,00	1144,00	295
BID FOR CHESTER	5	H	PUR SANG	9	0	4	3428,00	0,00	3428,00	380,89	305
DOCTOR RON	7	H	PUR SANG	2	0	2	3425,00	1540,00	4965,00	1712,50	325
LAKE DREAM	3	F	PUR SANG	3	0	3	3406,00	2554,00	5960,00	1135,33	270
KERDINA	6	F	PUR SANG	7	0	3	3405,00	1531,00	4936,00	486,43	220
UMMAGUMMA	3	F	PUR SANG	3	0	2	3404,00	1053,00	4457,00	1134,67	295
AMARIS	3	F	PUR SANG	4	0	3	3404,00	1428,00	4832,00	851,00	250
MOODY CHOP	7	H	PUR SANG	9	0	3	3401,00	1530,00	4931,00	377,89	150
VENT DU LARGE	3	H	PUR SANG	6	0	4	3399,00	1049,00	4448,00	566,50	270
GYP SEA	4	F	PUR SANG	9	0	6	3391,00	1524,00	4915,00	376,78	230
ANGEL DREAMER	3	H	PUR SANG	10	0	5	3387,00	0,00	3387,00	338,70	250
TORONA RAINBOW	3	F	PUR SANG	2	0	2	3384,00	2538,00	5922,00	1692,00	
GALIK	8	H	PUR SANG	10	0	3	3376,00	1518,00	4894,00	337,60	180
PINK JIMMY	4	M	PUR SANG	10	0	5	3376,00	809,00	4185,00	337,60	195
ATHINEOS	7	H	PUR SANG	10	0	4	3366,00	1513,00	4879,00	336,60	275
PRIVATE DINNING	5	F	PUR SANG	3	0	2	3360,00	1512,00	4872,00	1120,00	205
MINOTOR	3	H	PUR SANG	3	0	1	3360,00	2520,00	5880,00	1120,00	340
YZYA	3	F	PUR SANG	5	0	1	3360,00	2520,00	5880,00	672,00	320
GHAZALA	3	F	PUR SANG	3	0	2	3354,00	0,00	3354,00	1118,00	325
PARISIENNE	2	F	PUR SANG	3	0	3	3353,00	2514,00	5867,00	1117,67	295
MAESTRAL	4	H	PUR SANG	7	0	2	3340,00	1502,00	4842,00	477,14	260
SEEWAY	3	M	PUR SANG	6	0	2	3339,00	2504,00	5843,00	556,50	335
MIGUELITO	4	H	PUR SANG	12	0	6	3338,00	1500,00	4838,00	278,17	150
ALCOTAN	6	H	PUR SANG	7	0	4	3337,00	1500,00	4837,00	476,71	290
SEXXY	2	F	PUR SANG	3	0	3	3335,00	2501,00	5836,00	1111,67	370
RITANO GUAPO	3	H	PUR SANG	2	0	2	3334,00	0,00	3334,00	1667,00	
CROQUIS	4	M	PUR SANG	3	0	1	3332,00	0,00	3332,00	1110,67	445
SORENGO	4	H	PUR SANG	6	0	2	3329,00	1496,00	4825,00	554,83	275
DARABJIR	7	H	PUR SANG	4	0	2	3320,00	1493,00	4813,00	830,00	310
ATLANTA	7	F	PUR SANG	9	0	2	3312,00	1490,00	4802,00	368,00	150
ELIOTT CHOP	6	H	PUR SANG	5	0	2	3312,00	1490,00	4802,00	662,40	190
KLASSIC PRECIEUX	6	H	PUR SANG	4	0	2	3312,00	1490,00	4802,00	828,00	300
MONSIEUR GEORGE	10	H	PUR SANG	4	0	3	3311,00	1488,00	4799,00	827,75	210
CARRE DU LOUVRE	2	M	PUR SANG	4	0	2	3310,00	2482,00	5792,00	827,50	345
AL MA'IDA	3	H	PUR SANG	5	0	3	3291,00	2468,00	5759,00	658,20	335
RESPLENDOR	10	H	PUR SANG	2	0	1	3288,00	1479,00	4767,00	1644,00	250
PRINCEDESCHAMPS	8	H	PUR SANG	5	0	1	3288,00	1479,00	4767,00	657,60	150
KAMIKAZE	3	H	PUR SANG	6	0	2	3284,00	0,00	3284,00	547,33	245
CALON LAN	5	H	PUR SANG	4	0	2	3281,00	1476,00	4757,00	820,25	295
SPRING BANK	4	H	PUR SANG	6	0	4	3281,00	834,00	4115,00	546,83	235
RUE DE VOLGA	7	F	PUR SANG	4	0	3	3277,00	1474,00	4751,00	819,25	190
ZAMNESIA	6	F	PUR SANG	2	0	2	3274,00	1473,00	4747,00	1637,00	300
TSAR NICOLAS	3	H	PUR SANG	6	0	4	3268,00	1701,00	4969,00	544,67	255
LATZIA	2	F	PUR SANG	2	0	2	3255,00	2441,00	5696,00	1627,50	
BEAU ROMAN	3	H	PUR SANG	4	0	3	3250,00	2437,00	5687,00	812,50	310
HAVANISTA	2	F	PUR SANG	4	0	4	3250,00	0,00	3250,00	812,50	310
BIRIATOU	6	H	PUR SANG	6	0	5	3246,00	0,00	3246,00	541,00	240
LUCKY VOWS	2	H	PUR SANG	2	0	2	3243,00	2431,00	5674,00	1621,50	
NOFIX	4	H	PUR SANG	7	0	2	3242,00	1458,00	4700,00	463,14	335
LADY PINK	7	F	PUR SANG	7	0	4	3237,00	1456,00	4693,00	462,43	185
EDONISTA	2	H	PUR SANG	2	0	2	3231,00	2422,00	5653,00	1615,50	
MOONWALKER	5	H	PUR SANG	6	0	3	3228,00	1451,00	4679,00	538,00	185
GLORIOUS CROSS	3	F	PUR SANG	7	0	2	3228,00	2421,00	5649,00	461,14	245
WICKED	4	H	PUR SANG	5	0	4	3227,00	0,00	3227,00	645,40	315
SFUSATO	3	H	PUR SANG	5	0	3	3219,00	2413,00	5632,00	643,80	285
FAL DARA	6	F	PUR SANG	2	0	2	3216,00	1447,00	4663,00	1608,00	200
SWINGUER	4	H	PUR SANG	2	0	2	3211,00	1444,00	4655,00	1605,50	440
MOLDIRA	3	F	PUR SANG	3	0	2	3211,00	0,00	3211,00	1070,33	310
CHAWEL	3	M	PUR SANG	2	0	2	3211,00	0,00	3211,00	1605,50	365
DEFI	2	M	PUR SANG	4	0	2	3209,00	2406,00	5615,00	802,25	330
NOT SO SILLY	8	H	PUR SANG	10	0	4	3207,00	1441,00	4648,00	320,70	150
MARYLIN CITY	4	F	PUR SANG	8	0	3	3207,00	903,00	4110,00	400,88	235
NEWKIDONTHEBLOCK	6	H	PUR SANG	2	0	2	3200,00	0,00	3200,00	1600,00	280
RIVERHEIGHT	2	H	PUR SANG	3	0	3	3199,00	2399,00	5598,00	1066,33	325
CAP SKIRRING	9	F	PUR SANG	9	0	5	3198,00	1438,00	4636,00	355,33	150
KARINAS DREAM	7	H	PUR SANG	8	0	2	3198,00	1438,00	4636,00	399,75	280
FATHIYYA	2	F	PUR SANG	2	0	2	3186,00	2389,00	5575,00	1593,00	
NOUS Y VOILA	3	H	PUR SANG	2	0	2	3184,00	2388,00	5572,00	1592,00	
KAIRA	3	F	PUR SANG	5	0	3	3180,00	2385,00	5565,00	636,00	295
RAGNAR CITY	5	M	PUR SANG	3	0	3	3174,00	1428,00	4602,00	1058,00	370
EMPRESS STAR	5	F	PUR SANG	6	0	3	3171,00	1258,00	4429,00	528,50	170
BENVENUTI	3	F	PUR SANG	10	0	5	3164,00	2373,00	5537,00	316,40	245
DESEJO	2	M	PUR SANG	4	0	2	3156,00	2367,00	5523,00	789,00	315
ARCTIC BAY	3	F	PUR SANG	2	0	2	3155,00	2366,00	5521,00	1577,50	425
WOODROS	3	H	PUR SANG	5	0	4	3150,00	2362,00	5512,00	630,00	560
PIKES PEAK	3	M	PUR SANG	5	0	4	3148,00	2361,00	5509,00	629,60	285
ARYVESAN	4	F	PUR SANG	7	0	4	3144,00	1414,00	4558,00	449,14	225
UNE PEINTURE	5	H	PUR SANG	5	0	2	3141,00	1413,00	4554,00	628,20	245
TUSKER	4	H	PUR SANG	1	0	1	3136,00	1410,00	4546,00	3136,00	390
PARANIAK	4	M	PUR SANG	1	0	1	3136,00	1410,00	4546,00	3136,00	405
AMICO	4	H	PUR SANG	1	0	1	3136,00	0,00	3136,00	3136,00	
JOSTFAN	4	F	PUR SANG	7	0	4	3126,00	731,00	3857,00	446,57	170
IRONICO	4	H	PUR SANG	3	0	2	3126,00	0,00	3126,00	1042,00	335
EL DIABLO	2	M	PUR SANG	8	0	4	3120,00	2340,00	5460,00	390,00	285
SILENCIO	3	M	PUR SANG	3	0	3	3115,00	0,00	3115,00	1038,33	355
GAR'N GIN	4	H	PUR SANG	2	0	2	3100,00	0,00	3100,00	1550,00	520
STRUNG AHEAD	4	F	PUR SANG	1	0	1	3098,00	1393,00	4491,00	3098,00	320
LARK	3	F	PUR SANG	4	0	1	3098,00	2322,00	5420,00	774,50	290
WHYWHYWHY DELILAH	4	F	PUR SANG	4	0	1	3098,00	0,00	3098,00	774,50	285
EAGLE EMBLEM	4	M	PUR SANG	2	0	2	3096,00	0,00	3096,00	1548,00	410
NOTA BENE	4	F	PUR SANG	7	0	1	3094,00	1392,00	4486,00	442,00	260
EAU DE ROSE	3	F	PUR SANG	3	0	1	3094,00	2320,00	5414,00	1031,33	320
COLE CHOP	8	M	PUR SANG	8	0	4	3092,00	1389,00	4481,00	386,50	155
LIKE A DOVE	3	F	PUR SANG	4	0	3	3089,00	2316,00	5405,00	772,25	265
DZIELNY WOJTEK	4	M	PUR SANG	6	0	2	3084,00	0,00	3084,00	514,00	315
PLUIE D'ARAIZE	7	F	PUR SANG	6	0	2	3082,00	1386,00	4468,00	513,67	445
PRINCESS RECORD	4	F	PUR SANG	11	0	3	3075,00	1383,00	4458,00	279,55	160
MAKENO	9	H	PUR SANG	6	0	3	3069,00	1380,00	4449,00	511,50	160
MAJARA	3	F	PUR SANG	4	0	4	3069,00	2300,00	5369,00	767,25	305
BIBBIENA	5	F	PUR SANG	2	0	2	3065,00	1378,00	4443,00	1532,50	435
LA CHARMETTE	3	F	PUR SANG	2	0	2	3061,00	2295,00	5356,00	1530,50	330
GENTILESCHI	5	F	PUR SANG	4	0	2	3052,00	1373,00	4425,00	763,00	225
CITY OF ANGELS	3	F	PUR SANG	7	0	5	3052,00	2289,00	5341,00	436,00	250
JEMAA EL FNA	2	F	PUR SANG	3	0	2	3051,00	2288,00	5339,00	1017,00	320
ZEA MAYS	2	F	PUR SANG	4	0	3	3045,00	2283,00	5328,00	761,25	325
KALIFE ALAPLACE	6	H	PUR SANG	3	0	2	3032,00	1363,00	4395,00	1010,67	265
MATCH BALL	4	F	PUR SANG	8	0	6	3015,00	433,00	3448,00	376,88	195
SURPRISE ETOILEE	3	F	PUR SANG	7	0	3	3015,00	215,00	3230,00	430,71	290
ALTIA	3	F	PUR SANG	5	0	4	3010,00	2257,00	5267,00	602,00	290
ALPARSLAN	4	H	PUR SANG	6	0	3	3004,00	1351,00	4355,00	500,67	335
WEEKEND WARRIOR	6	M	PUR SANG	11	0	5	3000,00	1349,00	4349,00	272,73	155
MISS MONTMARTRE	3	F	PUR SANG	2	0	2	3000,00	1125,00	4125,00	1500,00	
WHIZALIO	4	H	PUR SANG	10	0	4	2999,00	1349,00	4348,00	299,90	150
ALWADAQ	3	F	PUR SANG	4	0	2	2988,00	741,00	3729,00	747,00	310
MAJESTIC PEARL	2	F	PUR SANG	3	0	2	2986,00	2239,00	5225,00	995,33	325
KENALIGHT	3	F	PUR SANG	6	0	3	2981,00	2235,00	5216,00	496,83	235
VIA SPERENZA	2	F	PUR SANG	2	0	2	2973,00	0,00	2973,00	1486,50	
MRS ROBINSON	5	F	PUR SANG	2	0	2	2967,00	1335,00	4302,00	1483,50	490
VENETIAN LIGHT	3	M	PUR SANG	2	0	1	2964,00	2223,00	5187,00	1482,00	
ANAGRAMME	3	H	PUR SANG	2	0	1	2964,00	2223,00	5187,00	1482,00	
WINGIE	3	F	PUR SANG	2	0	1	2964,00	2223,00	5187,00	1482,00	
OCYTOCINE	3	F	PUR SANG	2	0	1	2964,00	2223,00	5187,00	1482,00	
STRATEGE	3	H	PUR SANG	1	0	1	2964,00	2223,00	5187,00	2964,00	
SONNY ANGEL	3	F	PUR SANG	3	0	1	2964,00	2223,00	5187,00	988,00	330
PELLEGRINO	3	M	PUR SANG	1	0	1	2964,00	0,00	2964,00	2964,00	
SWEET ROSE	2	F	PUR SANG	3	0	3	2962,00	2221,00	5183,00	987,33	315
ZAZI FAL	3	F	PUR SANG	3	0	3	2960,00	360,00	3320,00	986,67	320
SUNRISE MOON	3	F	PUR SANG	6	0	4	2959,00	2219,00	5178,00	493,17	225
BIRDY SUN	3	F	PUR SANG	6	0	3	2956,00	1842,00	4798,00	492,67	245
LOUIS DEUX	4	M	PUR SANG	8	0	1	2954,00	1329,00	4283,00	369,25	265
LADY ACE	6	F	PUR SANG	6	0	2	2952,00	1328,00	4280,00	492,00	170
NEBEK BLAGNY	3	M	PUR SANG	4	0	3	2950,00	2212,00	5162,00	737,50	310
VOLKONSKHA	3	F	PUR SANG	9	0	4	2947,00	560,00	3507,00	327,44	230
LOS MARINOS	3	M	PUR SANG	2	0	2	2944,00	2208,00	5152,00	1472,00	380
RUBIA QUEEN	3	F	PUR SANG	3	0	2	2944,00	2208,00	5152,00	981,33	375
SHAHBANDAR	6	H	PUR SANG	3	0	3	2943,00	0,00	2943,00	981,00	410
GLORY LAND	4	F	PUR SANG	4	0	3	2942,00	0,00	2942,00	735,50	
PRIVATE DAISY	2	F	PUR SANG	1	0	1	2940,00	2205,00	5145,00	2940,00	
MUHARA MOON	2	F	PUR SANG	2	0	1	2940,00	2205,00	5145,00	1470,00	
LA PIU BELLA	2	F	PUR SANG	1	0	1	2940,00	2205,00	5145,00	2940,00	
TROPHY WINNER	2	M	PUR SANG	1	0	1	2940,00	2205,00	5145,00	2940,00	
SEA JOLIE	2	F	PUR SANG	1	0	1	2940,00	2205,00	5145,00	2940,00	
STARSHIP	2	M	PUR SANG	1	0	1	2940,00	2205,00	5145,00	2940,00	
STATE KING	2	M	PUR SANG	2	0	1	2940,00	2205,00	5145,00	1470,00	
ZAUBERFLOTE	2	F	PUR SANG	1	0	1	2940,00	0,00	2940,00	2940,00	
SLEMEN	2	M	PUR SANG	2	0	1	2940,00	0,00	2940,00	1470,00	
ADHABI	2	F	PUR SANG	2	0	1	2940,00	0,00	2940,00	1470,00	
VENES	6	H	PUR SANG	6	0	3	2936,00	1319,00	4255,00	489,33	190
GALILEE DREAM	6	F	PUR SANG	6	0	4	2932,00	1319,00	4251,00	488,67	220
GOOD'ID	6	F	PUR SANG	1	0	1	2926,00	1316,00	4242,00	2926,00	180
RIVAL ORDER	6	H	PUR SANG	2	0	1	2926,00	0,00	2926,00	1463,00	305
ANDUGAL	3	H	PUR SANG	9	0	5	2925,00	2192,00	5117,00	325,00	225
HURRICANGO	4	H	PUR SANG	5	0	3	2916,00	1311,00	4227,00	583,20	260
PRINCESSE MANDEL	4	F	PUR SANG	3	0	3	2916,00	1311,00	4227,00	972,00	510
COSMIC MALPIC	2	F	PUR SANG	4	0	4	2910,00	2182,00	5092,00	727,50	310
LADY WANDA	4	F	PUR SANG	5	0	3	2908,00	1307,00	4215,00	581,60	280
JACK OF TRADES	8	H	PUR SANG	8	0	3	2906,00	0,00	2906,00	363,25	240
COSMO BEAU	6	M	PUR SANG	6	0	4	2904,00	766,00	3670,00	484,00	280
MY PRETTY LOVE	3	F	PUR SANG	5	0	3	2900,00	300,00	3200,00	580,00	220
ZIFULOTT	3	H	PUR SANG	6	0	2	2899,00	2173,00	5072,00	483,17	280
ZEUDI	3	F	PUR SANG	5	0	3	2899,00	2174,00	5073,00	579,80	305
ODIN	6	M	PUR SANG	10	0	5	2898,00	1303,00	4201,00	289,80	175
GARE AU GORILLE	4	M	PUR SANG	4	0	2	2898,00	1303,00	4201,00	724,50	275
ARVEN GLAZ	3	H	PUR SANG	7	0	5	2896,00	1421,00	4317,00	413,71	265
GAVILLO	3	M	PUR SANG	4	0	4	2888,00	2165,00	5053,00	722,00	295
BEETHOVEN	4	H	PUR SANG	4	0	3	2887,00	0,00	2887,00	721,75	255
DESIREE DU FRAISSE	2	F	PUR SANG	1	0	1	2880,00	2160,00	5040,00	2880,00	
GOOD BYE MANU	3	M	PUR SANG	6	0	2	2880,00	2160,00	5040,00	480,00	395
WEFT	3	F	PUR SANG	4	0	3	2860,00	2145,00	5005,00	715,00	240
MY SISTER LOVE	3	F	PUR SANG	5	0	3	2859,00	2143,00	5002,00	571,80	265
IKOTOFETSY	3	H	PUR SANG	9	0	2	2856,00	2142,00	4998,00	317,33	350
MANGAS	3	H	PUR SANG	9	0	4	2855,00	0,00	2855,00	317,22	240
PARMENIDE	6	H	PUR SANG	5	0	3	2854,00	1283,00	4137,00	570,80	180
GALIA CI	4	F	PUR SANG	3	0	2	2845,00	1279,00	4124,00	948,33	240
KIWICAT	5	H	PUR SANG	8	0	4	2843,00	1278,00	4121,00	355,38	150
RISKY LIGHT	6	F	PUR SANG	9	0	4	2841,00	940,00	3781,00	315,67	150
MONDIAL SPORT	4	H	PUR SANG	14	0	5	2840,00	770,00	3610,00	202,86	160
GRANITEVILLE	3	F	PUR SANG	2	0	2	2840,00	0,00	2840,00	1420,00	370
VAN DER ROHE	3	H	PUR SANG	2	0	2	2840,00	0,00	2840,00	1420,00	
DIAMOND ROAD	5	H	PUR SANG	4	0	3	2839,00	1276,00	4115,00	709,75	235
MAITRE JIMMY	2	M	PUR SANG	6	0	5	2838,00	2127,00	4965,00	473,00	335
OLERON	5	F	PUR SANG	4	0	3	2836,00	1275,00	4111,00	709,00	315
TIME TO PARLEY	7	F	PUR SANG	8	0	3	2823,00	0,00	2823,00	352,88	160
BUBBLE GUM	5	F	PUR SANG	1	0	1	2814,00	1266,00	4080,00	2814,00	420
L'ASTROBALE	3	F	PUR SANG	1	0	1	2814,00	2110,00	4924,00	2814,00	
CHAMBLAC	3	M	PUR SANG	1	0	1	2814,00	2110,00	4924,00	2814,00	
KING DALEE	3	M	PUR SANG	1	0	1	2814,00	2110,00	4924,00	2814,00	
LANDED	3	F	PUR SANG	4	0	4	2807,00	2104,00	4911,00	701,75	275
HAYA OF STAR	5	H	PUR SANG	2	0	2	2800,00	1260,00	4060,00	1400,00	340
RUE ERNESTINE	4	F	PUR SANG	3	0	2	2800,00	720,00	3520,00	933,33	310
LE MATANT	4	H	PUR SANG	2	0	2	2800,00	0,00	2800,00	1400,00	
KAYSA	4	F	PUR SANG	6	0	2	2800,00	0,00	2800,00	466,67	215
SHAWNEE SONG	4	H	PUR SANG	2	0	2	2800,00	0,00	2800,00	1400,00	
NAVAJOS	3	H	PUR SANG	3	0	2	2800,00	0,00	2800,00	933,33	
NAGLO	3	H	PUR SANG	2	0	2	2800,00	0,00	2800,00	1400,00	
TI BO	3	H	PUR SANG	4	0	4	2800,00	2100,00	4900,00	700,00	420
SOLDIER'S GOLD	5	M	PUR SANG	2	0	2	2797,00	0,00	2797,00	1398,50	440
ISMAEL PAINT	8	H	PUR SANG	11	0	4	2795,00	1256,00	4051,00	254,09	280
FUJI HANA	4	F	PUR SANG	7	0	3	2795,00	1257,00	4052,00	399,29	245
ADVERSARY	4	H	PUR SANG	4	0	2	2793,00	0,00	2793,00	698,25	260
SON OF ZOR	5	H	PUR SANG	6	0	2	2788,00	1253,00	4041,00	464,67	220
PEGGY DEUX	3	F	PUR SANG	3	0	3	2788,00	216,00	3004,00	929,33	270
CARLA VELOSSO	2	F	PUR SANG	2	0	2	2781,00	2085,00	4866,00	1390,50	
MISTER EAZY	3	H	PUR SANG	4	0	4	2780,00	2085,00	4865,00	695,00	465
SILILLY	3	F	PUR SANG	4	0	3	2776,00	2082,00	4858,00	694,00	340
LENDAS	2	M	PUR SANG	3	0	3	2776,00	2082,00	4858,00	925,33	365
ILOVEYOUMIAMOR	2	F	PUR SANG	4	0	2	2774,00	2080,00	4854,00	693,50	325
ROYAL VATI	13	H	PUR SANG	3	0	2	2772,00	1247,00	4019,00	924,00	175
DAVALLIA	4	F	PUR SANG	7	0	2	2772,00	1246,00	4018,00	396,00	285
ZANZIA	5	F	PUR SANG	6	0	4	2770,00	1245,00	4015,00	461,67	300
MARVEL MAX	5	H	PUR SANG	5	0	4	2767,00	1244,00	4011,00	553,40	510
GONDOLO	4	H	PUR SANG	6	0	2	2762,00	1242,00	4004,00	460,33	280
JOLEK LISES	7	H	PUR SANG	10	0	4	2756,00	1239,00	3995,00	275,60	165
OLINDA DO VALE	2	F	PUR SANG	3	0	2	2750,00	2062,00	4812,00	916,67	310
WOODHAMA	2	F	PUR SANG	3	0	3	2748,00	2061,00	4809,00	916,00	345
YACOMO	3	M	PUR SANG	2	0	1	2745,00	2058,00	4803,00	1372,50	430
MISS LIZZY	2	F	PUR SANG	1	0	1	2745,00	0,00	2745,00	2745,00	
NARCEA	2	F	PUR SANG	1	0	1	2745,00	0,00	2745,00	2745,00	
MAKURU	3	M	PUR SANG	5	0	3	2738,00	928,00	3666,00	547,60	230
PICARNAUGAUTH	5	H	PUR SANG	4	0	2	2737,00	1230,00	3967,00	684,25	245
CONCERTO	7	H	PUR SANG	3	0	1	2736,00	1231,00	3967,00	912,00	185
DAYAK	6	H	PUR SANG	2	0	1	2736,00	1231,00	3967,00	1368,00	170
ARTAIOS	6	H	PUR SANG	2	0	1	2736,00	1231,00	3967,00	1368,00	225
QUEEN'S ANGEL	5	F	PUR SANG	6	0	1	2736,00	1231,00	3967,00	456,00	200
PORTO GIUNCO	4	H	PUR SANG	2	0	1	2736,00	1231,00	3967,00	1368,00	170
RIVER QUARTZ	4	H	PUR SANG	6	0	1	2736,00	1231,00	3967,00	456,00	225
ZIARAH DE SAON	4	F	PUR SANG	4	0	1	2736,00	1231,00	3967,00	684,00	210
ETOLE DE BEAUM	2	F	PUR SANG	2	0	1	2736,00	2052,00	4788,00	1368,00	
NOUR AYA	6	F	PUR SANG	5	0	1	2736,00	0,00	2736,00	547,20	160
KONIGIN AYDA	2	F	PUR SANG	1	0	1	2736,00	0,00	2736,00	2736,00	
LAKME	2	H	PUR SANG	3	0	2	2730,00	2047,00	4777,00	910,00	360
SAINTE ROMY	2	F	PUR SANG	4	0	2	2730,00	2047,00	4777,00	682,50	325
SAFE AND SOUND	4	F	PUR SANG	2	0	2	2722,00	0,00	2722,00	1361,00	
KAOUASAKI	4	H	PUR SANG	5	0	2	2703,00	1216,00	3919,00	540,60	210
SOL INDIGES	2	M	PUR SANG	4	0	2	2701,00	2025,00	4726,00	675,25	310
MUYEMIX	7	F	PUR SANG	4	0	3	2700,00	674,00	3374,00	675,00	150
IRON TRIUMPH	3	M	PUR SANG	5	0	3	2699,00	2024,00	4723,00	539,80	270
BEAUTY ANODINE	3	F	PUR SANG	6	0	3	2698,00	2023,00	4721,00	449,67	260
CHASUBLE	5	F	PUR SANG	5	0	4	2696,00	1211,00	3907,00	539,20	290
HOLA VALQUIRIA	4	F	PUR SANG	7	0	2	2689,00	1209,00	3898,00	384,14	290
BOKEN	9	H	PUR SANG	10	0	1	2688,00	1209,00	3897,00	268,80	205
QUI EVIDAMENT QUI	4	F	PUR SANG	6	0	1	2688,00	1209,00	3897,00	448,00	170
IMPARATOR	4	H	PUR SANG	4	0	1	2688,00	1209,00	3897,00	672,00	255
SOVEREIGNTY	3	M	PUR SANG	3	0	1	2688,00	2016,00	4704,00	896,00	290
ASTRA BELLA	3	F	PUR SANG	2	0	1	2688,00	2016,00	4704,00	1344,00	340
SINDALAH	3	F	PUR SANG	3	0	2	2688,00	0,00	2688,00	896,00	380
SHANDERMAN	3	M	PUR SANG	2	0	1	2688,00	0,00	2688,00	1344,00	
BRIO	5	H	PUR SANG	4	0	4	2686,00	1207,00	3893,00	671,50	300
SAYULITA	3	F	PUR SANG	3	0	2	2686,00	0,00	2686,00	895,33	275
CHAKILYAH	3	F	PUR SANG	6	0	3	2685,00	2013,00	4698,00	447,50	260
MORNING FIVE	9	H	PUR SANG	4	0	4	2672,00	1201,00	3873,00	668,00	205
NELSON DREAM	3	H	PUR SANG	4	0	3	2668,00	2001,00	4669,00	667,00	305
SUNRISE DREAM	4	H	PUR SANG	11	0	2	2668,00	1200,00	3868,00	242,55	190
HARRY'S PRINCESS	9	F	PUR SANG	3	0	3	2660,00	1197,00	3857,00	886,67	590
DURYTHME	5	H	PUR SANG	5	0	2	2658,00	1195,00	3853,00	531,60	350
SEVEN FOR ALL	4	H	PUR SANG	9	0	4	2650,00	1191,00	3841,00	294,44	240
BELLE NOIRE	2	F	PUR SANG	3	0	3	2649,00	1986,00	4635,00	883,00	345
FIGHTING SPIRIT	3	H	PUR SANG	4	0	3	2639,00	1978,00	4617,00	659,75	340
JOBOAH	5	H	PUR SANG	3	0	2	2635,00	1184,00	3819,00	878,33	270
TOOGOODTOBEROOD	4	H	PUR SANG	14	0	6	2633,00	1183,00	3816,00	188,07	215
GRAND ANGEL	5	F	PUR SANG	5	0	2	2628,00	1181,00	3809,00	525,60	240
PALMEIRA EMERY	6	F	PUR SANG	8	0	3	2627,00	1181,00	3808,00	328,38	155
GREEN VALSTAR	3	F	PUR SANG	4	0	2	2625,00	1125,00	3750,00	656,25	245
SKY KING TAVEL	3	F	PUR SANG	5	0	2	2625,00	0,00	2625,00	525,00	
QUICK CHICK	2	F	PUR SANG	5	0	2	2625,00	1968,00	4593,00	525,00	315
BLACK SUGAR	4	F	PUR SANG	5	0	3	2623,00	1179,00	3802,00	524,60	210
ICALERO	8	H	PUR SANG	5	0	2	2619,00	1178,00	3797,00	523,80	240
GALIWAY D'ANGE	6	H	PUR SANG	6	0	2	2617,00	1176,00	3793,00	436,17	175
INDY	3	H	PUR SANG	5	0	3	2610,00	1207,00	3817,00	522,00	250
ANGEL WARRIOR	4	H	PUR SANG	7	0	3	2608,00	1172,00	3780,00	372,57	315
LORD WOOTTON CEN	4	M	PUR SANG	1	0	1	2604,00	1171,00	3775,00	2604,00	400
IRELIA	4	F	PUR SANG	7	0	4	2603,00	1171,00	3774,00	371,86	215
LE ROZEL	6	H	PUR SANG	2	0	2	2602,00	1170,00	3772,00	1301,00	260
LOUISE GREEN	4	F	PUR SANG	2	0	2	2602,00	1170,00	3772,00	1301,00	245
PRINCESS LAURA	6	F	PUR SANG	11	0	4	2600,00	1169,00	3769,00	236,36	150
BATHYGAR DU GRENAT	3	H	PUR SANG	3	0	2	2600,00	750,00	3350,00	866,67	570
AFRICAN GREY	9	H	PUR SANG	8	0	2	2592,00	1166,00	3758,00	324,00	210
ZELINA	6	F	PUR SANG	7	0	3	2592,00	1166,00	3758,00	370,29	175
TIMBER CIRCLE	4	F	PUR SANG	8	0	3	2587,00	1163,00	3750,00	323,38	290
NATH SHOW	5	H	PUR SANG	5	0	4	2575,00	1157,00	3732,00	515,00	180
RENA ZALANDA	3	F	PUR SANG	4	0	2	2574,00	1930,00	4504,00	643,50	305
ZIPI	3	M	PUR SANG	2	0	2	2574,00	1930,00	4504,00	1287,00	
DELAMINA	3	F	PUR SANG	4	0	3	2570,00	1926,00	4496,00	642,50	310
HOLY ROMANISED	4	H	PUR SANG	4	0	3	2567,00	1154,00	3721,00	641,75	200
MEKHTALIA	4	F	PUR SANG	6	0	4	2560,00	1151,00	3711,00	426,67	230
VIVAHENY	5	F	PUR SANG	7	0	3	2558,00	0,00	2558,00	365,43	215
A NOS AMOURS	4	F	PUR SANG	5	0	2	2557,00	1150,00	3707,00	511,40	290
FREEZE	5	H	PUR SANG	7	0	2	2556,00	1149,00	3705,00	365,14	260
CHANEL GOLD	6	F	PUR SANG	6	0	4	2548,00	1145,00	3693,00	424,67	240
ACCEPTANCE	3	F	PUR SANG	5	0	3	2548,00	1911,00	4459,00	509,60	315
VAISSEAU FANTOME	10	M	PUR SANG	1	0	1	2548,00	0,00	2548,00	2548,00	
NEW BEDE	3	F	PUR SANG	2	0	2	2544,00	1907,00	4451,00	1272,00	
GLORIO	3	H	PUR SANG	6	0	3	2538,00	463,00	3001,00	423,00	230
SEA WAVE	4	H	PUR SANG	5	0	2	2536,00	1140,00	3676,00	507,20	290
PIANA DU MAZET	3	F	PUR SANG	3	0	3	2528,00	771,00	3299,00	842,67	280
TANTATTENDU	4	H	PUR SANG	7	0	3	2527,00	630,00	3157,00	361,00	165
AL PASO	3	H	PUR SANG	7	0	5	2527,00	1893,00	4420,00	361,00	280
ALSIMRYA	6	F	PUR SANG	4	0	2	2526,00	1135,00	3661,00	631,50	260
OBJECTIVE ONE	4	F	PUR SANG	5	0	4	2520,00	1133,00	3653,00	504,00	200
NIKULYA FAL	4	F	PUR SANG	10	0	5	2518,00	1132,00	3650,00	251,80	245
JEUDIXX	3	F	PUR SANG	4	0	1	2515,00	1886,00	4401,00	628,75	435
BIRGHAM DUB	3	M	PUR SANG	1	0	1	2515,00	1886,00	4401,00	2515,00	
VALZEINA	3	F	PUR SANG	2	0	1	2515,00	0,00	2515,00	1257,50	420
THORA	3	F	PUR SANG	1	0	1	2515,00	0,00	2515,00	2515,00	400
HAAYIMM	3	H	PUR SANG	1	0	1	2515,00	0,00	2515,00	2515,00	440
UNE FRAGRANCE	4	F	PUR SANG	8	0	3	2514,00	1129,00	3643,00	314,25	175
NAALE	3	F	PUR SANG	2	0	2	2509,00	0,00	2509,00	1254,50	
MAYBE	3	F	PUR SANG	3	0	2	2496,00	1872,00	4368,00	832,00	270
NOIRA	3	H	PUR SANG	5	0	2	2496,00	1872,00	4368,00	499,20	305
SUISSE DIAMOND	2	F	PUR SANG	8	0	5	2496,00	1872,00	4368,00	312,00	570
PASTEL DE NATA	3	F	PUR SANG	3	0	2	2496,00	0,00	2496,00	832,00	290
LUCKY LOCO	2	H	PUR SANG	2	0	2	2496,00	0,00	2496,00	1248,00	
MA CHERIE AMOUR	8	F	PUR SANG	8	0	4	2482,00	1115,00	3597,00	310,25	150
CULCOR	7	H	PUR SANG	5	0	3	2481,00	0,00	2481,00	496,20	250
BOMARO	5	M	PUR SANG	2	0	2	2476,00	0,00	2476,00	1238,00	280
SWEET DAMIANA	8	F	PUR SANG	11	0	4	2474,00	1112,00	3586,00	224,91	150
FAMILY SECRET	3	F	PUR SANG	6	0	3	2468,00	1851,00	4319,00	411,33	375
CLEA CHOPE	3	F	PUR SANG	3	0	1	2466,00	1849,00	4315,00	822,00	435
LADY ZARA	2	F	PUR SANG	1	0	1	2466,00	1849,00	4315,00	2466,00	
QUEEN OF SPADES	2	F	PUR SANG	2	0	1	2466,00	1849,00	4315,00	1233,00	
JUSTICIA	2	F	PUR SANG	1	0	1	2466,00	1849,00	4315,00	2466,00	
ZENOBIE	2	F	PUR SANG	1	0	1	2466,00	1849,00	4315,00	2466,00	
OPERA DIVA	2	F	PUR SANG	2	0	1	2466,00	1849,00	4315,00	1233,00	
SOULAGE	2	H	PUR SANG	1	0	1	2466,00	1849,00	4315,00	2466,00	
CANTAVIR	2	H	PUR SANG	1	0	1	2466,00	1849,00	4315,00	2466,00	
FARFLIES	3	F	PUR SANG	3	0	1	2466,00	0,00	2466,00	822,00	375
ALPHA DE CENTAURE	2	H	PUR SANG	3	0	3	2460,00	1845,00	4305,00	820,00	
POUVOIR ROYAL	8	H	PUR SANG	4	0	3	2455,00	1103,00	3558,00	613,75	370
BALEGRIO	8	H	PUR SANG	10	0	5	2447,00	1099,00	3546,00	244,70	185
HAMURANA SPRINGST	5	H	PUR SANG	1	0	1	2432,00	1094,00	3526,00	2432,00	245
ALBERI	5	H	PUR SANG	5	0	3	2429,00	1091,00	3520,00	485,80	230
SCHWANGAU	3	H	PUR SANG	7	0	3	2425,00	0,00	2425,00	346,43	225
ROSAY BAY CEN	3	F	PUR SANG	2	0	1	2421,00	1815,00	4236,00	1210,50	350
LAST CARAT FAL	2	F	PUR SANG	2	0	2	2415,00	1810,00	4225,00	1207,50	
MEISHO ARCS	2	M	PUR SANG	2	0	2	2415,00	1810,00	4225,00	1207,50	
DEMBEE	6	H	PUR SANG	2	0	2	2407,00	0,00	2407,00	1203,50	320
EL TELENO	2	M	PUR SANG	5	0	4	2404,00	1802,00	4206,00	480,80	310
SHEARKAN	4	F	PUR SANG	6	0	2	2401,00	1080,00	3481,00	400,17	350
BEST OF	4	H	PUR SANG	7	0	3	2401,00	1080,00	3481,00	343,00	215
DIDISSANG	10	H	PUR SANG	7	0	5	2400,00	1080,00	3480,00	342,86	385
SPACER	3	H	PUR SANG	5	0	3	2400,00	0,00	2400,00	480,00	
GOOD NIGHT VASSY	3	F	PUR SANG	2	0	2	2400,00	0,00	2400,00	1200,00	
SHELLONA	2	F	PUR SANG	4	0	4	2400,00	0,00	2400,00	600,00	295
ZENAYAH	3	F	PUR SANG	5	0	3	2399,00	1798,00	4197,00	479,80	250
PRINCESSE SAPHIR	5	F	PUR SANG	5	0	2	2396,00	1078,00	3474,00	479,20	315
KARIOITAHI	9	F	PUR SANG	10	0	3	2392,00	0,00	2392,00	239,20	180
JIEPIE ET JO	2	M	PUR SANG	4	0	4	2390,00	1791,00	4181,00	597,50	310
LOVER SONG	4	H	PUR SANG	9	0	3	2389,00	1073,00	3462,00	265,44	300
ESTOKENIA	7	F	PUR SANG	4	0	2	2380,00	1071,00	3451,00	595,00	255
ZOOM	6	H	PUR SANG	2	0	2	2380,00	1070,00	3450,00	1190,00	470
PANTHERA	5	F	PUR SANG	1	0	1	2380,00	1071,00	3451,00	2380,00	440
LIBERTY LANE	6	H	PUR SANG	1	0	1	2380,00	0,00	2380,00	2380,00	
PETIT MARIN	7	H	PUR SANG	1	0	1	2380,00	0,00	2380,00	2380,00	495
LOCH PIKE	5	H	PUR SANG	1	0	1	2380,00	0,00	2380,00	2380,00	375
SPINNING LIZZIE	3	F	PUR SANG	1	0	1	2380,00	0,00	2380,00	2380,00	415
SECRET STAR	5	H	PUR SANG	2	0	2	2378,00	80,00	2458,00	1189,00	
THESIGER	4	H	PUR SANG	9	0	4	2378,00	867,00	3245,00	264,22	155
DESIR DESIR	7	H	PUR SANG	4	0	3	2375,00	1068,00	3443,00	593,75	150
SPICHOPE	4	F	PUR SANG	13	0	4	2368,00	1065,00	3433,00	182,15	150
ANGE NOIR PELEM	4	F	PUR SANG	5	0	2	2368,00	1065,00	3433,00	473,60	215
CHARLESTON DANCER	3	H	PUR SANG	7	0	2	2368,00	1776,00	4144,00	338,29	285
ROUTES	3	F	PUR SANG	6	0	2	2368,00	1776,00	4144,00	394,67	255
ARDEN MIST	3	H	PUR SANG	7	0	3	2360,00	0,00	2360,00	337,14	345
ZACHARI	2	H	PUR SANG	2	0	2	2353,00	1764,00	4117,00	1176,50	
BAILEYS ENCANTA	3	F	PUR SANG	6	0	3	2352,00	1763,00	4115,00	392,00	305
LADY STARLIGHT	3	F	PUR SANG	9	0	4	2348,00	1761,00	4109,00	260,89	220
ALFINA	4	F	PUR SANG	4	0	3	2347,00	133,00	2480,00	586,75	230
GORA ERREALA	4	F	PUR SANG	8	0	2	2347,00	1055,00	3402,00	293,38	170
GHOOD	2	H	PUR SANG	3	0	2	2346,00	1759,00	4105,00	782,00	330
TRUE STORY	3	F	PUR SANG	3	0	2	2345,00	1758,00	4103,00	781,67	315
TI ESTRELLA	4	F	PUR SANG	7	0	4	2340,00	1053,00	3393,00	334,29	460
DEVILLA	9	F	PUR SANG	3	0	2	2336,00	1050,00	3386,00	778,67	270
COKTAIL	4	H	PUR SANG	3	0	2	2334,00	1049,00	3383,00	778,00	360
ROMANELLO	8	H	PUR SANG	3	0	3	2333,00	1048,00	3381,00	777,67	370
BORN TO DEFEAT	3	H	PUR SANG	4	0	2	2328,00	1746,00	4074,00	582,00	335
MONDIALEO	4	H	PUR SANG	2	0	2	2326,00	1046,00	3372,00	1163,00	
MR GOODNIGHT	7	H	PUR SANG	10	0	4	2326,00	1046,00	3372,00	232,60	150
DA CHOPE	2	F	PUR SANG	5	0	5	2324,00	1741,00	4065,00	464,80	310
SAIF AL LEITH	3	M	PUR SANG	4	0	2	2323,00	0,00	2323,00	580,75	320
TAKE ME I'M YOURS	4	F	PUR SANG	8	0	2	2320,00	1043,00	3363,00	290,00	250
OVER THE SKY	3	M	PUR SANG	5	0	3	2314,00	1735,00	4049,00	462,80	235
TREIZE DIAMANT	4	F	PUR SANG	2	0	1	2310,00	1039,00	3349,00	1155,00	235
SOLEDAD	4	H	PUR SANG	1	0	1	2310,00	1039,00	3349,00	2310,00	430
ZVAROSHKA	6	F	PUR SANG	2	0	1	2310,00	1039,00	3349,00	1155,00	380
CALLA FONDA	4	F	PUR SANG	2	0	1	2310,00	1039,00	3349,00	1155,00	285
EXPLORAR	9	H	PUR SANG	4	0	3	2308,00	1037,00	3345,00	577,00	160
ZARKAVEL	3	F	PUR SANG	1	0	1	2304,00	1728,00	4032,00	2304,00	
GUA LIPA	3	F	PUR SANG	1	0	1	2304,00	1728,00	4032,00	2304,00	380
INSIDIA	3	F	PUR SANG	4	0	1	2304,00	1728,00	4032,00	576,00	375
HOTTOT	3	H	PUR SANG	1	0	1	2304,00	1728,00	4032,00	2304,00	410
NOCTURNE BLOU	3	F	PUR SANG	5	0	3	2304,00	1728,00	4032,00	460,80	275
ARKENSTONE	3	H	PUR SANG	4	0	3	2304,00	1728,00	4032,00	576,00	300
FILICUDI	3	M	PUR SANG	2	0	1	2304,00	0,00	2304,00	1152,00	390
EX ANIMO	3	M	PUR SANG	2	0	1	2304,00	0,00	2304,00	1152,00	
BRONTE SISTER	5	F	PUR SANG	6	0	3	2297,00	673,00	2970,00	382,83	205
BRISE DE MAI	4	F	PUR SANG	6	0	3	2297,00	133,00	2430,00	382,83	215
WINGS OF FIRE	7	H	PUR SANG	6	0	4	2296,00	1032,00	3328,00	382,67	190
DAYTON	4	H	PUR SANG	8	0	4	2293,00	0,00	2293,00	286,63	215
TIGER WHITE	3	F	PUR SANG	4	0	2	2290,00	0,00	2290,00	572,50	290
FANCY	3	F	PUR SANG	4	0	2	2288,00	1716,00	4004,00	572,00	305
DSCHINGIS AREON	3	H	PUR SANG	5	0	3	2288,00	1716,00	4004,00	457,60	240
KILOECHO	10	H	PUR SANG	3	0	2	2284,00	1027,00	3311,00	761,33	280
WASACHOP	9	H	PUR SANG	3	0	1	2282,00	1026,00	3308,00	760,67	235
JUWEL	6	H	PUR SANG	5	0	1	2282,00	1026,00	3308,00	456,40	190
WALLEM	8	H	PUR SANG	5	0	1	2282,00	0,00	2282,00	456,40	260
FOOT LOOSE	2	F	PUR SANG	2	0	1	2280,00	1710,00	3990,00	1140,00	
DEURIANNA	3	F	PUR SANG	3	0	3	2274,00	1705,00	3979,00	758,00	280
KAMRONE CHOP	3	H	PUR SANG	6	0	4	2274,00	1705,00	3979,00	379,00	240
KING LUDWIG	4	H	PUR SANG	8	0	4	2268,00	1020,00	3288,00	283,50	200
DESEO	2	F	PUR SANG	4	0	3	2264,00	0,00	2264,00	566,00	340
SI NOIR	2	M	PUR SANG	2	0	2	2263,00	1697,00	3960,00	1131,50	
SULTANE	5	F	PUR SANG	5	0	1	2262,00	1017,00	3279,00	452,40	270
BARON DE FLANDRES	5	H	PUR SANG	1	0	1	2262,00	1017,00	3279,00	2262,00	
SAMENESS	4	F	PUR SANG	2	0	1	2262,00	1017,00	3279,00	1131,00	
MYRIA DE BERCE	4	F	PUR SANG	2	0	1	2262,00	0,00	2262,00	1131,00	
SAXON QUEEN	4	F	PUR SANG	2	0	1	2262,00	1017,00	3279,00	1131,00	
DIORA STREET	6	F	PUR SANG	2	0	2	2255,00	1013,00	3268,00	1127,50	150
REGAL CHOP	2	H	PUR SANG	5	0	4	2251,00	1687,00	3938,00	450,20	305
ASPEN	7	H	PUR SANG	8	0	3	2250,00	674,00	2924,00	281,25	150
PERFECT PIC	6	F	PUR SANG	3	0	1	2250,00	0,00	2250,00	750,00	390
YOUNG MAN	9	H	PUR SANG	5	0	2	2247,00	291,00	2538,00	449,40	325
ETAPARK	3	H	PUR SANG	6	0	3	2242,00	1081,00	3323,00	373,67	225
NOTRE ANGLAISE	3	F	PUR SANG	6	0	3	2239,00	0,00	2239,00	373,17	270
WONDER BAILEYS	2	F	PUR SANG	2	0	2	2238,00	1678,00	3916,00	1119,00	
AKMANOVKHA	2	F	PUR SANG	2	0	2	2238,00	1678,00	3916,00	1119,00	
LICHTSTERN	4	H	PUR SANG	4	0	2	2233,00	0,00	2233,00	558,25	330
JAZIRA	4	F	PUR SANG	2	0	1	2223,00	1000,00	3223,00	1111,50	405
AUSPICIOUS	3	F	PUR SANG	1	0	1	2223,00	1667,00	3890,00	2223,00	370
POWERLIST	3	F	PUR SANG	2	0	1	2223,00	1667,00	3890,00	1111,50	
SAINTE MARTHE	3	F	PUR SANG	1	0	1	2223,00	1667,00	3890,00	2223,00	
GLORY KING	3	M	PUR SANG	2	0	1	2223,00	1667,00	3890,00	1111,50	
ROSE NOIR	3	F	PUR SANG	1	0	1	2223,00	1667,00	3890,00	2223,00	
NAGIKHTAAL	3	H	PUR SANG	2	0	1	2223,00	1667,00	3890,00	1111,50	
FINLANDAISE	3	F	PUR SANG	1	0	1	2223,00	1667,00	3890,00	2223,00	
SACRED SPIRIT	6	H	PUR SANG	1	0	1	2223,00	0,00	2223,00	2223,00	445
SEAYA	3	F	PUR SANG	1	0	1	2223,00	1667,00	3890,00	2223,00	
PERSIAN CENTURION	3	F	PUR SANG	1	0	1	2223,00	1667,00	3890,00	2223,00	375
ANY MOON	5	H	PUR SANG	1	0	1	2223,00	0,00	2223,00	2223,00	420
ILITHYIE	3	F	PUR SANG	1	0	1	2223,00	0,00	2223,00	2223,00	
L'ANNONCIADE	3	F	PUR SANG	6	0	2	2221,00	1664,00	3885,00	370,17	305
ISI DORA	4	F	PUR SANG	2	0	2	2217,00	133,00	2350,00	1108,50	
MILADY PRESTIGE	4	F	PUR SANG	2	0	2	2214,00	360,00	2574,00	1107,00	580
ESPOIR NONANTAIS	3	H	PUR SANG	2	0	2	2214,00	0,00	2214,00	1107,00	
PRAY UNITED	3	H	PUR SANG	4	0	3	2214,00	1660,00	3874,00	553,50	250
QUIEN SABE	6	H	PUR SANG	5	0	3	2211,00	0,00	2211,00	442,20	275
WIKENDA	5	F	PUR SANG	4	0	2	2208,00	993,00	3201,00	552,00	210
GREEN MISCHIEF	3	F	PUR SANG	2	0	2	2208,00	0,00	2208,00	1104,00	305
FEDJY ROSAY	2	F	PUR SANG	2	0	2	2205,00	1653,00	3858,00	1102,50	
GREAT LORD	4	H	PUR SANG	8	0	3	2200,00	989,00	3189,00	275,00	205
ECTOCET	3	H	PUR SANG	2	0	2	2200,00	750,00	2950,00	1100,00	
LEMSAIRBAT	5	F	PUR SANG	1	0	1	2195,00	987,00	3182,00	2195,00	445
CHRISTINE	4	F	PUR SANG	9	0	2	2194,00	986,00	3180,00	243,78	255
SENZA TE	5	F	PUR SANG	6	0	3	2190,00	985,00	3175,00	365,00	260
JACK O'BOY	9	H	PUR SANG	5	0	2	2188,00	983,00	3171,00	437,60	300
SABIRA	2	F	PUR SANG	2	0	2	2187,00	1640,00	3827,00	1093,50	
TERESA MENDOZA	5	F	PUR SANG	1	0	1	2186,00	983,00	3169,00	2186,00	215
CATALONIA	3	F	PUR SANG	2	0	1	2186,00	1638,00	3824,00	1093,00	355
SCALETTA	3	F	PUR SANG	1	0	1	2186,00	0,00	2186,00	2186,00	345
CUDILLERO	3	H	PUR SANG	1	0	1	2186,00	0,00	2186,00	2186,00	
NECTAR DES BLINS	3	H	PUR SANG	2	0	1	2184,00	1638,00	3822,00	1092,00	
WILELA	3	F	PUR SANG	1	0	1	2184,00	0,00	2184,00	2184,00	
GULISTAN	3	H	PUR SANG	1	0	1	2184,00	0,00	2184,00	2184,00	
DREAMFORFUTURE	3	F	PUR SANG	4	0	3	2182,00	1636,00	3818,00	545,50	330
HAMARS	5	H	PUR SANG	7	0	3	2175,00	505,00	2680,00	310,71	150
SEA THE AURORA	4	F	PUR SANG	2	0	2	2163,00	972,00	3135,00	1081,50	335
PROMINENT	3	M	PUR SANG	6	0	4	2161,00	0,00	2161,00	360,17	325
MISAN	3	F	PUR SANG	5	0	3	2157,00	1617,00	3774,00	431,40	290
MY BLACK LADY	7	F	PUR SANG	2	0	1	2156,00	970,00	3126,00	1078,00	330
LORENZO DE MEDICI	7	H	PUR SANG	2	0	1	2156,00	970,00	3126,00	1078,00	310
GREY TORNADO	6	M	PUR SANG	1	0	1	2156,00	970,00	3126,00	2156,00	380
AL SKA	5	F	PUR SANG	2	0	1	2156,00	970,00	3126,00	1078,00	230
EXACT	5	M	PUR SANG	3	0	1	2156,00	970,00	3126,00	718,67	300
KEREMET	4	H	PUR SANG	6	0	1	2156,00	970,00	3126,00	359,33	285
RIBSECRET	4	H	PUR SANG	1	0	1	2156,00	0,00	2156,00	2156,00	
SOHAR	3	M	PUR SANG	5	0	3	2144,00	1607,00	3751,00	428,80	300
SINGLEDON	8	H	PUR SANG	1	0	1	2142,00	0,00	2142,00	2142,00	
ULTIMO MINUTO	2	M	PUR SANG	6	0	5	2127,00	1595,00	3722,00	354,50	290
ALTXERRI	4	H	PUR SANG	9	0	3	2123,00	954,00	3077,00	235,89	180
DREAMSTAR	3	H	PUR SANG	2	0	2	2118,00	1588,00	3706,00	1059,00	
HAARICIA	6	F	PUR SANG	8	0	3	2117,00	951,00	3068,00	264,63	205
FRENCH EXPRESS	3	F	PUR SANG	2	0	2	2117,00	1587,00	3704,00	1058,50	
SWEET NEBULA	5	F	PUR SANG	3	0	3	2116,00	952,00	3068,00	705,33	195
LAVIRCA DODVILLE	7	F	PUR SANG	2	0	2	2114,00	951,00	3065,00	1057,00	265
DEEP SEA	8	F	PUR SANG	6	0	2	2113,00	950,00	3063,00	352,17	305
MARIONOR	3	H	PUR SANG	5	0	3	2113,00	1228,00	3341,00	422,60	235
BAILEN	6	H	PUR SANG	5	0	2	2113,00	0,00	2113,00	422,60	325
CEROS GOLD	4	H	PUR SANG	4	0	4	2112,00	948,00	3060,00	528,00	270
SMOLAR	3	H	PUR SANG	4	0	2	2112,00	1583,00	3695,00	528,00	250
WILD HORSES	5	H	PUR SANG	8	0	3	2105,00	946,00	3051,00	263,13	280
GIOVANNI GIORGIO	3	H	PUR SANG	2	0	2	2098,00	1573,00	3671,00	1049,00	350
LEGENDE GREY	5	F	PUR SANG	5	0	3	2097,00	538,00	2635,00	419,40	220
AZ ZEIVA	4	H	PUR SANG	3	0	2	2093,00	941,00	3034,00	697,67	295
HATEDIA FAL	3	F	PUR SANG	6	0	3	2091,00	992,00	3083,00	348,50	250
FALKENSTEIN	3	H	PUR SANG	2	0	2	2088,00	1566,00	3654,00	1044,00	
LA PRIMA	3	F	PUR SANG	4	0	3	2087,00	0,00	2087,00	521,75	285
STYLE DE WAY	6	H	PUR SANG	5	0	2	2077,00	934,00	3011,00	415,40	205
THE WHEEL	4	F	PUR SANG	8	0	2	2077,00	934,00	3011,00	259,63	215
FRANCQUEVILLE	3	H	PUR SANG	6	0	5	2070,00	1551,00	3621,00	345,00	305
BUGATTI DESJY	5	F	PUR SANG	6	0	3	2065,00	748,00	2813,00	344,17	180
SONDER EDITION	3	F	PUR SANG	4	0	2	2065,00	1548,00	3613,00	516,25	250
HAKASTE	4	H	PUR SANG	8	0	5	2063,00	926,00	2989,00	257,88	245
AKAGERA	6	F	PUR SANG	7	0	3	2062,00	926,00	2988,00	294,57	190
ACTO	4	H	PUR SANG	6	0	2	2059,00	925,00	2984,00	343,17	340
DAVICHOP	8	H	PUR SANG	8	0	3	2050,00	922,00	2972,00	256,25	560
MOOR MALPIC	5	F	PUR SANG	4	0	2	2046,00	919,00	2965,00	511,50	190
PATERNOSTER SQUARE	6	H	PUR SANG	1	0	1	2044,00	919,00	2963,00	2044,00	300
ARAMIS AL GUNAY	5	H	PUR SANG	2	0	2	2041,00	0,00	2041,00	1020,50	
LA TORNADE	6	F	PUR SANG	2	0	2	2038,00	916,00	2954,00	1019,00	270
MCLEAN HOUSE	6	H	PUR SANG	4	0	1	2036,00	916,00	2952,00	509,00	370
RUSSIPANT FAL	7	M	PUR SANG	1	0	1	2036,00	0,00	2036,00	2036,00	400
EL PEQUENIO	4	H	PUR SANG	5	0	1	2036,00	916,00	2952,00	407,20	350
SADALBARI	6	H	PUR SANG	2	0	1	2036,00	0,00	2036,00	1018,00	365
BEAUTY APPROACH	6	F	PUR SANG	2	0	1	2036,00	0,00	2036,00	1018,00	325
CRYSTAL LIGHT	4	F	PUR SANG	4	0	2	2034,00	915,00	2949,00	508,50	240
PALO SANTO	3	H	PUR SANG	2	0	2	2028,00	1521,00	3549,00	1014,00	355
CHARMYE	3	F	PUR SANG	3	0	2	2028,00	1521,00	3549,00	676,00	305
AMAZING CONTROL	5	H	PUR SANG	4	0	3	2022,00	909,00	2931,00	505,50	240
MAVERICK PREMIER	4	H	PUR SANG	8	0	3	2020,00	908,00	2928,00	252,50	200
PETERHOF	11	H	PUR SANG	4	0	1	2016,00	907,00	2923,00	504,00	190
TORTOLA	8	F	PUR SANG	2	0	1	2016,00	907,00	2923,00	1008,00	225
LE CHAT BOTTE	8	H	PUR SANG	8	0	1	2016,00	907,00	2923,00	252,00	210
BRAMANTE	7	H	PUR SANG	7	0	1	2016,00	907,00	2923,00	288,00	150
SORIANE	6	F	PUR SANG	4	0	1	2016,00	907,00	2923,00	504,00	220
MADDOX	6	H	PUR SANG	3	0	1	2016,00	907,00	2923,00	672,00	150
ALTIMUS	4	H	PUR SANG	2	0	1	2016,00	907,00	2923,00	1008,00	235
IRONWOOD	3	F	PUR SANG	3	0	1	2016,00	1512,00	3528,00	672,00	300
SO COOL	2	M	PUR SANG	2	0	1	2016,00	1512,00	3528,00	1008,00	
CERERE	2	F	PUR SANG	2	0	1	2016,00	1512,00	3528,00	1008,00	
TUNDRA	10	F	PUR SANG	5	0	1	2016,00	0,00	2016,00	403,20	175
ALYAQUT	5	F	PUR SANG	9	0	2	2009,00	903,00	2912,00	223,22	275
KUNGSLAND	5	H	PUR SANG	7	0	4	2006,00	902,00	2908,00	286,57	160
BAGOKEN	7	F	PUR SANG	5	0	3	2000,00	900,00	2900,00	400,00	340
RAYLA	4	F	PUR SANG	5	0	2	2000,00	900,00	2900,00	400,00	255
KATARAFINA	4	F	PUR SANG	2	0	2	2000,00	180,00	2180,00	1000,00	
MURMURE DE MANG	4	H	PUR SANG	3	0	2	2000,00	0,00	2000,00	666,67	
NATHAN IS BACK	3	H	PUR SANG	1	0	1	2000,00	0,00	2000,00	2000,00	
DIYAKA	3	F	PUR SANG	1	0	1	2000,00	0,00	2000,00	2000,00	
BELLA JOSEPHINE	3	F	PUR SANG	5	0	1	2000,00	1500,00	3500,00	400,00	235
ULTIME SPIRIT	3	H	PUR SANG	1	0	1	2000,00	0,00	2000,00	2000,00	
UPBEAT SPIRIT	3	F	PUR SANG	2	0	1	2000,00	1500,00	3500,00	1000,00	325
DERAWLINA FIDJIS	3	F	PUR SANG	2	0	1	2000,00	0,00	2000,00	1000,00	
WHIZASTREL	3	H	PUR SANG	4	0	2	2000,00	0,00	2000,00	500,00	
MORO NAABA	2	M	PUR SANG	7	0	4	2000,00	1500,00	3500,00	285,71	280
SANCE	3	F	PUR SANG	2	0	1	2000,00	0,00	2000,00	1000,00	
WISLAWA	3	F	PUR SANG	1	0	1	2000,00	0,00	2000,00	2000,00	
SOLEA	2	F	PUR SANG	4	0	3	1999,00	1498,00	3497,00	499,75	310
PUNCH COCO	3	H	PUR SANG	2	0	2	1990,00	292,00	2282,00	995,00	
LA GENETTE	3	F	PUR SANG	3	0	1	1989,00	1491,00	3480,00	663,00	660
NABUCCO OF MOON	3	H	PUR SANG	8	0	6	1988,00	1490,00	3478,00	248,50	205
SIR DASCH	2	M	PUR SANG	4	0	3	1982,00	1485,00	3467,00	495,50	335
IGETAKICKOUTOFYOU	3	F	PUR SANG	7	0	4	1982,00	0,00	1982,00	283,14	235
ZAMBRA	4	F	PUR SANG	5	0	2	1981,00	890,00	2871,00	396,20	275
SAINT ROMAIN	9	H	PUR SANG	6	0	2	1980,00	891,00	2871,00	330,00	555
WITH ZEST	4	F	PUR SANG	11	0	5	1980,00	888,00	2868,00	180,00	235
ZOULIKA	3	F	PUR SANG	3	0	2	1980,00	1485,00	3465,00	660,00	310
POWER PRINCE	3	M	PUR SANG	2	0	2	1980,00	0,00	1980,00	990,00	
MISTER SKETCH	5	H	PUR SANG	3	0	2	1976,00	0,00	1976,00	658,67	420
LION OF VENICE	3	M	PUR SANG	3	0	2	1976,00	0,00	1976,00	658,67	320
TAJMALY	3	H	PUR SANG	4	0	2	1975,00	1481,00	3456,00	493,75	560
ROBERTO PESTO	3	H	PUR SANG	6	0	2	1975,00	1481,00	3456,00	329,17	285
BLOOM DANCER	3	F	PUR SANG	5	0	3	1975,00	0,00	1975,00	395,00	265
LES DIGGERS	4	F	PUR SANG	10	0	2	1972,00	886,00	2858,00	197,20	250
JAMAL	4	M	PUR SANG	5	0	3	1959,00	880,00	2839,00	391,80	235
TENDERISTHENIGHT	3	F	PUR SANG	3	0	2	1950,00	0,00	1950,00	650,00	
BAILEYS HIP HOP	3	H	PUR SANG	8	0	2	1941,00	1455,00	3396,00	242,63	220
BAILEYS ILLUSION	5	F	PUR SANG	7	0	4	1934,00	869,00	2803,00	276,29	210
PURPLE DAHLIA	3	F	PUR SANG	6	0	4	1926,00	1444,00	3370,00	321,00	290
LUCKY TWENTY	3	H	PUR SANG	3	0	1	1920,00	1439,00	3359,00	640,00	610
BAILADORA	3	F	PUR SANG	1	0	1	1920,00	0,00	1920,00	1920,00	
AMAZING GIRL	3	F	PUR SANG	2	0	1	1920,00	0,00	1920,00	960,00	
SYNERGETIC	4	H	PUR SANG	5	0	1	1918,00	863,00	2781,00	383,60	250
FRANKLIN AL GUNAY	4	H	PUR SANG	2	0	1	1918,00	0,00	1918,00	959,00	320
POLIVATE	8	F	PUR SANG	6	0	3	1901,00	854,00	2755,00	316,83	185
FRA ANGELICO	3	H	PUR SANG	3	0	2	1900,00	300,00	2200,00	633,33	250
ELLI CHOP	3	M	PUR SANG	5	0	2	1900,00	300,00	2200,00	380,00	235
EYNARD	3	F	PUR SANG	4	0	1	1900,00	1425,00	3325,00	475,00	270
KEEP AWAY	9	H	PUR SANG	1	0	1	1899,00	854,00	2753,00	1899,00	275
POTE	5	H	PUR SANG	2	0	2	1898,00	853,00	2751,00	949,00	300
MON BRAVE DE BERCE	4	H	PUR SANG	3	0	2	1897,00	133,00	2030,00	632,33	
WILDSTAR	3	F	PUR SANG	4	0	2	1893,00	1419,00	3312,00	473,25	290
MALA WYSKA	4	F	PUR SANG	1	0	1	1890,00	850,00	2740,00	1890,00	425
PINK CHAMPAGNE	2	F	PUR SANG	1	0	1	1890,00	1417,00	3307,00	1890,00	
FAHRENHEIT	2	M	PUR SANG	2	0	1	1890,00	1417,00	3307,00	945,00	
CAPELINE	2	F	PUR SANG	1	0	1	1890,00	1417,00	3307,00	1890,00	
LOVE IN GLORY	2	H	PUR SANG	3	0	3	1890,00	1416,00	3306,00	630,00	320
TRUE TIME	2	M	PUR SANG	1	0	1	1890,00	1417,00	3307,00	1890,00	
GOLEM	2	M	PUR SANG	1	0	1	1890,00	1417,00	3307,00	1890,00	
HERMES DU HAUT	2	F	PUR SANG	2	0	1	1890,00	1417,00	3307,00	945,00	
DOLOROSA	2	F	PUR SANG	1	0	1	1890,00	1417,00	3307,00	1890,00	
KLEINE STER	2	F	PUR SANG	1	0	1	1890,00	1417,00	3307,00	1890,00	
HOODWINK	4	F	PUR SANG	4	0	3	1889,00	849,00	2738,00	472,25	270
HEAVEN'S STARKY	3	M	PUR SANG	9	0	3	1887,00	1415,00	3302,00	209,67	235
FIRSTCLASS	7	H	PUR SANG	3	0	1	1876,00	844,00	2720,00	625,33	190
AMICIS	6	F	PUR SANG	1	0	1	1876,00	844,00	2720,00	1876,00	190
PINCOYA	3	F	PUR SANG	5	0	3	1875,00	0,00	1875,00	375,00	245
GRAND YAKA	9	H	PUR SANG	4	0	3	1872,00	842,00	2714,00	468,00	150
HAYA SAM	3	F	PUR SANG	3	0	3	1872,00	1404,00	3276,00	624,00	310
STEEL DRUM	3	H	PUR SANG	4	0	2	1863,00	1397,00	3260,00	465,75	260
LES PRINCES	3	H	PUR SANG	7	0	4	1845,00	1382,00	3227,00	263,57	270
SAOUDIENNE	2	F	PUR SANG	5	0	3	1843,00	1382,00	3225,00	368,60	295
ROMANE LAHRA	4	F	PUR SANG	6	0	4	1837,00	353,00	2190,00	306,17	200
GIMANZOR	6	H	PUR SANG	11	0	2	1832,00	824,00	2656,00	166,55	180
VOLT	4	H	PUR SANG	6	0	3	1828,00	822,00	2650,00	304,67	170
MATANA	2	F	PUR SANG	1	0	1	1828,00	1371,00	3199,00	1828,00	
BEMARA	2	F	PUR SANG	1	0	1	1828,00	1371,00	3199,00	1828,00	
ST MORITZ	2	M	PUR SANG	1	0	1	1828,00	1371,00	3199,00	1828,00	
TRIPOLITAIN	2	M	PUR SANG	2	0	1	1828,00	0,00	1828,00	914,00	
SIXTH KING	2	M	PUR SANG	1	0	1	1828,00	0,00	1828,00	1828,00	
GREASE	6	H	PUR SANG	4	0	2	1826,00	821,00	2647,00	456,50	190
LEONA REGINA	4	F	PUR SANG	6	0	2	1826,00	214,00	2040,00	304,33	175
UNITED COLOR	3	F	PUR SANG	9	0	4	1823,00	1367,00	3190,00	202,56	250
ALTXUNEA	2	F	PUR SANG	3	0	2	1821,00	1365,00	3186,00	607,00	310
SERENA	4	F	PUR SANG	3	0	1	1818,00	818,00	2636,00	606,00	290
SOHO VICKY	10	F	PUR SANG	6	0	2	1816,00	817,00	2633,00	302,67	155
MICCOSUKEE	5	F	PUR SANG	8	0	3	1809,00	273,00	2082,00	226,13	155
TELMORION	3	H	PUR SANG	1	0	1	1809,00	1356,00	3165,00	1809,00	
AS CELESTE	3	H	PUR SANG	2	0	1	1809,00	1356,00	3165,00	904,50	
NON STOP PRECIEUX	3	H	PUR SANG	1	0	1	1809,00	1356,00	3165,00	1809,00	
TAMMANI	9	H	PUR SANG	2	0	1	1809,00	0,00	1809,00	904,50	385
KAVARI	3	H	PUR SANG	1	0	1	1809,00	1356,00	3165,00	1809,00	
GARVEY	5	M	PUR SANG	1	0	1	1809,00	0,00	1809,00	1809,00	340
WINGS OF GLORY	3	H	PUR SANG	1	0	1	1809,00	0,00	1809,00	1809,00	
DELICADA	3	F	PUR SANG	1	0	1	1809,00	0,00	1809,00	1809,00	370
CLAIREMON	3	M	PUR SANG	1	0	1	1809,00	0,00	1809,00	1809,00	
HUNTIQUE	3	F	PUR SANG	3	0	2	1808,00	1356,00	3164,00	602,67	295
FIRE UP THE JETS	3	M	PUR SANG	7	0	2	1803,00	0,00	1803,00	257,57	260
TOUZ THE CROWN	5	H	PUR SANG	2	0	1	1800,00	0,00	1800,00	900,00	535
LOUP DU PYLA	5	H	PUR SANG	3	0	1	1800,00	810,00	2610,00	600,00	190
MANNITOL DE BALME	4	H	PUR SANG	3	0	1	1800,00	0,00	1800,00	600,00	230
DEAR CAT	4	F	PUR SANG	7	0	2	1800,00	810,00	2610,00	257,14	205
NAVAMARIN	4	F	PUR SANG	7	0	2	1800,00	0,00	1800,00	257,14	160
HIGHFIELD WORLD	4	H	PUR SANG	5	0	2	1799,00	809,00	2608,00	359,80	305
ARAVACA	3	F	PUR SANG	6	0	3	1797,00	0,00	1797,00	299,50	235
GRECIAN CONQUEST	3	H	PUR SANG	4	0	2	1796,00	1347,00	3143,00	449,00	310
NOT AN ANGEL	2	F	PUR SANG	2	0	2	1781,00	1335,00	3116,00	890,50	
ROYALLY	2	F	PUR SANG	2	0	2	1781,00	0,00	1781,00	890,50	
CAPTAIN JO	6	H	PUR SANG	3	0	3	1778,00	395,00	2173,00	592,67	150
HEY RISE UP	4	F	PUR SANG	4	0	3	1778,00	440,00	2218,00	444,50	205
SPEEDY ANGEL	7	F	PUR SANG	6	0	2	1775,00	168,00	1943,00	295,83	150
WILD CITY	5	H	PUR SANG	5	0	2	1756,00	789,00	2545,00	351,20	375
ADSUM	9	F	PUR SANG	3	0	2	1750,00	180,00	1930,00	583,33	150
ANGEL DUST	8	F	PUR SANG	5	0	1	1750,00	787,00	2537,00	350,00	165
KAMINO	6	H	PUR SANG	1	0	1	1750,00	787,00	2537,00	1750,00	320
ELVIRIA	4	F	PUR SANG	1	0	1	1750,00	787,00	2537,00	1750,00	300
TRIALER	3	H	PUR SANG	5	0	2	1750,00	0,00	1750,00	350,00	545
MISS DIVA	3	F	PUR SANG	4	0	2	1748,00	1311,00	3059,00	437,00	270
CHAIN OF COMMAND	5	M	PUR SANG	6	0	3	1733,00	0,00	1733,00	288,83	355
WESTMINSTER BOBCAT	3	H	PUR SANG	5	0	2	1730,00	0,00	1730,00	346,00	280
OLAF	5	H	PUR SANG	2	0	1	1728,00	777,00	2505,00	864,00	240
HELLO LOUIS	3	M	PUR SANG	3	0	1	1728,00	1296,00	3024,00	576,00	340
CAMBER SANDS	3	F	PUR SANG	1	0	1	1728,00	1296,00	3024,00	1728,00	
WITTELSBACH	3	H	PUR SANG	2	0	1	1728,00	1296,00	3024,00	864,00	360
URBES	3	M	PUR SANG	2	0	1	1728,00	1296,00	3024,00	864,00	300
SIBARITA	3	M	PUR SANG	2	0	1	1728,00	0,00	1728,00	864,00	335
CHULAPA	3	F	PUR SANG	1	0	1	1728,00	0,00	1728,00	1728,00	
XIOMARA	5	F	PUR SANG	3	0	2	1724,00	775,00	2499,00	574,67	340
WINNER HORSE	6	H	PUR SANG	3	0	2	1723,00	55,00	1778,00	574,33	270
MIEUX QUE PAPA	4	F	PUR SANG	6	0	3	1719,00	772,00	2491,00	286,50	155
MAKILIGHT	2	F	PUR SANG	3	0	2	1717,00	1287,00	3004,00	572,33	300
CEVENNES	3	F	PUR SANG	8	0	3	1716,00	1287,00	3003,00	214,50	230
ECLIPTIC	2	H	PUR SANG	3	0	2	1716,00	1287,00	3003,00	572,00	300
CAPTAIN EAGLE	8	H	PUR SANG	6	0	4	1692,00	760,00	2452,00	282,00	225
ARKADY	3	H	PUR SANG	2	0	2	1692,00	1269,00	2961,00	846,00	
MISTER MAEL	4	H	PUR SANG	12	0	2	1689,00	759,00	2448,00	140,75	250
MOON BE STILL	3	F	PUR SANG	4	0	3	1680,00	1260,00	2940,00	420,00	300
LADY LUCKY CHARM	2	F	PUR SANG	2	0	2	1680,00	1260,00	2940,00	840,00	
GENTLE FLUIDITY	2	F	PUR SANG	4	0	1	1680,00	1260,00	2940,00	420,00	300
ADHARA	2	M	PUR SANG	3	0	2	1679,00	1258,00	2937,00	559,67	320
PERGOLOR	4	M	PUR SANG	10	0	4	1676,00	753,00	2429,00	167,60	225
KENDELYA	3	F	PUR SANG	6	0	3	1675,00	1255,00	2930,00	279,17	340
FLASH D'ARCO	3	H	PUR SANG	3	0	2	1672,00	129,00	1801,00	557,33	
KENPIC	5	H	PUR SANG	4	0	1	1666,00	749,00	2415,00	416,50	150
KENOSTORM	4	H	PUR SANG	2	0	1	1666,00	749,00	2415,00	833,00	260
TRIOMPHE DES BOIS	4	H	PUR SANG	4	0	1	1666,00	749,00	2415,00	416,50	245
MEETA	4	F	PUR SANG	2	0	1	1666,00	0,00	1666,00	833,00	
ASTRAL WAY	4	F	PUR SANG	1	0	1	1666,00	0,00	1666,00	1666,00	340
STAR ROCK	7	H	PUR SANG	6	0	2	1660,00	746,00	2406,00	276,67	355
BAILYCHKA	2	F	PUR SANG	2	0	2	1656,00	1242,00	2898,00	828,00	
SUNDAY SPEED	5	F	PUR SANG	1	0	1	1650,00	0,00	1650,00	1650,00	
BALMA	2	M	PUR SANG	3	0	1	1650,00	1237,00	2887,00	550,00	295
COLCHESTER	2	M	PUR SANG	1	0	1	1647,00	1235,00	2882,00	1647,00	
NIGHTDANCE ATTACK	2	M	PUR SANG	1	0	1	1647,00	0,00	1647,00	1647,00	
AMORE BELLA	2	F	PUR SANG	4	0	3	1640,00	1230,00	2870,00	410,00	300
STORMYGO	5	H	PUR SANG	2	0	1	1638,00	737,00	2375,00	819,00	365
ANANKE	3	F	PUR SANG	2	0	1	1638,00	1228,00	2866,00	819,00	405
UNFOLLOW	3	F	PUR SANG	4	0	3	1638,00	1228,00	2866,00	409,50	250
BYMOON	3	F	PUR SANG	3	0	2	1638,00	0,00	1638,00	546,00	310
ROCHEUX	7	H	PUR SANG	4	0	3	1632,00	733,00	2365,00	408,00	175
PATZESTEVE	6	H	PUR SANG	3	0	2	1630,00	732,00	2362,00	543,33	225
CHILLIDA	3	M	PUR SANG	4	0	3	1628,00	846,00	2474,00	407,00	260
TINY JOY	2	F	PUR SANG	3	0	3	1620,00	1215,00	2835,00	540,00	300
WHAT ELSE	5	H	PUR SANG	4	0	1	1610,00	724,00	2334,00	402,50	240
RIVER DREAM	2	M	PUR SANG	2	0	2	1610,00	1207,00	2817,00	805,00	
RENIA	3	F	PUR SANG	2	0	2	1605,00	1203,00	2808,00	802,50	
PLACE DE L'OPERA	3	F	PUR SANG	2	0	2	1605,00	0,00	1605,00	802,50	
POULORIUS	9	H	PUR SANG	2	0	1	1600,00	720,00	2320,00	800,00	285
BELLE ANSE	6	F	PUR SANG	6	0	1	1600,00	0,00	1600,00	266,67	325
PEDRO CABRAL	5	H	PUR SANG	2	0	1	1600,00	720,00	2320,00	800,00	245
LOGUIVY SAPI	5	F	PUR SANG	1	0	1	1600,00	0,00	1600,00	1600,00	
SHAHZADI	5	F	PUR SANG	6	0	1	1600,00	0,00	1600,00	266,67	180
LOLITA DE BALME	5	F	PUR SANG	1	0	1	1600,00	0,00	1600,00	1600,00	
CHATEL D'OROUX	4	F	PUR SANG	1	0	1	1600,00	0,00	1600,00	1600,00	
SANAIYA	4	F	PUR SANG	2	0	2	1600,00	0,00	1600,00	800,00	
IMPERATRICE DOROUX	3	F	PUR SANG	2	0	2	1600,00	0,00	1600,00	800,00	
HOTELPASCHER HAS	3	F	PUR SANG	1	0	1	1600,00	0,00	1600,00	1600,00	
AQUALI MELODY	3	F	PUR SANG	1	0	1	1600,00	0,00	1600,00	1600,00	
MADZALINE	3	F	PUR SANG	1	0	1	1600,00	1200,00	2800,00	1600,00	
GUJANAIS	3	H	PUR SANG	3	0	1	1600,00	1200,00	2800,00	533,33	240
ALMA FEVER	3	F	PUR SANG	4	0	1	1600,00	0,00	1600,00	400,00	
MALICE DE VEGUY	3	F	PUR SANG	2	0	2	1600,00	0,00	1600,00	800,00	
TANZANIAS	3	F	PUR SANG	1	0	1	1600,00	0,00	1600,00	1600,00	
WALIWELLS'JAC	3	F	PUR SANG	1	0	1	1600,00	0,00	1600,00	1600,00	
DIJON	3	H	PUR SANG	1	0	1	1600,00	0,00	1600,00	1600,00	
CHOEUR D'ENOCQ	3	H	PUR SANG	1	0	1	1600,00	0,00	1600,00	1600,00	
HAPPYMINI	3	F	PUR SANG	1	0	1	1600,00	0,00	1600,00	1600,00	
OBSCURE	2	F	PUR SANG	4	0	3	1600,00	1198,00	2798,00	400,00	310
JACKSON BAILEYS	2	H	PUR SANG	3	0	1	1596,00	1197,00	2793,00	532,00	320
SOFT PEACH	2	F	PUR SANG	3	0	1	1596,00	1197,00	2793,00	532,00	315
L'ENNEMI	5	H	PUR SANG	7	0	2	1593,00	716,00	2309,00	227,57	150
TROFEO	4	M	PUR SANG	3	0	2	1591,00	715,00	2306,00	530,33	290
UP AND UP	5	F	PUR SANG	2	0	2	1585,00	713,00	2298,00	792,50	245
ALPHA WONDER	4	H	PUR SANG	4	0	2	1584,00	0,00	1584,00	396,00	360
FIZZY	2	F	PUR SANG	4	0	3	1581,00	0,00	1581,00	395,25	295
BOKRA FIL MISHMISH	12	F	PUR SANG	6	0	3	1575,00	168,00	1743,00	262,50	150
DENGIE	4	F	PUR SANG	7	0	3	1571,00	706,00	2277,00	224,43	260
SAINT PHONIE	3	F	PUR SANG	6	0	2	1569,00	1176,00	2745,00	261,50	200
GOOD SPEED	4	H	PUR SANG	1	0	1	1566,00	704,00	2270,00	1566,00	315
BLOOM	3	F	PUR SANG	7	0	3	1566,00	1173,00	2739,00	223,71	260
MYRIADE MAG	4	F	PUR SANG	5	0	1	1558,00	701,00	2259,00	311,60	245
L'AIR DU TEMPS	8	H	PUR SANG	1	0	1	1557,00	700,00	2257,00	1557,00	180
RUBY IN THE ROCKS	5	F	PUR SANG	10	0	3	1542,00	693,00	2235,00	154,20	185
MAGIC STORM	3	H	PUR SANG	6	0	4	1535,00	1151,00	2686,00	255,83	275
DALIAPUR	6	H	PUR SANG	4	0	3	1532,00	0,00	1532,00	383,00	230
TANTOMILE	5	F	PUR SANG	5	0	2	1531,00	688,00	2219,00	306,20	285
MA REINE	4	F	PUR SANG	2	0	2	1528,00	687,00	2215,00	764,00	
ROYAL NINIAN	5	H	PUR SANG	6	0	3	1524,00	685,00	2209,00	254,00	165
PADDY WHITE HEART	5	F	PUR SANG	8	0	2	1507,00	677,00	2184,00	188,38	150
BLACK TIE	4	H	PUR SANG	8	0	3	1500,00	517,00	2017,00	187,50	185
CHIPITO	3	H	PUR SANG	4	0	2	1500,00	0,00	1500,00	375,00	230
PRIMA O POI	3	F	PUR SANG	2	0	1	1500,00	0,00	1500,00	750,00	
KOSLOVSKHY	3	M	PUR SANG	3	0	2	1500,00	1125,00	2625,00	500,00	570
MIMIE DE TEILLEE	3	F	PUR SANG	2	0	1	1500,00	0,00	1500,00	750,00	
NOBODY DE CHOISEL	3	H	PUR SANG	2	0	1	1500,00	0,00	1500,00	750,00	600
ANOUDEUX	3	H	PUR SANG	3	0	1	1500,00	1125,00	2625,00	500,00	280
LITTLE BROOX	2	H	PUR SANG	2	0	2	1500,00	1125,00	2625,00	750,00	
EXCAVATE	3	H	PUR SANG	1	0	1	1500,00	0,00	1500,00	1500,00	
SAHARA BEAUTY	3	F	PUR SANG	2	0	1	1500,00	0,00	1500,00	750,00	
FLY DE LA MOTTE	4	F	PUR SANG	2	0	2	1497,00	133,00	1630,00	748,50	
MAITRE D'AUTEUIL	4	H	PUR SANG	3	0	2	1497,00	133,00	1630,00	499,00	
PULCINELLO	3	H	PUR SANG	5	0	4	1497,00	1122,00	2619,00	299,40	235
JUDICIOUS GAME	7	H	PUR SANG	2	0	2	1496,00	672,00	2168,00	748,00	280
DIAMANTE	2	F	PUR SANG	3	0	3	1496,00	1121,00	2617,00	498,67	290
CREATOR	9	H	PUR SANG	4	0	2	1495,00	672,00	2167,00	373,75	300
MAZAO	3	M	PUR SANG	3	0	2	1490,00	0,00	1490,00	496,67	350
KARMINA BELLA	6	F	PUR SANG	3	0	2	1488,00	669,00	2157,00	496,00	215
EN PLEIN AIR	5	H	PUR SANG	3	0	2	1488,00	669,00	2157,00	496,00	305
LOVELYMATCH	5	F	PUR SANG	1	0	1	1485,00	668,00	2153,00	1485,00	405
ALLEZ DIDI	4	F	PUR SANG	2	0	1	1485,00	668,00	2153,00	742,50	285
BOTICELLI	4	H	PUR SANG	4	0	1	1485,00	668,00	2153,00	371,25	385
VILLANESQUE	3	F	PUR SANG	3	0	2	1480,00	1110,00	2590,00	493,33	360
RANAVALONA	3	F	PUR SANG	4	0	3	1474,00	0,00	1474,00	368,50	320
BAILEYS ROCK	4	H	PUR SANG	6	0	4	1472,00	661,00	2133,00	245,33	200
SHANCEL	4	M	PUR SANG	6	0	4	1470,00	660,00	2130,00	245,00	215
MARRAKESH TIME	3	F	PUR SANG	3	0	2	1468,00	0,00	1468,00	489,33	310
PIOLI IS ON FIRE	5	H	PUR SANG	11	0	3	1466,00	659,00	2125,00	133,27	170
ABSOLUTE	5	F	PUR SANG	4	0	3	1464,00	658,00	2122,00	366,00	295
WEST MARTIN	7	H	PUR SANG	7	0	3	1450,00	336,00	1786,00	207,14	165
SOFIA'S SPRING	3	F	PUR SANG	3	0	2	1450,00	712,00	2162,00	483,33	260
CONQUEST	3	H	PUR SANG	4	0	2	1436,00	1077,00	2513,00	359,00	300
SAID EL FNA	2	H	PUR SANG	5	0	5	1432,00	1073,00	2505,00	286,40	310
SHAMSABAD	11	H	PUR SANG	9	0	3	1428,00	642,00	2070,00	158,67	150
LIB DUBAWI	9	H	PUR SANG	1	0	1	1425,00	641,00	2066,00	1425,00	255
ZERIBA	3	F	PUR SANG	2	0	1	1425,00	1068,00	2493,00	712,50	275
AKHILLEUS	2	M	PUR SANG	2	0	2	1417,00	1062,00	2479,00	708,50	
FIRSTMAN	9	H	PUR SANG	3	0	3	1416,00	636,00	2052,00	472,00	245
NOVICE DE CIERGUES	3	H	PUR SANG	1	0	1	1414,00	0,00	1414,00	1414,00	
ME ME MYSELF AND I	3	F	PUR SANG	1	0	1	1414,00	1060,00	2474,00	1414,00	
HIDDENSEE	5	F	PUR SANG	3	0	2	1412,00	635,00	2047,00	470,67	200
MICHELLE	2	F	PUR SANG	3	0	2	1411,00	1058,00	2469,00	470,33	320
SULEIMA	3	F	PUR SANG	6	0	2	1405,00	1053,00	2458,00	234,17	220
NICOSIE ESSEF	3	F	PUR SANG	3	0	1	1404,00	1053,00	2457,00	468,00	290
NISHMAEL	3	H	PUR SANG	1	0	1	1404,00	1053,00	2457,00	1404,00	
SAKINAH	3	F	PUR SANG	1	0	1	1404,00	0,00	1404,00	1404,00	
KAISERROSE	3	F	PUR SANG	2	0	1	1404,00	0,00	1404,00	702,00	300
HAKA	4	H	PUR SANG	7	0	3	1402,00	517,00	1919,00	200,29	180
A NOS SOUVENIRS	7	H	PUR SANG	4	0	1	1400,00	0,00	1400,00	350,00	225
MAYDY DE ROMAY	4	F	PUR SANG	4	0	2	1400,00	630,00	2030,00	350,00	190
CHIARANIYA	5	F	PUR SANG	2	0	1	1392,00	626,00	2018,00	696,00	435
QUASAR	5	H	PUR SANG	3	0	1	1392,00	626,00	2018,00	464,00	435
L'HOTELLERIE	5	F	PUR SANG	2	0	1	1392,00	626,00	2018,00	696,00	390
POLKEN	3	H	PUR SANG	3	0	2	1390,00	1042,00	2432,00	463,33	
SEALISKY	2	F	PUR SANG	5	0	3	1390,00	1041,00	2431,00	278,00	305
PURPLE RAY	3	F	PUR SANG	5	0	2	1389,00	0,00	1389,00	277,80	275
WIGMORE STREET	6	H	PUR SANG	6	0	3	1387,00	0,00	1387,00	231,17	330
YOU'VE GOT SAIL	7	H	PUR SANG	6	0	1	1386,00	623,00	2009,00	231,00	240
A STOLEN KISS	6	F	PUR SANG	1	0	1	1386,00	623,00	2009,00	1386,00	225
SHAZAM	6	H	PUR SANG	1	0	1	1386,00	0,00	1386,00	1386,00	565
HENRY THE LION	6	H	PUR SANG	4	0	2	1384,00	622,00	2006,00	346,00	315
NANALA	3	F	PUR SANG	5	0	2	1376,00	1032,00	2408,00	275,20	215
AMAZORE	4	F	PUR SANG	3	0	2	1376,00	619,00	1995,00	458,67	230
AGADOR	7	M	PUR SANG	2	0	2	1372,00	616,00	1988,00	686,00	405
DOMERY	3	H	PUR SANG	4	0	3	1372,00	1029,00	2401,00	343,00	255
PAS DE VELOURS	6	F	PUR SANG	5	0	2	1369,00	615,00	1984,00	273,80	190
VATANEZ	2	M	PUR SANG	3	0	2	1365,00	1023,00	2388,00	455,00	340
TREAT ME NICE	3	M	PUR SANG	5	0	3	1365,00	1022,00	2387,00	273,00	295
CLOTH OF GOLD	3	H	PUR SANG	2	0	2	1358,00	1018,00	2376,00	679,00	620
ONE EYE JACK	4	H	PUR SANG	3	0	3	1357,00	609,00	1966,00	452,33	315
BETTER TO SMILE	3	F	PUR SANG	5	0	3	1357,00	0,00	1357,00	271,40	270
ADWAN	6	H	PUR SANG	12	0	3	1355,00	0,00	1355,00	112,92	190
HELLO SPRING	3	H	PUR SANG	7	0	3	1354,00	1015,00	2369,00	193,43	240
KILKENNY WARRIOR	3	F	PUR SANG	2	0	2	1352,00	0,00	1352,00	676,00	
SWAY WITH ME	4	F	PUR SANG	5	0	3	1351,00	607,00	1958,00	270,20	160
CLOUDBUSTING	2	M	PUR SANG	4	0	2	1351,00	1013,00	2364,00	337,75	355
ESPERANCE CHAUFOUR	5	F	PUR SANG	4	0	1	1350,00	0,00	1350,00	337,50	210
ARTUSA	4	F	PUR SANG	3	0	1	1350,00	0,00	1350,00	450,00	265
OVER DREAM	4	F	PUR SANG	1	0	1	1350,00	0,00	1350,00	1350,00	
BELLA D'ID	4	F	PUR SANG	3	0	1	1350,00	607,00	1957,00	450,00	
ROMANISSIMA	4	F	PUR SANG	5	0	1	1350,00	607,00	1957,00	270,00	175
THE PRINCE	4	H	PUR SANG	1	0	1	1350,00	0,00	1350,00	1350,00	590
LUKE SKYWALKER	4	H	PUR SANG	5	0	3	1350,00	0,00	1350,00	270,00	200
GRANDEZA	4	F	PUR SANG	2	0	2	1347,00	0,00	1347,00	673,50	225
ROYALE WELLS	6	H	PUR SANG	9	0	3	1343,00	604,00	1947,00	149,22	180
PUNICA	4	F	PUR SANG	4	0	3	1329,00	597,00	1926,00	332,25	270
SEVENTH WONDER	5	H	PUR SANG	6	0	2	1326,00	596,00	1922,00	221,00	150
HICKORY	2	H	PUR SANG	2	0	2	1325,00	993,00	2318,00	662,50	
WOOD LAND	3	H	PUR SANG	3	0	2	1323,00	992,00	2315,00	441,00	260
BLACK MAGIC WOMAN	6	F	PUR SANG	6	0	2	1320,00	234,00	1554,00	220,00	170
HORS LIMITES	4	F	PUR SANG	4	0	3	1319,00	0,00	1319,00	329,75	300
PINK PERSEVERANCE	5	F	PUR SANG	1	0	1	1314,00	591,00	1905,00	1314,00	595
T'ES CHIC	4	F	PUR SANG	5	0	1	1314,00	591,00	1905,00	262,80	235
AS A CHARM	7	H	PUR SANG	5	0	3	1311,00	589,00	1900,00	262,20	175
FANTASTICO	4	M	PUR SANG	3	0	2	1306,00	586,00	1892,00	435,33	320
TAVDA	3	F	PUR SANG	2	0	2	1306,00	0,00	1306,00	653,00	
TY ZUMS	10	H	PUR SANG	3	0	2	1300,00	585,00	1885,00	433,33	480
SEGOVIA	3	F	PUR SANG	7	0	2	1300,00	600,00	1900,00	185,71	230
ENOLA D'OLIVERIE	3	F	PUR SANG	3	0	2	1299,00	973,00	2272,00	433,00	
ESCAPE GAME	4	H	PUR SANG	3	0	2	1297,00	583,00	1880,00	432,33	320
L'IENISSEI	8	H	PUR SANG	1	0	1	1296,00	583,00	1879,00	1296,00	315
LOUISE DE BADE	5	F	PUR SANG	3	0	1	1296,00	583,00	1879,00	432,00	225
ROSA TREZY	5	F	PUR SANG	5	0	1	1296,00	583,00	1879,00	259,20	150
GALAYO	2	M	PUR SANG	4	0	1	1296,00	972,00	2268,00	324,00	300
TEXGOLD	2	H	PUR SANG	2	0	1	1296,00	972,00	2268,00	648,00	
OLYMPIC FILLY	2	F	PUR SANG	3	0	1	1296,00	972,00	2268,00	432,00	300
CHONBURI	10	F	PUR SANG	9	0	1	1296,00	0,00	1296,00	144,00	150
USNAVYGIRL	6	F	PUR SANG	2	0	1	1296,00	0,00	1296,00	648,00	155
SUPER MARCY	3	M	PUR SANG	1	0	1	1296,00	0,00	1296,00	1296,00	
FALABELLA	5	F	PUR SANG	9	0	3	1292,00	581,00	1873,00	143,56	150
HISTO CHOP	3	H	PUR SANG	2	0	2	1288,00	216,00	1504,00	644,00	280
MAPWORLD	3	H	PUR SANG	4	0	3	1282,00	961,00	2243,00	320,50	250
SKYFALL	2	F	PUR SANG	1	0	1	1280,00	960,00	2240,00	1280,00	
KINI	2	M	PUR SANG	1	0	1	1280,00	960,00	2240,00	1280,00	
DARI RIVER	5	F	PUR SANG	8	0	1	1272,00	572,00	1844,00	159,00	335
NINAO	2	F	PUR SANG	3	0	2	1265,00	948,00	2213,00	421,67	310
JEU	3	H	PUR SANG	5	0	1	1260,00	945,00	2205,00	252,00	260
DAKOVKA	5	F	PUR SANG	10	0	3	1251,00	562,00	1813,00	125,10	190
MAITRE DE BALME	4	H	PUR SANG	4	0	3	1250,00	202,00	1452,00	312,50	
LADY DES BLINS	5	F	PUR SANG	3	0	2	1249,00	80,00	1329,00	416,33	200
PAINT IT BLACK	8	H	PUR SANG	6	0	2	1248,00	561,00	1809,00	208,00	285
GENJI	3	H	PUR SANG	2	0	2	1248,00	936,00	2184,00	624,00	305
FAY	2	M	PUR SANG	2	0	1	1244,00	933,00	2177,00	622,00	
FIDJI	3	F	PUR SANG	3	0	2	1243,00	932,00	2175,00	414,33	245
MY LOVE SONG	3	F	PUR SANG	3	0	2	1241,00	0,00	1241,00	413,67	300
DELTA DAN	3	H	PUR SANG	3	0	2	1241,00	0,00	1241,00	413,67	285
BAIETA	3	F	PUR SANG	6	0	3	1239,00	928,00	2167,00	206,50	285
VALENTO	10	H	PUR SANG	7	0	2	1236,00	555,00	1791,00	176,57	150
THE WHEEL OF TIME	3	H	PUR SANG	6	0	2	1234,00	924,00	2158,00	205,67	245
PHILAU	8	H	PUR SANG	1	0	1	1233,00	554,00	1787,00	1233,00	385
WE RIDE THE WORLD	11	H	PUR SANG	5	0	1	1233,00	554,00	1787,00	246,60	345
WONDERFUL BOY	5	M	PUR SANG	1	0	1	1233,00	0,00	1233,00	1233,00	
WIXON'S MEMORY	4	F	PUR SANG	7	0	2	1228,00	552,00	1780,00	175,43	170
LAVENDER BREEZE	4	F	PUR SANG	2	0	2	1212,00	0,00	1212,00	606,00	
NORTH STAR	4	F	PUR SANG	2	0	2	1208,00	0,00	1208,00	604,00	
LES PATINS	3	F	PUR SANG	2	0	1	1206,00	904,00	2110,00	603,00	260
FELICIA STORM	4	F	PUR SANG	1	0	1	1206,00	0,00	1206,00	1206,00	255
MILORD DE BAREL	10	H	PUR SANG	4	0	2	1200,00	180,00	1380,00	300,00	170
CRYSTAL KARA	8	F	PUR SANG	5	0	2	1200,00	540,00	1740,00	240,00	400
COOBIRD	8	M	PUR SANG	3	0	1	1200,00	540,00	1740,00	400,00	610
LE SICILIEN	7	H	PUR SANG	2	0	1	1200,00	0,00	1200,00	600,00	270
PIMPRENELLE	5	F	PUR SANG	7	0	3	1200,00	359,00	1559,00	171,43	160
FORCEIGHT	5	F	PUR SANG	5	0	1	1200,00	0,00	1200,00	240,00	160
LAZARD D'ESTRUVAL	5	H	PUR SANG	1	0	1	1200,00	0,00	1200,00	1200,00	
KRISE D'HUMOUR	5	F	PUR SANG	4	0	2	1200,00	0,00	1200,00	300,00	180
MEA CULPA JACTA	4	F	PUR SANG	2	0	2	1200,00	0,00	1200,00	600,00	
MISS SAUVAGE	4	F	PUR SANG	1	0	1	1200,00	0,00	1200,00	1200,00	
PRINCESUKKA	4	H	PUR SANG	1	0	1	1200,00	0,00	1200,00	1200,00	580
DEMASKETOI	4	H	PUR SANG	1	0	1	1200,00	0,00	1200,00	1200,00	
ZAGOR	4	H	PUR SANG	3	0	1	1200,00	540,00	1740,00	400,00	370
MALYA DES LITEAUX	4	F	PUR SANG	2	0	2	1200,00	0,00	1200,00	600,00	
MISTERROMINO	4	H	PUR SANG	2	0	1	1200,00	0,00	1200,00	600,00	
GRISE D'AZUR PELEM	4	F	PUR SANG	5	0	1	1200,00	0,00	1200,00	240,00	270
HANGE DES MONTS	4	F	PUR SANG	1	0	1	1200,00	0,00	1200,00	1200,00	
GERMINAL DES BEAUX	4	H	PUR SANG	1	0	1	1200,00	0,00	1200,00	1200,00	510
SAKHALINE	4	H	PUR SANG	1	0	1	1200,00	540,00	1740,00	1200,00	350
DALIVANA	3	F	PUR SANG	1	0	1	1200,00	0,00	1200,00	1200,00	
LE BOSC	3	H	PUR SANG	4	0	1	1200,00	900,00	2100,00	300,00	245
MIX MATCH	3	H	PUR SANG	1	0	1	1200,00	0,00	1200,00	1200,00	
ECLIPSE D'AURE	3	F	PUR SANG	2	0	1	1200,00	0,00	1200,00	600,00	
LE FRELON	3	H	PUR SANG	1	0	1	1200,00	0,00	1200,00	1200,00	
SPES MILAME	3	F	PUR SANG	1	0	1	1200,00	0,00	1200,00	1200,00	
PINK CERTITUDE	3	F	PUR SANG	2	0	1	1200,00	0,00	1200,00	600,00	
MARTINI GREEN	3	F	PUR SANG	1	0	1	1200,00	0,00	1200,00	1200,00	
BLACK BILL	3	H	PUR SANG	5	0	1	1200,00	0,00	1200,00	240,00	235
LA BELLE DE BELLEM	3	F	PUR SANG	4	0	2	1200,00	900,00	2100,00	300,00	250
BOULEVARD BARBIZON	3	H	PUR SANG	1	0	1	1200,00	0,00	1200,00	1200,00	
FALA CHOP	2	H	PUR SANG	3	0	2	1200,00	900,00	2100,00	400,00	
CASTLE HOWARD	3	M	PUR SANG	1	0	1	1200,00	0,00	1200,00	1200,00	
OLE OLE	4	F	PUR SANG	2	0	2	1197,00	0,00	1197,00	598,50	
BANSKY	3	H	PUR SANG	3	0	3	1194,00	895,00	2089,00	398,00	290
RAVENA RED	3	F	PUR SANG	2	0	2	1187,00	0,00	1187,00	593,50	
STOP THE ROCK	3	H	PUR SANG	7	0	2	1182,00	0,00	1182,00	168,86	250
SUNBEAM	10	H	PUR SANG	8	0	2	1175,00	168,00	1343,00	146,88	150
VITESSE	5	F	PUR SANG	5	0	2	1175,00	527,00	1702,00	235,00	260
ACQUA ROSA	3	F	PUR SANG	3	0	2	1160,00	870,00	2030,00	386,67	250
BADEN ROCKS	9	H	PUR SANG	4	0	1	1152,00	518,00	1670,00	288,00	320
VERT ET MER	5	H	PUR SANG	2	0	1	1152,00	518,00	1670,00	576,00	250
JEANS AND JEWELLS	4	F	PUR SANG	3	0	1	1152,00	518,00	1670,00	384,00	310
SARAMO	4	H	PUR SANG	2	0	1	1152,00	518,00	1670,00	576,00	275
RAINIER	8	H	PUR SANG	7	0	2	1152,00	518,00	1670,00	164,57	150
PERSIAN HEROE	3	H	PUR SANG	6	0	4	1151,00	863,00	2014,00	191,83	255
LE TROCA	2	H	PUR SANG	3	0	2	1151,00	862,00	2013,00	383,67	320
RED TORCH	11	M	PUR SANG	1	0	1	1150,00	517,00	1667,00	1150,00	225
LOUNA BEACH	8	F	PUR SANG	5	0	2	1150,00	337,00	1487,00	230,00	150
MISS JANG	4	F	PUR SANG	5	0	2	1150,00	0,00	1150,00	230,00	500
ROMIN	4	H	PUR SANG	2	0	1	1148,00	516,00	1664,00	574,00	250
PARISA	3	F	PUR SANG	9	0	3	1147,00	859,00	2006,00	127,44	235
GAIO	2	M	PUR SANG	1	0	1	1142,00	856,00	1998,00	1142,00	
MAHASIAH	2	M	PUR SANG	1	0	1	1142,00	856,00	1998,00	1142,00	
OPEN ARMS	2	F	PUR SANG	1	0	1	1142,00	856,00	1998,00	1142,00	
MABROUKA	2	F	PUR SANG	1	0	1	1142,00	856,00	1998,00	1142,00	
ELMO PUTNEY	2	M	PUR SANG	1	0	1	1142,00	856,00	1998,00	1142,00	
PERFECT PITCH	2	M	PUR SANG	1	0	1	1142,00	856,00	1998,00	1142,00	
PEARLY WARRIOR	2	F	PUR SANG	1	0	1	1142,00	0,00	1142,00	1142,00	
SALMY	2	M	PUR SANG	1	0	1	1142,00	0,00	1142,00	1142,00	
REMIND ME TOO	2	F	PUR SANG	3	0	2	1136,00	852,00	1988,00	378,67	305
FAZAYAH	3	F	PUR SANG	4	0	3	1130,00	472,00	1602,00	282,50	245
CARMEN COLLECTED	3	F	PUR SANG	6	0	2	1127,00	845,00	1972,00	187,83	260
ONE EDITION	3	F	PUR SANG	6	0	3	1127,00	0,00	1127,00	187,83	250
LOR LAGOON	5	H	PUR SANG	7	0	3	1126,00	506,00	1632,00	160,86	245
DOWN TOWN	7	F	PUR SANG	5	0	1	1125,00	0,00	1125,00	225,00	155
WAY TO MARBELLA	5	F	PUR SANG	9	0	1	1125,00	0,00	1125,00	125,00	150
MARKEZA	3	F	PUR SANG	2	0	2	1119,00	838,00	1957,00	559,50	
JIOFYOR	3	M	PUR SANG	2	0	2	1117,00	462,00	1579,00	558,50	
CLOSE UP	4	H	PUR SANG	3	0	2	1116,00	502,00	1618,00	372,00	240
BAILEYS TOPAZE	5	F	PUR SANG	6	0	3	1114,00	499,00	1613,00	185,67	265
KISSES	3	F	PUR SANG	7	0	3	1113,00	834,00	1947,00	159,00	230
DA TEMPO DEA	4	F	PUR SANG	3	0	2	1112,00	500,00	1612,00	370,67	220
TUATAPERE	3	F	PUR SANG	5	0	3	1109,00	531,00	1640,00	221,80	240
QUEEN NZINGA	3	F	PUR SANG	3	0	3	1104,00	826,00	1930,00	368,00	320
ODONNELL'S ORCHARD	5	H	PUR SANG	4	0	3	1102,00	0,00	1102,00	275,50	350
MAXIMUS	2	M	PUR SANG	3	0	1	1100,00	825,00	1925,00	366,67	295
THE BOY CAN PLAY	2	M	PUR SANG	2	0	1	1100,00	825,00	1925,00	550,00	
OFF SPRING	2	H	PUR SANG	4	0	2	1100,00	824,00	1924,00	275,00	305
SUMAVA	3	F	PUR SANG	4	0	2	1097,00	822,00	1919,00	274,25	590
SCHERWOOD	7	H	PUR SANG	8	0	4	1096,00	492,00	1588,00	137,00	150
ALMOONTASIRA	2	F	PUR SANG	1	0	1	1096,00	822,00	1918,00	1096,00	
JALMOUD	2	M	PUR SANG	2	0	1	1096,00	822,00	1918,00	548,00	
TOUESSROK	2	M	PUR SANG	1	0	1	1096,00	822,00	1918,00	1096,00	
BUKORISHIA	2	F	PUR SANG	1	0	1	1096,00	822,00	1918,00	1096,00	
QEYNAN	2	M	PUR SANG	2	0	1	1096,00	822,00	1918,00	548,00	
CARIB SONG	2	M	PUR SANG	1	0	1	1096,00	0,00	1096,00	1096,00	
ZADOK	2	M	PUR SANG	1	0	1	1096,00	0,00	1096,00	1096,00	
NEVER ALWAYS	2	F	PUR SANG	2	0	2	1096,00	0,00	1096,00	548,00	
MAMORE	2	F	PUR SANG	2	0	1	1096,00	0,00	1096,00	548,00	
ARIZONA'S VICTORIA	2	F	PUR SANG	2	0	2	1096,00	0,00	1096,00	548,00	
HOMBRE VERTICAL	2	M	PUR SANG	1	0	1	1096,00	0,00	1096,00	1096,00	
ZARALADY	3	F	PUR SANG	9	0	2	1085,00	813,00	1898,00	120,56	240
LA BILLEBAUDE	4	F	PUR SANG	6	0	2	1084,00	487,00	1571,00	180,67	210
L'ARMENIENNE	3	F	PUR SANG	6	0	3	1084,00	813,00	1897,00	180,67	245
SENSATIONNELLE	3	F	PUR SANG	2	0	1	1080,00	810,00	1890,00	540,00	580
VOLTA CAP	2	F	PUR SANG	2	0	1	1080,00	810,00	1890,00	540,00	
MA LILI	8	F	PUR SANG	1	0	1	1071,00	481,00	1552,00	1071,00	150
VRAIMENT BIEN	6	H	PUR SANG	1	0	1	1071,00	481,00	1552,00	1071,00	
LOONA BAI	4	F	PUR SANG	2	0	1	1071,00	481,00	1552,00	535,50	
VICTORY GATSBY	4	F	PUR SANG	3	0	1	1071,00	481,00	1552,00	357,00	250
TENDER MOMENT	4	H	PUR SANG	1	0	1	1071,00	481,00	1552,00	1071,00	270
LA COMEDIENNE	4	F	PUR SANG	1	0	1	1071,00	481,00	1552,00	1071,00	
VIVID	4	H	PUR SANG	1	0	1	1071,00	481,00	1552,00	1071,00	355
FAR BEYOND	4	M	PUR SANG	4	0	2	1071,00	481,00	1552,00	267,75	300
PERIWINKLE	2	F	PUR SANG	4	0	3	1050,00	786,00	1836,00	262,50	300
AERION	10	H	PUR SANG	1	0	1	1050,00	0,00	1050,00	1050,00	250
BAUHINIA RHAPSODY	6	H	PUR SANG	8	0	2	1048,00	0,00	1048,00	131,00	305
ADEL SUN	7	F	PUR SANG	4	0	2	1040,00	468,00	1508,00	260,00	420
NOT TODAY	4	F	PUR SANG	3	0	3	1039,00	467,00	1506,00	346,33	240
MACCA	4	H	PUR SANG	4	0	1	1035,00	465,00	1500,00	258,75	190
PARC FLORAL	3	H	PUR SANG	4	0	1	1035,00	776,00	1811,00	258,75	265
AVATINE IMPACT	3	F	PUR SANG	3	0	1	1035,00	776,00	1811,00	345,00	265
XAARTA	3	F	PUR SANG	3	0	1	1035,00	776,00	1811,00	345,00	285
JURMALA	4	F	PUR SANG	6	0	2	1031,00	0,00	1031,00	171,83	265
ALLURE	4	H	PUR SANG	2	0	2	1029,00	462,00	1491,00	514,50	400
PINK FEVER	3	F	PUR SANG	6	0	4	1028,00	769,00	1797,00	171,33	235
BODYLA	2	F	PUR SANG	2	0	2	1026,00	769,00	1795,00	513,00	
RACING GREEN	4	H	PUR SANG	4	0	3	1025,00	460,00	1485,00	256,25	265
LAGER	3	H	PUR SANG	3	0	2	1024,00	768,00	1792,00	341,33	270
LIBERTY AMOUR	3	F	PUR SANG	2	0	1	1024,00	768,00	1792,00	512,00	395
JOSEFOVA	3	F	PUR SANG	1	0	1	1024,00	768,00	1792,00	1024,00	380
REAL NEWS	3	H	PUR SANG	1	0	1	1024,00	768,00	1792,00	1024,00	415
MADRAS	7	F	PUR SANG	8	0	3	1023,00	0,00	1023,00	127,88	150
NUIT CHOPE	5	F	PUR SANG	5	0	3	1020,00	459,00	1479,00	204,00	420
SQUARE DU CROISIC	3	H	PUR SANG	3	0	2	1014,00	760,00	1774,00	338,00	280
KARINATA	5	F	PUR SANG	6	0	2	1012,00	455,00	1467,00	168,67	155
DORADO	3	M	PUR SANG	2	0	2	1004,00	752,00	1756,00	502,00	380
SKIMBLESHANKS	5	H	PUR SANG	3	0	2	1001,00	450,00	1451,00	333,67	305
CLYDE DU BERLAIS	3	H	PUR SANG	1	0	1	1000,00	750,00	1750,00	1000,00	
TCHI TCHA	3	F	PUR SANG	3	0	1	1000,00	750,00	1750,00	333,33	255
ORAKLE TILE	3	H	PUR SANG	3	0	1	1000,00	750,00	1750,00	333,33	260
MADONNA DES PLACES	3	F	PUR SANG	1	0	1	1000,00	0,00	1000,00	1000,00	
ASTOVE	3	H	PUR SANG	2	0	1	1000,00	0,00	1000,00	500,00	290
AQUA ALLEGORIA	3	F	PUR SANG	2	0	1	1000,00	750,00	1750,00	500,00	540
LOVELY CHURCH	3	F	PUR SANG	1	0	1	1000,00	0,00	1000,00	1000,00	
PONDERADO	4	H	PUR SANG	2	0	1	1000,00	0,00	1000,00	500,00	395
CONFLUENT	2	H	PUR SANG	2	0	2	1000,00	749,00	1749,00	500,00	
MOONLIT ROSE	3	F	PUR SANG	2	0	1	1000,00	0,00	1000,00	500,00	
TAJMAWAN	3	H	PUR SANG	5	0	1	988,00	741,00	1729,00	197,60	275
LUCKY WOOD	3	H	PUR SANG	6	0	1	988,00	741,00	1729,00	164,67	320
DON SAINT ROCK	3	H	PUR SANG	3	0	1	988,00	741,00	1729,00	329,33	340
PARKER	3	H	PUR SANG	2	0	1	988,00	741,00	1729,00	494,00	585
HODIE MIHI	3	F	PUR SANG	4	0	1	988,00	741,00	1729,00	247,00	300
ZACK EARTH	3	M	PUR SANG	4	0	1	988,00	741,00	1729,00	247,00	305
QUELLIS	3	F	PUR SANG	3	0	1	988,00	741,00	1729,00	329,33	300
AUTENTICA	3	F	PUR SANG	1	0	1	988,00	741,00	1729,00	988,00	
NATIVE IRISH	4	H	PUR SANG	1	0	1	988,00	0,00	988,00	988,00	445
LORD LINDETH	3	H	PUR SANG	1	0	1	988,00	0,00	988,00	988,00	
TARADIF	3	H	PUR SANG	2	0	1	988,00	0,00	988,00	494,00	320
NAME LORD	4	M	PUR SANG	1	0	1	988,00	0,00	988,00	988,00	
SEA POETRY	4	F	PUR SANG	2	0	1	988,00	0,00	988,00	494,00	400
IVANOVKA	3	F	PUR SANG	3	0	2	987,00	739,00	1726,00	329,00	
LE TABOU	6	H	PUR SANG	4	0	2	987,00	443,00	1430,00	246,75	360
STILL LOVING DREAM	3	H	PUR SANG	5	0	2	985,00	738,00	1723,00	197,00	285
CALEDONIE SIM	3	F	PUR SANG	4	0	2	985,00	738,00	1723,00	246,25	270
PLACE DU TROCADERO	2	M	PUR SANG	2	0	2	982,00	735,00	1717,00	491,00	
BLANCA	3	F	PUR SANG	7	0	2	980,00	735,00	1715,00	140,00	200
BELVEDERE PALACE	4	H	PUR SANG	5	0	3	975,00	437,00	1412,00	195,00	275
INTRIGUING	3	H	PUR SANG	5	0	3	973,00	729,00	1702,00	194,60	265
ZARFAL	3	M	PUR SANG	3	0	2	973,00	729,00	1702,00	324,33	275
TIERNA ESTRELLITA	3	F	PUR SANG	3	0	2	972,00	729,00	1701,00	324,00	240
DYNAMITIC	4	M	PUR SANG	3	0	2	971,00	436,00	1407,00	323,67	345
KHENOU CHOPE	3	F	PUR SANG	8	0	3	967,00	725,00	1692,00	120,88	210
LOKI	6	H	PUR SANG	6	0	2	966,00	434,00	1400,00	161,00	170
MIRADERO	5	H	PUR SANG	4	0	3	963,00	433,00	1396,00	240,75	240
LOU MARINA	7	F	PUR SANG	3	0	2	961,00	432,00	1393,00	320,33	530
ALMERIA	4	F	PUR SANG	1	0	1	960,00	432,00	1392,00	960,00	330
FIUMICCINO	4	H	PUR SANG	3	0	1	960,00	432,00	1392,00	320,00	625
OSER ROSE	3	F	PUR SANG	3	0	2	960,00	720,00	1680,00	320,00	280
SUGAAR	3	H	PUR SANG	2	0	2	960,00	720,00	1680,00	480,00	
CARRERA	3	F	PUR SANG	3	0	2	956,00	717,00	1673,00	318,67	270
ALHUNTER	4	H	PUR SANG	1	0	1	950,00	0,00	950,00	950,00	545
PRINCE JO	5	M	PUR SANG	2	0	2	940,00	423,00	1363,00	470,00	410
LADY'ARMOR	3	F	PUR SANG	4	0	2	940,00	705,00	1645,00	235,00	285
CALOUNIYA	4	F	PUR SANG	6	0	2	939,00	422,00	1361,00	156,50	270
MARANTAO	3	M	PUR SANG	2	0	2	925,00	693,00	1618,00	462,50	
LADY DANAE	2	F	PUR SANG	7	0	3	921,00	690,00	1611,00	131,57	270
MA CHOPE	2	F	PUR SANG	4	0	2	920,00	689,00	1609,00	230,00	295
GRIS DE MYM	4	H	PUR SANG	3	0	3	918,00	412,00	1330,00	306,00	520
BIG RED SOLO	3	M	PUR SANG	5	0	2	918,00	0,00	918,00	183,60	305
BLACK SHEEP	4	M	PUR SANG	3	0	2	917,00	412,00	1329,00	305,67	260
ZABIR	6	H	PUR SANG	6	0	2	912,00	410,00	1322,00	152,00	180
RUN AROUND	3	H	PUR SANG	2	0	2	912,00	684,00	1596,00	456,00	
BELARQAM	3	H	PUR SANG	1	0	1	909,00	681,00	1590,00	909,00	
VISIONNAIRE	3	H	PUR SANG	4	0	1	909,00	681,00	1590,00	227,25	250
NESTORDELABARRIERE	3	M	PUR SANG	1	0	1	909,00	0,00	909,00	909,00	
STYLO	4	M	PUR SANG	2	0	2	907,00	0,00	907,00	453,50	
HYNNDAH	9	H	PUR SANG	3	0	2	900,00	405,00	1305,00	300,00	390
KELDOZ D HUMOUR	8	H	PUR SANG	1	0	1	900,00	0,00	900,00	900,00	460
SPRING WAY	5	F	PUR SANG	1	0	1	900,00	0,00	900,00	900,00	505
TAGANAY	5	H	PUR SANG	2	0	1	900,00	405,00	1305,00	450,00	450
JO FRANCAIS	4	H	PUR SANG	3	0	1	900,00	405,00	1305,00	300,00	245
DESIRER A LA FOLIE	2	H	PUR SANG	1	0	1	900,00	675,00	1575,00	900,00	
ZALAMERA	4	F	PUR SANG	1	0	1	900,00	0,00	900,00	900,00	
LALOU CHOPE	2	F	PUR SANG	2	0	2	899,00	674,00	1573,00	449,50	
ARWOOD	2	M	PUR SANG	3	0	2	899,00	674,00	1573,00	299,67	325
NEW LIGHT	6	H	PUR SANG	3	0	2	896,00	402,00	1298,00	298,67	290
BOMBEY	5	H	PUR SANG	3	0	2	896,00	403,00	1299,00	298,67	200
AL HABISSET	5	F	PUR SANG	3	0	2	896,00	402,00	1298,00	298,67	245
SILAHAI GIRL	5	F	PUR SANG	7	0	2	896,00	402,00	1298,00	128,00	240
TOUT SCHUSS	4	H	PUR SANG	8	0	2	895,00	234,00	1129,00	111,88	170
LADY BYRON	2	F	PUR SANG	2	0	2	890,00	667,00	1557,00	445,00	
ALF A STAR	10	F	PUR SANG	3	0	3	888,00	399,00	1287,00	296,00	150
MIDNIGHT MAGIC	3	F	PUR SANG	2	0	2	886,00	664,00	1550,00	443,00	325
STORMY NIGHT	8	F	PUR SANG	2	0	1	884,00	397,00	1281,00	442,00	235
TERRA PROXIMA	3	F	PUR SANG	3	0	1	884,00	663,00	1547,00	294,67	305
LIEBEROSE	3	F	PUR SANG	4	0	1	884,00	663,00	1547,00	221,00	275
MR WONKA	3	H	PUR SANG	3	0	1	884,00	663,00	1547,00	294,67	340
FREENESS	4	F	PUR SANG	4	0	1	884,00	397,00	1281,00	221,00	260
SECRET WOOD	4	F	PUR SANG	6	0	2	878,00	394,00	1272,00	146,33	340
IVAWAI	3	F	PUR SANG	3	0	2	872,00	654,00	1526,00	290,67	250
TXIRIMIRI	4	F	PUR SANG	2	0	1	870,00	391,00	1261,00	435,00	355
ANNIE'S SONG	4	F	PUR SANG	2	0	1	870,00	391,00	1261,00	435,00	390
GUN OF BRIXTON	4	H	PUR SANG	1	0	1	870,00	391,00	1261,00	870,00	400
PRIVATE STORY	3	F	PUR SANG	2	0	2	870,00	652,00	1522,00	435,00	275
ALMACADO GREE	11	H	PUR SANG	5	0	2	868,00	390,00	1258,00	173,60	295
CHERE ROSE	3	F	PUR SANG	4	0	1	864,00	648,00	1512,00	216,00	270
CIRCINUS	3	H	PUR SANG	4	0	2	863,00	0,00	863,00	215,75	270
HONEYBLISS	3	F	PUR SANG	2	0	2	858,00	643,00	1501,00	429,00	
ANFIELD	3	H	PUR SANG	4	0	2	858,00	643,00	1501,00	214,50	245
TELENO	3	H	PUR SANG	3	0	2	858,00	643,00	1501,00	286,00	250
IAKOVOS	3	H	PUR SANG	3	0	2	851,00	637,00	1488,00	283,67	310
SEVEN TIMER	4	F	PUR SANG	8	0	2	847,00	381,00	1228,00	105,88	160
REAL SOCIEDAD	4	F	PUR SANG	4	0	1	844,00	379,00	1223,00	211,00	285
SECRET QUEEN	3	F	PUR SANG	6	0	2	840,00	630,00	1470,00	140,00	235
PERSIA ON LINE	3	F	PUR SANG	6	0	2	840,00	630,00	1470,00	140,00	245
MESSIPONTINE	3	F	PUR SANG	1	0	1	840,00	630,00	1470,00	840,00	335
GADZART	2	M	PUR SANG	3	0	1	840,00	630,00	1470,00	280,00	300
NAQOURA	2	F	PUR SANG	1	0	1	840,00	630,00	1470,00	840,00	
MAX WIN	2	F	PUR SANG	2	0	1	840,00	630,00	1470,00	420,00	
GOLDY MAN	2	H	PUR SANG	2	0	2	840,00	629,00	1469,00	420,00	
DARSHKAN	2	M	PUR SANG	3	0	1	840,00	630,00	1470,00	280,00	330
LIZA CHOPE	2	F	PUR SANG	4	0	2	840,00	629,00	1469,00	210,00	300
DAME PHEDRE	2	F	PUR SANG	1	0	1	840,00	630,00	1470,00	840,00	
TRUE ALICE	2	F	PUR SANG	1	0	1	840,00	630,00	1470,00	840,00	
LADY ZARQA	2	F	PUR SANG	1	0	1	840,00	630,00	1470,00	840,00	
BLUE SEA	2	H	PUR SANG	2	0	2	840,00	629,00	1469,00	420,00	
SO MUCH TRAOU LAND	2	M	PUR SANG	1	0	1	840,00	630,00	1470,00	840,00	
NAKAIA	2	F	PUR SANG	2	0	1	840,00	630,00	1470,00	420,00	
SLEDGEHAMMER	2	M	PUR SANG	1	0	1	840,00	630,00	1470,00	840,00	
PARTIE ROCKET	2	F	PUR SANG	3	0	1	840,00	630,00	1470,00	280,00	310
CIRCEO	6	M	PUR SANG	1	0	1	840,00	378,00	1218,00	840,00	345
SPANISH NATION CEN	2	M	PUR SANG	2	0	1	840,00	630,00	1470,00	420,00	
FLYING AQUANGEL	5	H	PUR SANG	2	0	2	825,00	0,00	825,00	412,50	
JERICHO RIDGE	3	H	PUR SANG	3	0	3	824,00	617,00	1441,00	274,67	290
ANIOL	4	H	PUR SANG	2	0	2	823,00	369,00	1192,00	411,50	
BUSHI	2	M	PUR SANG	2	0	2	822,00	0,00	822,00	411,00	
GUNNAR ENLUND	2	H	PUR SANG	2	0	2	816,00	612,00	1428,00	408,00	
CASARES	5	H	PUR SANG	9	0	2	813,00	365,00	1178,00	90,33	295
UMINEKO	4	F	PUR SANG	2	0	1	808,00	363,00	1171,00	404,00	285
SON VIDA	5	F	PUR SANG	5	0	2	808,00	0,00	808,00	161,60	260
HOMO DEUS	8	H	PUR SANG	3	0	1	804,00	361,00	1165,00	268,00	400
PERTUISANE	3	F	PUR SANG	1	0	1	804,00	603,00	1407,00	804,00	
NORMANDONNA	3	F	PUR SANG	1	0	1	804,00	603,00	1407,00	804,00	
ACTE MANQUE	3	H	PUR SANG	1	0	1	804,00	603,00	1407,00	804,00	
ON THE DOUBLE	3	H	PUR SANG	3	0	1	804,00	603,00	1407,00	268,00	280
POLLY SHELBY	3	F	PUR SANG	2	0	1	804,00	603,00	1407,00	402,00	390
PISTOIA	3	F	PUR SANG	2	0	1	804,00	603,00	1407,00	402,00	360
WEMATCH	7	M	PUR SANG	2	0	1	800,00	0,00	800,00	400,00	305
I LOVE CHACHA	5	H	PUR SANG	3	0	2	800,00	360,00	1160,00	266,67	290
HONEY BADGER	5	H	PUR SANG	2	0	1	800,00	360,00	1160,00	400,00	285
DENHAM RISK	5	H	PUR SANG	1	0	1	800,00	0,00	800,00	800,00	
FALIWAY LAUJAC	5	H	PUR SANG	2	0	1	800,00	360,00	1160,00	400,00	
KOUMBALA	5	F	PUR SANG	3	0	1	800,00	0,00	800,00	266,67	200
CHOEUR ROYALE JEYL	5	H	PUR SANG	5	0	1	800,00	0,00	800,00	160,00	
SAXON GIRL	5	F	PUR SANG	2	0	1	800,00	360,00	1160,00	400,00	420
MAYBERIKO	4	H	PUR SANG	1	0	1	800,00	0,00	800,00	800,00	
MODUS VIVENDI	4	F	PUR SANG	2	0	1	800,00	0,00	800,00	400,00	
PASS OVER	4	H	PUR SANG	1	0	1	800,00	0,00	800,00	800,00	
BELLE VENDANGE	4	F	PUR SANG	1	0	1	800,00	0,00	800,00	800,00	550
MARSANNAY	4	H	PUR SANG	1	0	1	800,00	0,00	800,00	800,00	
DUENDECITO	4	H	PUR SANG	1	0	1	800,00	0,00	800,00	800,00	
GINO DE MAINE	4	H	PUR SANG	2	0	1	800,00	0,00	800,00	400,00	
MADELIO	4	H	PUR SANG	1	0	1	800,00	0,00	800,00	800,00	
SI CAVALLINA	4	F	PUR SANG	1	0	1	800,00	0,00	800,00	800,00	490
ILE DE RE	4	F	PUR SANG	2	0	1	800,00	360,00	1160,00	400,00	300
ECLAIR DU MONT	4	H	PUR SANG	1	0	1	800,00	0,00	800,00	800,00	
L'ODISSAY	4	F	PUR SANG	1	0	1	800,00	0,00	800,00	800,00	500
KERMANSHAH	4	H	PUR SANG	2	0	1	800,00	360,00	1160,00	400,00	240
MON ORPAILLEUSE	4	F	PUR SANG	2	0	1	800,00	0,00	800,00	400,00	235
MLLE CLARCK	4	F	PUR SANG	6	0	1	800,00	360,00	1160,00	133,33	250
AS DARLENE	4	H	PUR SANG	3	0	1	800,00	0,00	800,00	266,67	
MASTER DU MESTIVEL	4	H	PUR SANG	1	0	1	800,00	0,00	800,00	800,00	
MAMA CHIA	4	F	PUR SANG	2	0	1	800,00	0,00	800,00	400,00	
VACQUERA	3	F	PUR SANG	1	0	1	800,00	0,00	800,00	800,00	
ZILIKHA	3	F	PUR SANG	5	0	1	800,00	600,00	1400,00	160,00	250
INVINCIBLE GUARD	3	H	PUR SANG	1	0	1	800,00	0,00	800,00	800,00	610
PIA DU BUET	3	F	PUR SANG	2	0	1	800,00	0,00	800,00	400,00	
NICE DAYS	3	F	PUR SANG	4	0	2	800,00	300,00	1100,00	200,00	
OR ROSE DU GRENAT	3	F	PUR SANG	1	0	1	800,00	0,00	800,00	800,00	
LIFE AS IT COMES	3	H	PUR SANG	1	0	1	800,00	0,00	800,00	800,00	
DANCE AGAIN	3	F	PUR SANG	1	0	1	800,00	0,00	800,00	800,00	
SHAVIYANI	3	F	PUR SANG	5	0	1	800,00	0,00	800,00	160,00	
PLEYWAY	3	M	PUR SANG	1	0	1	800,00	0,00	800,00	800,00	
BEST WAY	3	F	PUR SANG	4	0	1	800,00	600,00	1400,00	200,00	250
POWER CASH	3	H	PUR SANG	2	0	1	800,00	0,00	800,00	400,00	
NARCISSE MOME	3	H	PUR SANG	2	0	1	800,00	0,00	800,00	400,00	
ZITA'S DAUGHTER	3	F	PUR SANG	1	0	1	800,00	0,00	800,00	800,00	
SANJI FAL	3	M	PUR SANG	5	0	1	800,00	600,00	1400,00	160,00	260
ALASSA	2	F	PUR SANG	1	0	1	800,00	600,00	1400,00	800,00	
SIETE MISTERIOS	7	H	PUR SANG	2	0	1	800,00	360,00	1160,00	400,00	260
SURBOUM	4	F	PUR SANG	2	0	1	800,00	0,00	800,00	400,00	285
HERMESSA	3	F	PUR SANG	1	0	1	800,00	0,00	800,00	800,00	
TIMES SPIRIT	3	F	PUR SANG	3	0	1	800,00	0,00	800,00	266,67	250
FEEDESREVES	8	F	PUR SANG	9	0	2	792,00	356,00	1148,00	88,00	150
KING FIERCE	2	H	PUR SANG	5	0	2	792,00	594,00	1386,00	158,40	295
SUPER CUTE	8	F	PUR SANG	4	0	2	792,00	356,00	1148,00	198,00	190
FALASTINI	3	H	PUR SANG	3	0	2	790,00	592,00	1382,00	263,33	290
MAYDANA	7	F	PUR SANG	5	0	2	788,00	354,00	1142,00	157,60	170
LUCK HILA	3	F	PUR SANG	5	0	2	788,00	216,00	1004,00	157,60	250
WITHOUT NEWS	3	F	PUR SANG	6	0	2	783,00	0,00	783,00	130,50	220
GAME RUN	7	H	PUR SANG	3	0	2	782,00	351,00	1133,00	260,67	400
TABATA	3	F	PUR SANG	2	0	2	781,00	585,00	1366,00	390,50	
FARDELA	2	F	PUR SANG	6	0	3	780,00	585,00	1365,00	130,00	290
CARQUEIRANNE	4	H	PUR SANG	4	0	2	775,00	168,00	943,00	193,75	165
THE GREAT HEAVEN	5	H	PUR SANG	7	0	2	773,00	347,00	1120,00	110,43	150
BEATRICE SHILLING	5	F	PUR SANG	1	0	1	773,00	0,00	773,00	773,00	
CICCINA MIA	4	F	PUR SANG	5	0	3	769,00	345,00	1114,00	153,80	220
RAPIDO	3	H	PUR SANG	4	0	2	769,00	576,00	1345,00	192,25	265
PIANO MAN	6	H	PUR SANG	2	0	1	768,00	345,00	1113,00	384,00	330
LADY COOL	4	F	PUR SANG	4	0	1	768,00	345,00	1113,00	192,00	305
RAW ENERGY	4	H	PUR SANG	1	0	1	768,00	345,00	1113,00	768,00	295
ZAPE	3	M	PUR SANG	1	0	1	768,00	576,00	1344,00	768,00	
KARLITO	3	H	PUR SANG	4	0	2	768,00	576,00	1344,00	192,00	240
TOUCH IN THE NIGHT	3	F	PUR SANG	4	0	1	768,00	576,00	1344,00	192,00	250
LOST FREQUANCIZE	3	M	PUR SANG	3	0	1	768,00	576,00	1344,00	256,00	270
IRY	3	M	PUR SANG	2	0	1	768,00	576,00	1344,00	384,00	285
I AM GORGEOUS	3	H	PUR SANG	4	0	1	768,00	576,00	1344,00	192,00	250
VALSERINE	3	F	PUR SANG	5	0	1	768,00	576,00	1344,00	153,60	265
DELTA DU HAUT	3	H	PUR SANG	1	0	1	768,00	576,00	1344,00	768,00	
PORTAL	3	M	PUR SANG	1	0	1	768,00	576,00	1344,00	768,00	330
ALBERTINE	3	F	PUR SANG	3	0	1	768,00	576,00	1344,00	256,00	
FERDY	3	H	PUR SANG	4	0	1	768,00	576,00	1344,00	192,00	260
HAREMOTION	3	F	PUR SANG	2	0	1	768,00	576,00	1344,00	384,00	
WOOD STORM	3	H	PUR SANG	3	0	2	768,00	576,00	1344,00	256,00	270
MOUNTAIN BLUES	3	H	PUR SANG	2	0	1	768,00	576,00	1344,00	384,00	330
GUARDIAN	5	H	PUR SANG	3	0	1	768,00	0,00	768,00	256,00	335
EL GADY	3	M	PUR SANG	1	0	1	768,00	0,00	768,00	768,00	
REGINA LILLIE	6	F	PUR SANG	6	0	2	767,00	344,00	1111,00	127,83	150
TWIRLING	6	F	PUR SANG	4	0	2	767,00	0,00	767,00	191,75	300
LORD OF WAR	5	H	PUR SANG	5	0	1	763,00	343,00	1106,00	152,60	370
ZITTO	3	H	PUR SANG	6	0	2	763,00	572,00	1335,00	127,17	270
LORD MIESQUE	5	H	PUR SANG	2	0	2	750,00	180,00	930,00	375,00	150
LA KARAGOOL	4	F	PUR SANG	6	0	1	750,00	0,00	750,00	125,00	165
LORETTEDESOUCHEZ	4	F	PUR SANG	2	0	1	750,00	337,00	1087,00	375,00	185
DIANA	8	F	PUR SANG	2	0	1	750,00	0,00	750,00	375,00	200
GRACIOSA	5	F	PUR SANG	4	0	2	747,00	335,00	1082,00	186,75	180
OCEAN DROP	3	F	PUR SANG	3	0	3	747,00	560,00	1307,00	249,00	260
NAJEM SHALGHODA	7	H	PUR SANG	3	0	2	745,00	0,00	745,00	248,33	180
ATLANTIC WAR	3	M	PUR SANG	2	0	2	734,00	0,00	734,00	367,00	
DINGSON	2	M	PUR SANG	1	0	1	732,00	549,00	1281,00	732,00	
VOGUE A L'AME	3	F	PUR SANG	6	0	2	730,00	547,00	1277,00	121,67	235
VALINA	7	F	PUR SANG	2	0	1	728,00	327,00	1055,00	364,00	235
SISTINE CHAPEL	3	F	PUR SANG	5	0	1	728,00	546,00	1274,00	145,60	260
LILY ANGEL	2	F	PUR SANG	3	0	1	728,00	546,00	1274,00	242,67	300
MADAM SECRETARY	4	F	PUR SANG	1	0	1	728,00	0,00	728,00	728,00	325
RASTRELLARE	4	H	PUR SANG	1	0	1	728,00	0,00	728,00	728,00	405
KARISMATIK	2	M	PUR SANG	2	0	2	726,00	544,00	1270,00	363,00	
BAGAZ	4	H	PUR SANG	4	0	3	718,00	322,00	1040,00	179,50	270
BEAU GARS	4	H	PUR SANG	5	0	2	708,00	317,00	1025,00	141,60	330
ZENYA	4	F	PUR SANG	3	0	2	701,00	135,00	836,00	233,67	220
RED THE WEST	9	H	PUR SANG	5	0	1	700,00	315,00	1015,00	140,00	150
LA CHAUME	5	F	PUR SANG	2	0	1	700,00	315,00	1015,00	350,00	160
LEX LUTHOR	9	H	PUR SANG	3	0	1	700,00	0,00	700,00	233,33	235
KATALINA	6	F	PUR SANG	1	0	1	700,00	0,00	700,00	700,00	265
MATHYRHA DU ROAN	4	F	PUR SANG	3	0	2	697,00	0,00	697,00	232,33	
GYPSY DEVIL	4	H	PUR SANG	6	0	2	697,00	133,00	830,00	116,17	160
TAKTIK FLAG	4	F	PUR SANG	6	0	2	697,00	0,00	697,00	116,17	
SABLE DU PYLA	6	H	PUR SANG	2	0	2	696,00	313,00	1009,00	348,00	215
SNOW GHOST	5	H	PUR SANG	3	0	1	696,00	313,00	1009,00	232,00	320
DENVER CHOP	6	M	PUR SANG	7	0	1	692,00	311,00	1003,00	98,86	185
RED IN SIGHT	5	F	PUR SANG	4	0	1	692,00	311,00	1003,00	173,00	230
ALPENGEIST	9	H	PUR SANG	9	0	1	692,00	311,00	1003,00	76,89	150
DEW POINT	4	H	PUR SANG	3	0	2	688,00	309,00	997,00	229,33	270
COLOSAAL	2	M	PUR SANG	2	0	1	685,00	513,00	1198,00	342,50	
NAVAJOE	2	M	PUR SANG	3	0	1	685,00	513,00	1198,00	228,33	300
SNEJINSKHA	2	F	PUR SANG	1	0	1	685,00	513,00	1198,00	685,00	
FERRA CHOPE	2	F	PUR SANG	6	0	1	685,00	513,00	1198,00	114,17	290
QUEEN OF DIAMONDS	2	F	PUR SANG	1	0	1	685,00	513,00	1198,00	685,00	
GRANDE LUCKY	2	F	PUR SANG	1	0	1	685,00	513,00	1198,00	685,00	
NOGAI KHAN	2	M	PUR SANG	2	0	1	685,00	513,00	1198,00	342,50	
ILEOLA	2	F	PUR SANG	2	0	1	685,00	513,00	1198,00	342,50	
ROUGE PERRIERS	2	F	PUR SANG	2	0	1	685,00	513,00	1198,00	342,50	
OLYMPIC BERE	2	M	PUR SANG	1	0	1	685,00	513,00	1198,00	685,00	
ALPHA LEPORIS	2	M	PUR SANG	1	0	1	685,00	513,00	1198,00	685,00	
MONT ROCHELLE	2	M	PUR SANG	2	0	1	685,00	513,00	1198,00	342,50	
RISCAL	2	F	PUR SANG	1	0	1	685,00	513,00	1198,00	685,00	
YAKAAR	2	F	PUR SANG	1	0	1	685,00	513,00	1198,00	685,00	
SAN ROQUE	2	M	PUR SANG	1	0	1	685,00	513,00	1198,00	685,00	
BARSAC	2	M	PUR SANG	2	0	1	685,00	0,00	685,00	342,50	
SELINUNTE	2	F	PUR SANG	1	0	1	685,00	0,00	685,00	685,00	
FOREIGN MINISTER	2	M	PUR SANG	2	0	1	685,00	0,00	685,00	342,50	
STRONG CROWN	2	F	PUR SANG	1	0	1	685,00	0,00	685,00	685,00	
BRAZZAVILLE	6	F	PUR SANG	1	0	1	680,00	306,00	986,00	680,00	455
FANLINE	4	F	PUR SANG	6	0	2	680,00	306,00	986,00	113,33	190
EBROSINDRA	2	M	PUR SANG	4	0	2	675,00	506,00	1181,00	168,75	305
NAOS MOON	3	F	PUR SANG	4	0	2	665,00	123,00	788,00	166,25	200
MIAMI SKY	6	F	PUR SANG	1	0	1	660,00	297,00	957,00	660,00	
BELLA VITA	4	F	PUR SANG	3	0	1	660,00	297,00	957,00	220,00	280
BRAVO BAY	4	F	PUR SANG	2	0	1	660,00	297,00	957,00	330,00	275
MASIBA	4	F	PUR SANG	1	0	1	660,00	0,00	660,00	660,00	
SATOSHI	4	H	PUR SANG	1	0	1	660,00	0,00	660,00	660,00	
SILVERO	3	M	PUR SANG	4	0	2	658,00	493,00	1151,00	164,50	260
NO LIMIT PRECIEUSE	3	F	PUR SANG	4	0	2	658,00	493,00	1151,00	164,50	315
BLESSED BIRD	4	F	PUR SANG	3	0	2	654,00	294,00	948,00	218,00	210
VITALY	4	F	PUR SANG	3	0	2	654,00	0,00	654,00	218,00	230
CITE MALESHERBES	5	F	PUR SANG	3	0	1	652,00	293,00	945,00	217,33	215
PERLI CHOPE	5	F	PUR SANG	2	0	1	652,00	293,00	945,00	326,00	300
EL TIGRE	5	H	PUR SANG	6	0	1	652,00	293,00	945,00	108,67	260
BANDALIGHT	4	F	PUR SANG	4	0	1	652,00	293,00	945,00	163,00	240
MAGNIFICENT SEVEN	4	F	PUR SANG	6	0	1	652,00	293,00	945,00	108,67	270
EL PROFESSOR	3	H	PUR SANG	5	0	1	652,00	489,00	1141,00	130,40	545
HATSLIANA	3	F	PUR SANG	4	0	1	652,00	489,00	1141,00	163,00	240
MLLE FLEURANT	3	F	PUR SANG	3	0	1	652,00	489,00	1141,00	217,33	290
DESERT RHAPSODY	5	H	PUR SANG	2	0	1	652,00	0,00	652,00	326,00	240
HONNEUR'S ORACLE	4	F	PUR SANG	4	0	2	651,00	292,00	943,00	162,75	225
ZAGARRY	3	H	PUR SANG	2	0	2	651,00	113,00	764,00	325,50	
PRINCE OF CLOUDS	5	H	PUR SANG	6	0	1	647,00	291,00	938,00	107,83	300
RIDE ON	4	M	PUR SANG	6	0	2	647,00	290,00	937,00	107,83	290
YAFTAGOLD	3	H	PUR SANG	2	0	1	640,00	480,00	1120,00	320,00	
GREGOIRE OF STARS	3	M	PUR SANG	4	0	2	640,00	480,00	1120,00	160,00	450
WADI	3	H	PUR SANG	2	0	1	640,00	0,00	640,00	320,00	390
JUPITER DES ROCS	5	H	PUR SANG	9	0	2	637,00	286,00	923,00	70,78	150
MARGARITA	2	F	PUR SANG	5	0	2	633,00	474,00	1107,00	126,60	300
FADO	4	M	PUR SANG	5	0	2	632,00	0,00	632,00	126,40	265
KANDORS	2	M	PUR SANG	3	0	2	630,00	472,00	1102,00	210,00	300
PROXIMA CENTAURI	5	H	PUR SANG	13	0	2	626,00	281,00	907,00	48,15	205
RECOLEROS	6	H	PUR SANG	10	0	1	625,00	281,00	906,00	62,50	150
BAD DESIRE	5	H	PUR SANG	4	0	1	625,00	281,00	906,00	156,25	310
ALTMORE	5	H	PUR SANG	2	0	1	625,00	281,00	906,00	312,50	
ROSAPENNA	4	H	PUR SANG	4	0	1	625,00	281,00	906,00	156,25	370
CLAIR DE LUNE	6	F	PUR SANG	7	0	2	624,00	280,00	904,00	89,14	185
KAPLYA	3	F	PUR SANG	5	0	1	624,00	468,00	1092,00	124,80	280
WELL RAIN	3	F	PUR SANG	2	0	1	624,00	468,00	1092,00	312,00	
IRISH D'AUNOU	3	H	PUR SANG	2	0	1	624,00	468,00	1092,00	312,00	
TYKA	3	F	PUR SANG	1	0	1	624,00	468,00	1092,00	624,00	305
LE VICOMTE	3	H	PUR SANG	1	0	1	624,00	468,00	1092,00	624,00	
ENDORPHIN	3	M	PUR SANG	1	0	1	624,00	0,00	624,00	624,00	
DEICHGRAF	3	H	PUR SANG	1	0	1	624,00	0,00	624,00	624,00	
SAKURASOU	3	F	PUR SANG	2	0	1	624,00	0,00	624,00	312,00	
KELISTAN	4	F	PUR SANG	2	0	2	620,00	279,00	899,00	310,00	460
ZANTARIO	11	H	PUR SANG	3	0	2	619,00	0,00	619,00	206,33	150
BONNIE MOON	4	F	PUR SANG	1	0	1	617,00	277,00	894,00	617,00	
GARDEN ANGEL	3	F	PUR SANG	2	0	1	617,00	462,00	1079,00	308,50	
ZARKYANA	3	F	PUR SANG	3	0	1	617,00	462,00	1079,00	205,67	330
GOLDNIGHT	3	F	PUR SANG	3	0	1	617,00	462,00	1079,00	205,67	340
SAIL ROCK	3	H	PUR SANG	2	0	1	617,00	462,00	1079,00	308,50	315
SURFIN SAFARI	3	F	PUR SANG	5	0	1	617,00	462,00	1079,00	123,40	260
SUGAR BROWN	3	M	PUR SANG	2	0	1	617,00	462,00	1079,00	308,50	
SOCRATES	3	H	PUR SANG	1	0	1	617,00	462,00	1079,00	617,00	
SYDNEY BOYS	3	M	PUR SANG	1	0	1	617,00	462,00	1079,00	617,00	
PRINCE SAKURA	3	M	PUR SANG	1	0	1	617,00	462,00	1079,00	617,00	
CHARMINGSTAR	2	H	PUR SANG	3	0	1	617,00	462,00	1079,00	205,67	285
AGILE	7	F	PUR SANG	2	0	1	617,00	0,00	617,00	308,50	425
PRAETORIA	3	F	PUR SANG	3	0	1	617,00	0,00	617,00	205,67	340
ASIF ALI	3	M	PUR SANG	2	0	1	617,00	0,00	617,00	308,50	310
SANPEDRO	7	H	PUR SANG	4	0	2	616,00	277,00	893,00	154,00	180
PRINCE A RIO	5	H	PUR SANG	2	0	1	616,00	277,00	893,00	308,00	310
BONJOUR CA VA	4	H	PUR SANG	6	0	1	616,00	277,00	893,00	102,67	300
HOLY WOODED	4	F	PUR SANG	3	0	1	616,00	277,00	893,00	205,33	295
BELLE LUMIERE	4	F	PUR SANG	2	0	1	616,00	277,00	893,00	308,00	260
BLACK SWAN	3	H	PUR SANG	4	0	2	616,00	461,00	1077,00	154,00	350
ALREHB	9	H	PUR SANG	1	0	1	616,00	0,00	616,00	616,00	340
ROCKET LEAGUE	2	M	PUR SANG	3	0	2	615,00	461,00	1076,00	205,00	
ZELVAGGIA	2	F	PUR SANG	2	0	2	615,00	461,00	1076,00	307,50	
RAJMAMAILLE	6	F	PUR SANG	6	0	2	607,00	272,00	879,00	101,17	280
LUNA ROCK	5	F	PUR SANG	2	0	1	600,00	270,00	870,00	300,00	300
TEEN D'AUTHIE	4	H	PUR SANG	2	0	2	600,00	0,00	600,00	300,00	
DREAM IN BROOKE	4	F	PUR SANG	1	0	1	600,00	270,00	870,00	600,00	350
LORD RAGNAR	2	M	PUR SANG	1	0	1	600,00	450,00	1050,00	600,00	
ARKANDIA	2	M	PUR SANG	2	0	1	600,00	450,00	1050,00	300,00	
ALKIB	2	M	PUR SANG	1	0	1	600,00	450,00	1050,00	600,00	
LADY OF THE CROSS	4	F	PUR SANG	4	0	2	599,00	269,00	868,00	149,75	230
PIU DREAM	5	H	PUR SANG	2	0	2	591,00	265,00	856,00	295,50	220
L'ARLEQUIN	4	H	PUR SANG	6	0	2	591,00	265,00	856,00	98,50	185
TOVABIEN	4	F	PUR SANG	7	0	2	591,00	265,00	856,00	84,43	175
LOUGHCREW	6	H	PUR SANG	4	0	2	590,00	264,00	854,00	147,50	200
SOIZIYA	6	F	PUR SANG	1	0	1	584,00	262,00	846,00	584,00	150
INDIAN STREAK	4	H	PUR SANG	5	0	1	584,00	262,00	846,00	116,80	310
PACOEUR	2	H	PUR SANG	2	0	2	584,00	437,00	1021,00	292,00	
OMARBEK	2	M	PUR SANG	2	0	1	584,00	438,00	1022,00	292,00	
AVID INTEREST	2	F	PUR SANG	1	0	1	584,00	438,00	1022,00	584,00	
SENECHALE	4	F	PUR SANG	7	0	1	584,00	262,00	846,00	83,43	200
RICHMOND	7	H	PUR SANG	6	0	2	581,00	260,00	841,00	96,83	150
BALGEES TIME	10	F	PUR SANG	2	0	1	576,00	259,00	835,00	288,00	180
JUSSIFER	9	H	PUR SANG	3	0	1	576,00	259,00	835,00	192,00	150
ROCK OF SPIRIT	7	H	PUR SANG	7	0	1	576,00	259,00	835,00	82,29	150
PENNYWELL	6	F	PUR SANG	6	0	1	576,00	259,00	835,00	96,00	150
INSPIRADO	5	H	PUR SANG	3	0	1	576,00	259,00	835,00	192,00	215
BOEZA	4	F	PUR SANG	3	0	1	576,00	259,00	835,00	192,00	235
LADELONETTE	4	F	PUR SANG	3	0	1	576,00	259,00	835,00	192,00	215
PEGASUS D'AZUR	3	H	PUR SANG	5	0	2	576,00	216,00	792,00	115,20	270
YEXIAN	2	M	PUR SANG	2	0	1	576,00	432,00	1008,00	288,00	
GO CASSIS	2	M	PUR SANG	2	0	1	576,00	432,00	1008,00	288,00	
PERLE DE LUNE	2	F	PUR SANG	3	0	1	576,00	432,00	1008,00	192,00	315
HAYA DANCER	2	H	PUR SANG	1	0	1	576,00	432,00	1008,00	576,00	
CACHOPO	3	H	PUR SANG	1	0	1	576,00	0,00	576,00	576,00	
OTHON	3	M	PUR SANG	2	0	2	575,00	431,00	1006,00	287,50	310
BHASKARI	2	F	PUR SANG	1	0	1	575,00	431,00	1006,00	575,00	
LADY IN RED	3	F	PUR SANG	3	0	2	572,00	429,00	1001,00	190,67	250
REGAL EYE	3	H	PUR SANG	2	0	2	561,00	0,00	561,00	280,50	390
ZAFES	3	M	PUR SANG	3	0	2	553,00	414,00	967,00	184,33	280
DREAM D'ARMOR	3	F	PUR SANG	2	0	1	552,00	414,00	966,00	276,00	550
MISS BEAR	3	F	PUR SANG	3	0	1	552,00	414,00	966,00	184,00	260
LA CHUNGA	3	F	PUR SANG	5	0	1	552,00	414,00	966,00	110,40	265
MAROOCHYDORE	3	H	PUR SANG	3	0	1	552,00	414,00	966,00	184,00	240
TREMBLANT	6	H	PUR SANG	2	0	1	552,00	0,00	552,00	276,00	290
DESTROYING ANGEL	4	F	PUR SANG	2	0	1	552,00	248,00	800,00	276,00	335
JERRY ELMY	7	H	PUR SANG	2	0	1	550,00	0,00	550,00	275,00	
NOUVELLE TRIXIA	4	F	PUR SANG	2	0	2	550,00	247,00	797,00	275,00	305
SEAVELY	2	H	PUR SANG	4	0	1	550,00	412,00	962,00	137,50	
CORTADO	5	H	PUR SANG	2	0	1	548,00	246,00	794,00	274,00	355
GABYLOU	4	H	PUR SANG	9	0	1	548,00	246,00	794,00	60,89	240
WOODBRIDGE	3	F	PUR SANG	6	0	2	546,00	408,00	954,00	91,00	245
BAY MOON	4	H	PUR SANG	5	0	2	541,00	242,00	783,00	108,20	190
PEGGIES REVENGE	4	F	PUR SANG	6	0	1	536,00	0,00	536,00	89,33	150
ALCALA	5	F	PUR SANG	2	0	2	528,00	237,00	765,00	264,00	225
SILAWAY	4	F	PUR SANG	2	0	1	525,00	236,00	761,00	262,50	360
RUN TO ME	3	F	PUR SANG	3	0	1	525,00	393,00	918,00	175,00	260
BAIE CHOPE	3	F	PUR SANG	5	0	1	525,00	393,00	918,00	105,00	260
OUD ILAM	2	M	PUR SANG	2	0	1	525,00	393,00	918,00	262,50	
HOCKNEY	2	H	PUR SANG	3	0	1	525,00	393,00	918,00	175,00	305
SLIDING WAY	2	M	PUR SANG	1	0	1	525,00	393,00	918,00	525,00	
GEORGETTA'S WISH	2	F	PUR SANG	1	0	1	525,00	393,00	918,00	525,00	
MIYASAKI	2	F	PUR SANG	2	0	1	525,00	393,00	918,00	262,50	
LE MINOT	2	H	PUR SANG	3	0	1	525,00	393,00	918,00	175,00	305
DRYAS	2	M	PUR SANG	1	0	1	525,00	393,00	918,00	525,00	
ZELROMY	2	F	PUR SANG	1	0	1	525,00	393,00	918,00	525,00	
WISH YOU JOY	2	H	PUR SANG	1	0	1	525,00	393,00	918,00	525,00	
MARYBAY FAL	2	F	PUR SANG	1	0	1	525,00	393,00	918,00	525,00	
YELLOW DONUTS	2	F	PUR SANG	3	0	1	525,00	393,00	918,00	175,00	330
QUESACO	2	M	PUR SANG	1	0	1	525,00	393,00	918,00	525,00	
WINNIE CEN	2	F	PUR SANG	1	0	1	525,00	393,00	918,00	525,00	
WILDCATTING	2	F	PUR SANG	1	0	1	525,00	393,00	918,00	525,00	
TWISTING RING	2	F	PUR SANG	2	0	1	525,00	0,00	525,00	262,50	
EXTRAWELL	2	F	PUR SANG	2	0	1	525,00	0,00	525,00	262,50	
BIRR CASTLE	6	H	PUR SANG	2	0	1	522,00	234,00	756,00	261,00	495
LITTLE LION	4	H	PUR SANG	3	0	1	522,00	234,00	756,00	174,00	200
WANT AND POWER	4	M	PUR SANG	1	0	1	522,00	0,00	522,00	522,00	445
STORM STAR	4	F	PUR SANG	3	0	1	512,00	230,00	742,00	170,67	275
NOSHOWLIKEAJOESHOW	6	H	PUR SANG	1	0	1	512,00	0,00	512,00	512,00	270
L'ENFANT TERRIBLE	6	H	PUR SANG	2	0	2	505,00	226,00	731,00	252,50	240
DSCHINGIS ZANDEE	4	F	PUR SANG	5	0	1	505,00	227,00	732,00	101,00	250
LORD ASCOT	4	H	PUR SANG	2	0	1	505,00	227,00	732,00	252,50	210
THORDIS	4	F	PUR SANG	1	0	1	502,00	225,00	727,00	502,00	395
VARDIF	3	H	PUR SANG	2	0	1	502,00	376,00	878,00	251,00	425
VERTICAL	3	H	PUR SANG	3	0	1	502,00	376,00	878,00	167,33	290
LALLYBROCH	3	F	PUR SANG	1	0	1	502,00	376,00	878,00	502,00	
EOWYN LOVE	3	F	PUR SANG	2	0	1	502,00	376,00	878,00	251,00	
RAGNAR DU BERLAIS	3	M	PUR SANG	1	0	1	502,00	376,00	878,00	502,00	
GAZELLE DU BRIZAIS	3	F	PUR SANG	2	0	1	502,00	376,00	878,00	251,00	
ZALO	3	H	PUR SANG	2	0	1	502,00	376,00	878,00	251,00	
FREEHEARTED	3	H	PUR SANG	2	0	1	502,00	0,00	502,00	251,00	
MOLOPO	3	H	PUR SANG	1	0	1	502,00	0,00	502,00	502,00	
ROXY BREEZE	3	F	PUR SANG	1	0	1	502,00	0,00	502,00	502,00	
GOOD TIMING	3	F	PUR SANG	3	0	1	502,00	0,00	502,00	167,33	310
ASTROFIGHT	3	H	PUR SANG	1	0	1	502,00	0,00	502,00	502,00	
THE BLACK SKY	4	H	PUR SANG	4	0	1	500,00	225,00	725,00	125,00	290
XTRALEEWAY	4	F	PUR SANG	7	0	1	500,00	225,00	725,00	71,43	185
BLUE MARTINI	4	H	PUR SANG	2	0	1	500,00	225,00	725,00	250,00	230
PAINTED EYES	3	F	PUR SANG	3	0	1	500,00	0,00	500,00	166,67	
STELLA MELODY	3	F	PUR SANG	1	0	1	500,00	375,00	875,00	500,00	
GOLIATHA	3	F	PUR SANG	1	0	1	500,00	375,00	875,00	500,00	
SWEET CHARLIE	3	F	PUR SANG	1	0	1	500,00	0,00	500,00	500,00	
STAR PERSIAN KING	3	F	PUR SANG	1	0	1	500,00	0,00	500,00	500,00	
DREAM IN PINK	3	H	PUR SANG	3	0	1	500,00	0,00	500,00	166,67	215
LADIES DAY	3	F	PUR SANG	3	0	1	500,00	0,00	500,00	166,67	270
LOVELY FILLY	3	F	PUR SANG	6	0	1	500,00	375,00	875,00	83,33	
ALLIANCE ROYALE	3	F	PUR SANG	5	0	1	500,00	375,00	875,00	100,00	275
PIANOTEUR	3	M	PUR SANG	2	0	1	500,00	0,00	500,00	250,00	310
BUBBLE TEK	3	F	PUR SANG	4	0	1	500,00	375,00	875,00	125,00	
BELLA RENATA	3	F	PUR SANG	3	0	1	500,00	0,00	500,00	166,67	
VAIANA	3	F	PUR SANG	1	0	1	500,00	375,00	875,00	500,00	
SIN CITY	4	F	PUR SANG	3	0	2	498,00	223,00	721,00	166,00	220
AWJ	4	F	PUR SANG	7	0	2	489,00	0,00	489,00	69,86	175
AMAZING GRACE	3	F	PUR SANG	4	0	2	488,00	366,00	854,00	122,00	285
ROCKABELLA	3	F	PUR SANG	4	0	2	486,00	0,00	486,00	121,50	250
ANGLESEA	5	F	PUR SANG	4	0	1	480,00	216,00	696,00	120,00	245
UNA REVELACION	4	F	PUR SANG	4	0	1	480,00	216,00	696,00	120,00	300
MELLOW YELLOW	4	H	PUR SANG	5	0	1	480,00	216,00	696,00	96,00	325
THORGALLE	4	F	PUR SANG	4	0	1	480,00	216,00	696,00	120,00	305
HAVEN LAKE CITY	3	F	PUR SANG	4	0	1	480,00	360,00	840,00	120,00	280
NEATIKAT	3	F	PUR SANG	1	0	1	480,00	360,00	840,00	480,00	550
AVENUE OF HONOUR	3	F	PUR SANG	3	0	1	480,00	360,00	840,00	160,00	275
YARDBIRD	3	H	PUR SANG	4	0	1	480,00	360,00	840,00	120,00	230
LE MARCEL	3	H	PUR SANG	4	0	1	480,00	360,00	840,00	120,00	255
BOTIKI	3	F	PUR SANG	1	0	1	480,00	360,00	840,00	480,00	
TACHELIHT	3	H	PUR SANG	3	0	1	480,00	360,00	840,00	160,00	250
WHITE NIGHT	3	F	PUR SANG	1	0	1	480,00	360,00	840,00	480,00	345
WATCHMAN	2	H	PUR SANG	1	0	1	480,00	360,00	840,00	480,00	
LADY BLACK	2	F	PUR SANG	3	0	1	480,00	360,00	840,00	160,00	300
PAJERO	2	M	PUR SANG	1	0	1	480,00	360,00	840,00	480,00	290
PLACID'OO	4	H	PUR SANG	2	0	1	480,00	0,00	480,00	240,00	265
POET DE VEGA	3	H	PUR SANG	3	0	1	480,00	0,00	480,00	160,00	255
YOU OR ME	2	F	PUR SANG	1	0	1	480,00	360,00	840,00	480,00	
GRANDE MERCI	3	F	PUR SANG	1	0	1	480,00	0,00	480,00	480,00	
EASILY CONVINCED	4	H	PUR SANG	7	0	1	480,00	0,00	480,00	68,57	200
MAZZARINO	3	F	PUR SANG	2	0	1	480,00	0,00	480,00	240,00	
BORN TO BRIGHT	3	F	PUR SANG	2	0	1	480,00	0,00	480,00	240,00	
HAPPY FAMILY	5	F	PUR SANG	1	0	1	476,00	214,00	690,00	476,00	565
ECCLOR	5	M	PUR SANG	1	0	1	476,00	214,00	690,00	476,00	230
LAKES DANCER	4	H	PUR SANG	3	0	1	476,00	214,00	690,00	158,67	280
ROXANA DU MAZET	4	F	PUR SANG	3	0	1	476,00	214,00	690,00	158,67	220
PTI LOUIS	5	H	PUR SANG	2	0	1	476,00	214,00	690,00	238,00	235
ROSE OF MONTREUX	4	F	PUR SANG	5	0	1	476,00	0,00	476,00	95,20	180
MARVELOUSA	4	F	PUR SANG	1	0	1	475,00	0,00	475,00	475,00	
RAINBOW DANCE	4	H	PUR SANG	3	0	2	475,00	213,00	688,00	158,33	555
SOFT PLACE	3	F	PUR SANG	3	0	1	475,00	0,00	475,00	158,33	
MASTER EMERY	3	H	PUR SANG	3	0	1	475,00	356,00	831,00	158,33	260
SCOFIELD	3	H	PUR SANG	1	0	1	475,00	356,00	831,00	475,00	280
LITTLE HAVANA	3	F	PUR SANG	5	0	1	475,00	356,00	831,00	95,00	220
ON THE ROCK BLOU	2	M	PUR SANG	4	0	1	466,00	349,00	815,00	116,50	300
DUBARA	2	F	PUR SANG	1	0	1	466,00	349,00	815,00	466,00	
GLORY DAYS	11	H	PUR SANG	2	0	1	460,00	207,00	667,00	230,00	165
GLACIER PEAK	8	M	PUR SANG	5	0	1	460,00	207,00	667,00	92,00	225
EVER READY	6	H	PUR SANG	3	0	1	460,00	0,00	460,00	153,33	150
PAGAN SUN	5	H	PUR SANG	4	0	1	460,00	207,00	667,00	115,00	215
MARIZONA	3	F	PUR SANG	2	0	1	460,00	345,00	805,00	230,00	
LABELLEGNAC	3	F	PUR SANG	3	0	1	460,00	345,00	805,00	153,33	230
HERVAS	3	H	PUR SANG	1	0	1	460,00	345,00	805,00	460,00	270
LE BON DOCTEUR	3	F	PUR SANG	5	0	1	460,00	0,00	460,00	92,00	270
CHELSEA MONDAY	2	M	PUR SANG	1	0	1	456,00	0,00	456,00	456,00	
MATT MACHINE	7	H	PUR SANG	3	0	1	455,00	0,00	455,00	151,67	350
SCANDALO	4	H	PUR SANG	4	0	1	455,00	0,00	455,00	113,75	370
MUDHAWI	4	F	PUR SANG	3	0	1	455,00	0,00	455,00	151,67	230
CHARISMATIC GOLD	3	F	PUR SANG	5	0	1	455,00	0,00	455,00	91,00	225
PRAIRIE MOUSE	5	F	PUR SANG	1	0	1	455,00	0,00	455,00	455,00	
LAUNAY	4	H	PUR SANG	1	0	1	450,00	202,00	652,00	450,00	
DIMANCHE SOIR	4	F	PUR SANG	6	0	1	450,00	202,00	652,00	75,00	175
ZIZANIE VAL	4	F	PUR SANG	2	0	1	450,00	0,00	450,00	225,00	
L'ASCINGER	4	H	PUR SANG	3	0	1	450,00	0,00	450,00	150,00	240
BOCCA DI LUPO	4	H	PUR SANG	1	0	1	450,00	202,00	652,00	450,00	220
SICILIAN THREAT	4	H	PUR SANG	7	0	1	450,00	202,00	652,00	64,29	175
PARSIFAL D'OMBREE	5	H	PUR SANG	8	0	2	448,00	201,00	649,00	56,00	150
TREIZE ACTIVE	3	F	PUR SANG	7	0	1	440,00	330,00	770,00	62,86	210
LAURA TREZY	7	F	PUR SANG	1	0	1	432,00	194,00	626,00	432,00	220
HAPPY TAJ	2	H	PUR SANG	1	0	1	420,00	315,00	735,00	420,00	
EKLAIRDEGENY	4	H	PUR SANG	3	0	2	418,00	187,00	605,00	139,33	290
DSCHINGIS GALILEI	4	H	PUR SANG	3	0	1	412,00	185,00	597,00	137,33	285
GOLD AND DREAM	4	F	PUR SANG	3	0	1	412,00	185,00	597,00	137,33	290
HEMEVEZ	4	H	PUR SANG	2	0	1	412,00	185,00	597,00	206,00	375
PANAY	5	F	PUR SANG	1	0	1	412,00	185,00	597,00	412,00	210
LA BELLA OTERO	4	F	PUR SANG	1	0	1	412,00	0,00	412,00	412,00	305
STARLIGHT LIPS	4	F	PUR SANG	1	0	1	412,00	0,00	412,00	412,00	
LADJA	3	F	PUR SANG	1	0	1	411,00	308,00	719,00	411,00	410
SONIC	2	M	PUR SANG	1	0	1	411,00	308,00	719,00	411,00	
BLACK ECHO TAKE	2	M	PUR SANG	2	0	1	411,00	308,00	719,00	205,50	
CYRUS THE GREAT	2	M	PUR SANG	1	0	1	411,00	308,00	719,00	411,00	
ARGENTINO MIA	2	M	PUR SANG	2	0	1	411,00	308,00	719,00	205,50	
SANSA	2	F	PUR SANG	1	0	1	411,00	308,00	719,00	411,00	
MAITRE ABSOLU	2	M	PUR SANG	1	0	1	411,00	0,00	411,00	411,00	
ALAIN ROSE	2	F	PUR SANG	1	0	1	411,00	0,00	411,00	411,00	
SHAMAS	2	M	PUR SANG	1	0	1	411,00	0,00	411,00	411,00	
DEAR AUNT LUCY	2	F	PUR SANG	1	0	1	411,00	0,00	411,00	411,00	
EGERIA	2	F	PUR SANG	1	0	1	411,00	0,00	411,00	411,00	
HADEWIN	9	H	PUR SANG	3	0	1	407,00	183,00	590,00	135,67	295
SAINT LANGIS	8	H	PUR SANG	3	0	1	407,00	183,00	590,00	135,67	230
IWANTOBREAK FREE	6	H	PUR SANG	5	0	1	407,00	183,00	590,00	81,40	210
BANSHIE	5	F	PUR SANG	2	0	1	407,00	183,00	590,00	203,50	255
ELFENN	4	F	PUR SANG	1	0	1	407,00	183,00	590,00	407,00	320
MONTE CINTO	9	H	PUR SANG	4	0	1	407,00	0,00	407,00	101,75	195
MISTER PARAMOUNT	3	H	PUR SANG	1	0	1	404,00	0,00	404,00	404,00	
NAIKO DE ROMAY	3	H	PUR SANG	1	0	1	404,00	303,00	707,00	404,00	
PLUME ADAM'S	3	F	PUR SANG	1	0	1	404,00	0,00	404,00	404,00	
ARCADIA	3	F	PUR SANG	3	0	1	404,00	0,00	404,00	134,67	
LANDSCAPE	3	H	PUR SANG	6	0	1	403,00	302,00	705,00	67,17	235
HAMAAMM	7	F	PUR SANG	2	0	1	400,00	180,00	580,00	200,00	
KING DES BLAISES	6	H	PUR SANG	2	0	1	400,00	0,00	400,00	200,00	
KOBI BAIE	6	H	PUR SANG	2	0	1	400,00	0,00	400,00	200,00	
DAYAL	5	H	PUR SANG	3	0	1	400,00	180,00	580,00	133,33	245
VIF DE BOISTRON	4	H	PUR SANG	5	0	1	400,00	180,00	580,00	80,00	235
BROWNY BLUE	4	F	PUR SANG	4	0	1	400,00	0,00	400,00	100,00	
MAHALA	4	F	PUR SANG	4	0	1	400,00	0,00	400,00	100,00	240
MOI AIMER TOI	4	H	PUR SANG	3	0	1	400,00	0,00	400,00	133,33	
CORBOYER	4	H	PUR SANG	2	0	1	400,00	0,00	400,00	200,00	520
SENS D'ASPE	4	H	PUR SANG	2	0	1	400,00	0,00	400,00	200,00	
MERLIN DU LARGE	4	H	PUR SANG	3	0	1	400,00	0,00	400,00	133,33	
PENNY DREADFUL	4	F	PUR SANG	1	0	1	400,00	0,00	400,00	400,00	
YAVENINIA	4	F	PUR SANG	3	0	1	400,00	180,00	580,00	133,33	235
MACARENA DE BRION	4	F	PUR SANG	1	0	1	400,00	0,00	400,00	400,00	
MILESIME BONNEVEAU	4	H	PUR SANG	1	0	1	400,00	0,00	400,00	400,00	
STEF LE MAGNIFIQUE	4	H	PUR SANG	4	0	1	400,00	180,00	580,00	100,00	320
CAMICA	4	F	PUR SANG	7	0	1	400,00	180,00	580,00	57,14	170
FIRST LADYKIN	4	F	PUR SANG	3	0	1	400,00	180,00	580,00	133,33	170
MISS MENJO	4	F	PUR SANG	4	0	1	400,00	0,00	400,00	100,00	200
BALBEC	4	H	PUR SANG	6	0	1	400,00	180,00	580,00	66,67	240
SHEITAN DE CHAIS	3	H	PUR SANG	1	0	1	400,00	0,00	400,00	400,00	
NEPTUNE CASSANDRE	3	H	PUR SANG	1	0	1	400,00	0,00	400,00	400,00	
MONARQUE D'ANJOU	3	H	PUR SANG	1	0	1	400,00	0,00	400,00	400,00	
MISS ST ELOI	3	F	PUR SANG	1	0	1	400,00	0,00	400,00	400,00	
BENEFACT	3	H	PUR SANG	4	0	1	400,00	0,00	400,00	100,00	245
REGIS CAMBACERES	3	H	PUR SANG	5	0	1	400,00	0,00	400,00	80,00	230
ZAKYRA	3	F	PUR SANG	1	0	1	400,00	0,00	400,00	400,00	
ELMY	3	H	PUR SANG	6	0	1	400,00	300,00	700,00	66,67	200
HOTEL NORMANDY	3	F	PUR SANG	1	0	1	400,00	0,00	400,00	400,00	
SPES ENERGICHOEUR	3	F	PUR SANG	1	0	1	400,00	0,00	400,00	400,00	
LASTEXITTOPARADISE	3	F	PUR SANG	4	0	1	400,00	300,00	700,00	100,00	230
NUMBER ONE DELAPEY	3	H	PUR SANG	1	0	1	400,00	0,00	400,00	400,00	
LYS DU NINIAN	3	H	PUR SANG	1	0	1	400,00	0,00	400,00	400,00	
BIALYSTOK	8	H	PUR SANG	4	0	1	400,00	180,00	580,00	100,00	290
VIENNA'S PRIDE	3	H	PUR SANG	3	0	1	390,00	292,00	682,00	130,00	290
PROVOCATRICE	3	F	PUR SANG	3	0	1	390,00	292,00	682,00	130,00	250
KAILALI	3	F	PUR SANG	1	0	1	390,00	292,00	682,00	390,00	
MISMARVEL FORLONGE	3	F	PUR SANG	1	0	1	390,00	292,00	682,00	390,00	
SAINT URIEL	3	M	PUR SANG	2	0	1	390,00	292,00	682,00	195,00	
PASTILLE BAM'S	3	F	PUR SANG	2	0	1	390,00	292,00	682,00	195,00	
AZALEAH	3	F	PUR SANG	1	0	1	390,00	292,00	682,00	390,00	
VELOURS	3	F	PUR SANG	1	0	1	390,00	292,00	682,00	390,00	
AIR GUN	3	M	PUR SANG	1	0	1	390,00	0,00	390,00	390,00	
LET'S DREAM	3	F	PUR SANG	1	0	1	390,00	0,00	390,00	390,00	
ANTRIM	8	M	PUR SANG	4	0	1	388,00	174,00	562,00	97,00	275
KALEONA	7	F	PUR SANG	1	0	1	388,00	174,00	562,00	388,00	285
KINGDOM	7	H	PUR SANG	1	0	1	385,00	173,00	558,00	385,00	290
BRAMANS	5	H	PUR SANG	5	0	1	385,00	173,00	558,00	77,00	305
GAULOIS GLORIEUX	4	H	PUR SANG	3	0	1	385,00	173,00	558,00	128,33	285
WOODSTONE	7	H	PUR SANG	2	0	1	385,00	0,00	385,00	192,50	245
WONDER BOY	4	H	PUR SANG	4	0	1	385,00	0,00	385,00	96,25	350
FUN ON THE BAY	3	F	PUR SANG	3	0	1	384,00	288,00	672,00	128,00	290
MISS TALVARD	3	F	PUR SANG	1	0	1	384,00	288,00	672,00	384,00	355
DODGE CITY	3	H	PUR SANG	1	0	1	384,00	288,00	672,00	384,00	
SI CA ME CHANTE	3	H	PUR SANG	3	0	1	384,00	288,00	672,00	128,00	250
LA ZARRA	3	F	PUR SANG	1	0	1	384,00	288,00	672,00	384,00	
CHILD OF VISION	3	F	PUR SANG	1	0	1	384,00	288,00	672,00	384,00	390
STERNLE	3	F	PUR SANG	5	0	1	384,00	0,00	384,00	76,80	375
HIGH HOPE	8	H	PUR SANG	1	0	1	375,00	0,00	375,00	375,00	535
LORDRECORD	7	H	PUR SANG	4	0	1	375,00	168,00	543,00	93,75	175
SUCH A DIAMOND	6	F	PUR SANG	4	0	1	375,00	168,00	543,00	93,75	150
CAROLINE BAY	5	F	PUR SANG	5	0	1	375,00	0,00	375,00	75,00	170
IVORY TRAOU LAND	5	F	PUR SANG	3	0	1	375,00	168,00	543,00	125,00	160
L AMICALEMENT	5	F	PUR SANG	1	0	1	375,00	168,00	543,00	375,00	165
CHAHINE	4	H	PUR SANG	6	0	1	375,00	168,00	543,00	62,50	150
MAHAL PICH	4	F	PUR SANG	2	0	1	375,00	168,00	543,00	187,50	165
BRIONI	5	H	PUR SANG	1	0	1	370,00	166,00	536,00	370,00	
MOONLIGHT FAIRY	5	F	PUR SANG	1	0	1	370,00	166,00	536,00	370,00	
PARISI LADY	4	F	PUR SANG	2	0	1	370,00	166,00	536,00	185,00	360
AVANT L'ORAGE	4	H	PUR SANG	3	0	1	370,00	166,00	536,00	123,33	330
MUTEKI	3	H	PUR SANG	4	0	1	370,00	277,00	647,00	92,50	285
YPSILONE	3	F	PUR SANG	3	0	1	370,00	277,00	647,00	123,33	265
LIVORNO	3	M	PUR SANG	2	0	1	370,00	277,00	647,00	185,00	
AFYON	3	H	PUR SANG	2	0	1	370,00	277,00	647,00	185,00	285
KISRAK	3	F	PUR SANG	5	0	1	370,00	277,00	647,00	74,00	280
LOCK HEART	3	H	PUR SANG	3	0	1	370,00	277,00	647,00	123,33	310
CZAJKOWSKI	3	M	PUR SANG	2	0	1	370,00	277,00	647,00	185,00	440
CHARM PLATIN	3	H	PUR SANG	8	0	1	370,00	277,00	647,00	46,25	190
INVINO VERITAS	3	H	PUR SANG	1	0	1	370,00	277,00	647,00	370,00	
MEMENTO MORI	7	H	PUR SANG	2	0	1	370,00	0,00	370,00	185,00	390
THE ANGEL KING	4	H	PUR SANG	1	0	1	370,00	166,00	536,00	370,00	420
AWICK	3	H	PUR SANG	1	0	1	370,00	277,00	647,00	370,00	
SCHWYZER	3	H	PUR SANG	2	0	1	370,00	0,00	370,00	185,00	
TOPAZE VENDOME	4	M	PUR SANG	3	0	1	365,00	164,00	529,00	121,67	240
CAMELOR	4	H	PUR SANG	3	0	1	365,00	164,00	529,00	121,67	290
INFINITY CHOP	3	H	PUR SANG	2	0	1	365,00	273,00	638,00	182,50	255
GOLDY FILLY	3	F	PUR SANG	4	0	1	365,00	273,00	638,00	91,25	250
SPORT WOOD	3	M	PUR SANG	2	0	1	365,00	273,00	638,00	182,50	340
BISOUS SINCERES	2	M	PUR SANG	4	0	1	365,00	273,00	638,00	91,25	290
SUGAR MAGNOLIA	2	F	PUR SANG	1	0	1	365,00	273,00	638,00	365,00	
BLUE STONE	2	F	PUR SANG	1	0	1	365,00	273,00	638,00	365,00	
POETESSA	3	F	PUR SANG	2	0	1	365,00	0,00	365,00	182,50	
CISKY	8	F	PUR SANG	1	0	1	360,00	162,00	522,00	360,00	255
SZAFRAN	6	H	PUR SANG	1	0	1	360,00	162,00	522,00	360,00	160
LAZULITE	5	F	PUR SANG	5	0	1	360,00	162,00	522,00	72,00	150
NUNUKA	4	F	PUR SANG	3	0	1	360,00	162,00	522,00	120,00	240
BIHOTZ BASC	3	F	PUR SANG	4	0	1	360,00	270,00	630,00	90,00	240
MERI SIVA	3	F	PUR SANG	3	0	1	360,00	270,00	630,00	120,00	250
PERFECTA	3	F	PUR SANG	2	0	1	360,00	270,00	630,00	180,00	325
PELUQUERO	2	M	PUR SANG	2	0	1	360,00	270,00	630,00	180,00	
ICETS	4	F	PUR SANG	7	0	1	360,00	162,00	522,00	51,43	180
MARCUS ATILIUS	3	M	PUR SANG	1	0	1	360,00	0,00	360,00	360,00	350
LADY ANGELINA	6	F	PUR SANG	4	0	1	350,00	157,00	507,00	87,50	170
VALWUGREEN	6	F	PUR SANG	6	0	1	350,00	157,00	507,00	58,33	150
ALGOT	5	H	PUR SANG	9	0	1	350,00	0,00	350,00	38,89	150
WAIWERA	4	F	PUR SANG	2	0	2	350,00	157,00	507,00	175,00	235
SIGMUND	6	H	PUR SANG	1	0	1	350,00	0,00	350,00	350,00	250
LA GRANDE JOA	3	F	PUR SANG	3	0	1	345,00	258,00	603,00	115,00	255
STAR MES	4	F	PUR SANG	2	0	1	342,00	153,00	495,00	171,00	
ABLOOM	4	F	PUR SANG	1	0	1	342,00	0,00	342,00	342,00	
FIVE BY FIVE	11	H	PUR SANG	4	0	1	335,00	150,00	485,00	83,75	150
ATSANA	8	F	PUR SANG	4	0	1	335,00	150,00	485,00	83,75	200
PUERTA DEL SOL	6	F	PUR SANG	1	0	1	335,00	150,00	485,00	335,00	190
ELEGANTIA	6	F	PUR SANG	1	0	1	335,00	150,00	485,00	335,00	160
CELTIC STONE HENGE	6	F	PUR SANG	3	0	1	335,00	150,00	485,00	111,67	195
TIGRE DORE	4	H	PUR SANG	5	0	1	335,00	150,00	485,00	67,00	170
ROYAUMONT	9	H	PUR SANG	4	0	1	331,00	148,00	479,00	82,75	310
ALL STORY	7	F	PUR SANG	3	0	1	331,00	148,00	479,00	110,33	240
ROSETTA STONE	7	H	PUR SANG	2	0	1	331,00	148,00	479,00	165,50	275
PLATINE	5	F	PUR SANG	2	0	1	331,00	148,00	479,00	165,50	225
POKER STAR	4	F	PUR SANG	4	0	1	331,00	148,00	479,00	82,75	260
MUHA MALPIC	3	F	PUR SANG	2	0	1	331,00	248,00	579,00	165,50	260
JENIPHILOST	3	F	PUR SANG	3	0	1	331,00	248,00	579,00	110,33	270
DONT YOU THINK	2	F	PUR SANG	4	0	1	331,00	248,00	579,00	82,75	285
LA FLANDRINE	4	F	PUR SANG	6	0	1	331,00	148,00	479,00	55,17	195
ICE CLIMBER	6	H	PUR SANG	1	0	1	331,00	0,00	331,00	331,00	255
PEYKAN	3	H	PUR SANG	1	0	1	331,00	0,00	331,00	331,00	
YOR	6	H	PUR SANG	3	0	1	320,00	144,00	464,00	106,67	230
CHUBASCO	9	H	PUR SANG	6	0	1	316,00	142,00	458,00	52,67	220
JOHN STYLE	6	H	PUR SANG	1	0	1	316,00	142,00	458,00	316,00	250
AMAZONE ISLAND	5	F	PUR SANG	6	0	1	316,00	142,00	458,00	52,67	250
STEALL PLETUDE	5	H	PUR SANG	5	0	1	316,00	142,00	458,00	63,20	255
JENILAT BRIGHT	4	H	PUR SANG	6	0	1	316,00	142,00	458,00	52,67	345
HORDEARII	3	H	PUR SANG	7	0	1	315,00	236,00	551,00	45,00	220
FARES	3	H	PUR SANG	3	0	1	315,00	236,00	551,00	105,00	275
ALTA GRACIAS	2	F	PUR SANG	2	0	1	315,00	236,00	551,00	157,50	
PRINCE D'AZUR	2	M	PUR SANG	2	0	1	315,00	236,00	551,00	157,50	
ADVISOR	2	M	PUR SANG	2	0	1	315,00	236,00	551,00	157,50	
HELIUNA	2	F	PUR SANG	1	0	1	315,00	236,00	551,00	315,00	
UKIYO	2	F	PUR SANG	1	0	1	315,00	236,00	551,00	315,00	
L'ESPAGNOL	2	H	PUR SANG	2	0	1	315,00	236,00	551,00	157,50	
OLLA	2	H	PUR SANG	2	0	1	315,00	236,00	551,00	157,50	
BLUE ANGEL	2	F	PUR SANG	2	0	1	315,00	236,00	551,00	157,50	
FONTANA DI TREVI	2	F	PUR SANG	2	0	1	315,00	236,00	551,00	157,50	
OUNHA	2	F	PUR SANG	1	0	1	315,00	236,00	551,00	315,00	
FINACRA FAL	2	F	PUR SANG	2	0	1	315,00	236,00	551,00	157,50	
SPIRIT OF ERIN	2	F	PUR SANG	1	0	1	315,00	236,00	551,00	315,00	
NOUVELLE ZELANDE	2	M	PUR SANG	1	0	1	315,00	236,00	551,00	315,00	
RIMANOVKHA	2	F	PUR SANG	2	0	1	315,00	236,00	551,00	157,50	
EXPRESSORA	2	F	PUR SANG	1	0	1	315,00	236,00	551,00	315,00	
BRAE ROY	2	M	PUR SANG	1	0	1	315,00	0,00	315,00	315,00	
WOLKE SIEBEN	4	F	PUR SANG	4	0	1	312,00	140,00	452,00	78,00	245
MYTHICONOR	6	H	PUR SANG	2	0	1	312,00	140,00	452,00	156,00	240
GRACIA	4	F	PUR SANG	5	0	1	312,00	0,00	312,00	62,40	255
KADRANE	6	F	PUR SANG	5	0	1	310,00	139,00	449,00	62,00	390
VASIWOOD PARIS	3	H	PUR SANG	1	0	1	310,00	232,00	542,00	310,00	
REACH THE STARS	4	H	PUR SANG	2	0	1	303,00	136,00	439,00	151,50	220
STYLE DE MIMI	4	H	PUR SANG	4	0	1	303,00	136,00	439,00	75,75	190
MAYUMI	4	F	PUR SANG	4	0	1	303,00	136,00	439,00	75,75	210
INTER POL	4	H	PUR SANG	6	0	1	303,00	136,00	439,00	50,50	150
THE GREY FEJAA	3	F	PUR SANG	2	0	2	302,00	0,00	302,00	151,00	
LIKE MAGIC	7	H	PUR SANG	1	0	1	301,00	135,00	436,00	301,00	300
ROMANCE CERTAINE	4	F	PUR SANG	2	0	1	301,00	135,00	436,00	150,50	375
BORNTORUN	3	F	PUR SANG	3	0	1	301,00	225,00	526,00	100,33	250
MARTINVAST	3	H	PUR SANG	2	0	1	301,00	225,00	526,00	150,50	
NEPTUNE DU HUTREL	3	H	PUR SANG	2	0	1	301,00	225,00	526,00	150,50	
CHAMAREL	3	H	PUR SANG	2	0	1	301,00	225,00	526,00	150,50	
HIGHFIELD DREAM	3	F	PUR SANG	1	0	1	301,00	225,00	526,00	301,00	
GRAND PALAIS	3	H	PUR SANG	2	0	1	301,00	225,00	526,00	150,50	
CHIRON	3	M	PUR SANG	3	0	1	301,00	225,00	526,00	100,33	260
SIDIZA	5	F	PUR SANG	1	0	1	301,00	0,00	301,00	301,00	
ASENOVGRAD	3	M	PUR SANG	1	0	1	301,00	0,00	301,00	301,00	
DUSKWIND	3	F	PUR SANG	1	0	1	301,00	0,00	301,00	301,00	
ZIG PALET	6	H	PUR SANG	2	0	1	300,00	135,00	435,00	150,00	390
JOHN STEED	5	M	PUR SANG	3	0	1	300,00	135,00	435,00	100,00	370
ALVESS	3	H	PUR SANG	2	0	1	300,00	225,00	525,00	150,00	440
CELINISSIME	2	F	PUR SANG	3	0	1	300,00	225,00	525,00	100,00	300
PLEIN SUD	5	H	PUR SANG	2	0	1	297,00	133,00	430,00	148,50	480
LADY DI LA COLMINE	5	F	PUR SANG	1	0	1	297,00	133,00	430,00	297,00	540
SILENCE ON TOURNE	4	H	PUR SANG	1	0	1	297,00	133,00	430,00	297,00	
VALERIE	4	F	PUR SANG	1	0	1	297,00	133,00	430,00	297,00	225
CARADO DES PINS	4	H	PUR SANG	4	0	1	297,00	133,00	430,00	74,25	235
BRYVIDO	4	H	PUR SANG	2	0	1	297,00	133,00	430,00	148,50	230
ALCAWOOD DOLOISE	4	F	PUR SANG	3	0	1	297,00	133,00	430,00	99,00	220
HARTMAN	4	H	PUR SANG	4	0	1	297,00	133,00	430,00	74,25	220
SUBSIDENCE	4	H	PUR SANG	1	0	1	297,00	133,00	430,00	297,00	
CAELIAN HILL	4	H	PUR SANG	1	0	1	297,00	0,00	297,00	297,00	
MAMA IMELDA	8	F	PUR SANG	3	0	1	288,00	129,00	417,00	96,00	285
GALILODGE	7	H	PUR SANG	5	0	1	288,00	129,00	417,00	57,60	290
TWIN DOVER	4	F	PUR SANG	5	0	1	288,00	129,00	417,00	57,60	230
POP STARS	3	H	PUR SANG	1	0	1	288,00	216,00	504,00	288,00	570
GOLDEN MAZEL	3	H	PUR SANG	4	0	1	288,00	216,00	504,00	72,00	290
MUSICAL MOON	3	F	PUR SANG	1	0	1	288,00	216,00	504,00	288,00	560
LADY COSY	3	F	PUR SANG	3	0	1	288,00	216,00	504,00	96,00	250
CHANALI DOREE	3	F	PUR SANG	3	0	1	288,00	216,00	504,00	96,00	250
MAGIC PARK	3	H	PUR SANG	5	0	1	288,00	216,00	504,00	57,60	275
HAGEN	3	M	PUR SANG	1	0	1	288,00	216,00	504,00	288,00	
KISS THE SKY	3	H	PUR SANG	1	0	1	288,00	216,00	504,00	288,00	
YOU PROBLEM	3	M	PUR SANG	1	0	1	288,00	216,00	504,00	288,00	
PURPLE POWER	3	H	PUR SANG	3	0	1	288,00	216,00	504,00	96,00	645
ELNATH	3	F	PUR SANG	2	0	1	288,00	216,00	504,00	144,00	
IGHARKA	3	F	PUR SANG	3	0	1	288,00	0,00	288,00	96,00	285
BAYOUQUEEN	3	F	PUR SANG	5	0	1	288,00	216,00	504,00	57,60	335
ROMAN'S LOVE	3	H	PUR SANG	3	0	1	288,00	216,00	504,00	96,00	270
LA MINCHE	3	F	PUR SANG	2	0	1	288,00	216,00	504,00	144,00	
OBERTURA	3	F	PUR SANG	1	0	1	288,00	216,00	504,00	288,00	
GOKU	3	H	PUR SANG	1	0	1	288,00	0,00	288,00	288,00	
EAGLE SPEED	3	F	PUR SANG	4	0	1	288,00	216,00	504,00	72,00	250
HURACAN JO	3	M	PUR SANG	1	0	1	288,00	216,00	504,00	288,00	
GREY KYLAINE	3	F	PUR SANG	1	0	1	288,00	216,00	504,00	288,00	
PELERIN	3	H	PUR SANG	1	0	1	288,00	216,00	504,00	288,00	
GUNTER DES MOTTES	3	H	PUR SANG	1	0	1	288,00	216,00	504,00	288,00	260
COCO SOLEIL	3	F	PUR SANG	2	0	1	288,00	0,00	288,00	144,00	350
NORMANDICO	3	H	PUR SANG	2	0	1	288,00	216,00	504,00	144,00	
CRACKNELL	6	H	PUR SANG	3	0	1	288,00	129,00	417,00	96,00	245
OLITE	3	H	PUR SANG	1	0	1	288,00	216,00	504,00	288,00	
TRACANFIELD	4	H	PUR SANG	5	0	1	288,00	0,00	288,00	57,60	200
NARIMAN	3	H	PUR SANG	1	0	1	288,00	0,00	288,00	288,00	300
TURF RUNNER	3	M	PUR SANG	1	0	1	288,00	0,00	288,00	288,00	
WHAT DO YOU SAY	10	H	PUR SANG	7	0	1	287,00	129,00	416,00	41,00	150
BOW LANE	6	H	PUR SANG	5	0	1	287,00	129,00	416,00	57,40	155
LADY ZAZA	4	F	PUR SANG	2	0	1	287,00	129,00	416,00	143,50	505
ALBERTINA	3	F	PUR SANG	1	0	1	287,00	215,00	502,00	287,00	
PHILAE	3	F	PUR SANG	2	0	1	287,00	215,00	502,00	143,50	
N'EST QU'UN DESTIN	3	F	PUR SANG	2	0	1	287,00	215,00	502,00	143,50	
PORTOVECCHIO	3	H	PUR SANG	2	0	1	287,00	215,00	502,00	143,50	
L'INITIE	5	H	PUR SANG	2	0	1	287,00	129,00	416,00	143,50	240
TERRATINO FIRE	5	H	PUR SANG	2	0	1	287,00	0,00	287,00	143,50	190
ROVEZZANA	3	F	PUR SANG	1	0	1	287,00	0,00	287,00	287,00	
FARAWAY TREE	3	H	PUR SANG	5	0	1	287,00	0,00	287,00	57,40	200
BAKENEKO	3	F	PUR SANG	2	0	1	287,00	0,00	287,00	143,50	
WOODWAY	2	H	PUR SANG	4	0	1	285,00	213,00	498,00	71,25	295
QUEENS HONOUR	2	F	PUR SANG	1	0	1	285,00	0,00	285,00	285,00	
INDIAN BELLE	2	F	PUR SANG	1	0	1	274,00	205,00	479,00	274,00	
FANTASTIC NINIAN	4	H	PUR SANG	1	0	1	273,00	122,00	395,00	273,00	
BASCO BEARNAIS	4	H	PUR SANG	1	0	1	273,00	0,00	273,00	273,00	340
HIMALAYAN HEIGHTS	5	H	PUR SANG	3	0	1	273,00	0,00	273,00	91,00	330
RECORDING QUEEN	5	F	PUR SANG	5	0	1	262,00	117,00	379,00	52,40	155
BURLINGTON ARCADE	5	F	PUR SANG	1	0	1	261,00	117,00	378,00	261,00	335
PEYTON PLACE	8	F	PUR SANG	5	0	1	259,00	116,00	375,00	51,80	160
RAVEN'S SPIRIT	8	M	PUR SANG	3	0	1	259,00	116,00	375,00	86,33	200
KYNADA	6	F	PUR SANG	3	0	1	259,00	116,00	375,00	86,33	225
GUALTALLARY	4	H	PUR SANG	5	0	1	259,00	116,00	375,00	51,80	150
LAWFUL LADY	4	F	PUR SANG	1	0	1	259,00	116,00	375,00	259,00	300
AMERICAN PLACE	4	H	PUR SANG	1	0	1	252,00	113,00	365,00	252,00	500
SAYMARA	3	F	PUR SANG	1	0	1	252,00	0,00	252,00	252,00	
CLOCKS	3	H	PUR SANG	1	0	1	252,00	0,00	252,00	252,00	
INZAIRE	3	F	PUR SANG	4	0	1	252,00	189,00	441,00	63,00	275
NOUGAWAY	3	H	PUR SANG	1	0	1	252,00	0,00	252,00	252,00	
LADYSHOW	5	F	PUR SANG	6	0	1	249,00	112,00	361,00	41,50	150
PLANTEUR'S WHISKEY	9	H	PUR SANG	1	0	1	247,00	111,00	358,00	247,00	
NIGHTS ON BROADWAY	8	M	PUR SANG	2	0	1	247,00	111,00	358,00	123,50	400
KAMSTYLE	4	F	PUR SANG	2	0	1	247,00	111,00	358,00	123,50	275
FLAVIA MAXIMA	4	F	PUR SANG	1	0	1	247,00	111,00	358,00	247,00	
DHALEM	4	H	PUR SANG	1	0	1	247,00	111,00	358,00	247,00	
FLAME D'AMOUR	5	F	PUR SANG	3	0	1	244,00	109,00	353,00	81,33	190
CRICRI D'AMOUR	5	H	PUR SANG	1	0	1	244,00	109,00	353,00	244,00	245
DUANA	5	F	PUR SANG	3	0	1	244,00	109,00	353,00	81,33	150
RUE DAGUERRE	5	F	PUR SANG	2	0	1	244,00	109,00	353,00	122,00	270
JUREER	8	H	PUR SANG	3	0	1	244,00	0,00	244,00	81,33	235
DARBASAN	5	H	PUR SANG	4	0	1	244,00	109,00	353,00	61,00	250
BIG DRIFT	6	H	PUR SANG	1	0	1	244,00	0,00	244,00	244,00	320
SOMMERBLITZ	5	M	PUR SANG	1	0	1	244,00	0,00	244,00	244,00	275
SEE YOU TREZY	3	F	PUR SANG	5	0	1	234,00	175,00	409,00	46,80	240
KIPCHOGUA	3	F	PUR SANG	5	0	1	234,00	175,00	409,00	46,80	250
FEEL THE LOVE	3	F	PUR SANG	2	0	1	234,00	175,00	409,00	117,00	
LA SAYNIORITA	3	F	PUR SANG	1	0	1	234,00	175,00	409,00	234,00	550
AVENGER FORLONGE	3	H	PUR SANG	1	0	1	234,00	175,00	409,00	234,00	
HIGHBOURNE IMPACT	3	H	PUR SANG	1	0	1	234,00	175,00	409,00	234,00	
BEST SIXTEEN	7	H	PUR SANG	1	0	1	231,00	103,00	334,00	231,00	240
LUNANERA	6	H	PUR SANG	3	0	1	231,00	0,00	231,00	77,00	330
KANZASHI	5	F	PUR SANG	1	0	1	231,00	0,00	231,00	231,00	265
SUNSET ASHRAM	4	M	PUR SANG	2	0	1	231,00	103,00	334,00	115,50	290
BLISTRO	4	H	PUR SANG	1	0	1	231,00	103,00	334,00	231,00	245
COUR SAINT ELOI	4	F	PUR SANG	1	0	1	231,00	103,00	334,00	231,00	175
MERI SHARMA	4	F	PUR SANG	7	0	1	231,00	103,00	334,00	33,00	150
MADIBA	4	F	PUR SANG	2	0	1	231,00	103,00	334,00	115,50	325
ANGEL'S TRUMPET	9	H	PUR SANG	1	0	1	231,00	0,00	231,00	231,00	
HARPER'S FERRY	5	H	PUR SANG	1	0	1	231,00	0,00	231,00	231,00	415
BIG ZOU	5	H	PUR SANG	2	0	1	231,00	0,00	231,00	115,50	330
NORTHERN MONARCH	6	H	PUR SANG	1	0	1	231,00	0,00	231,00	231,00	
BALTIC DUKE	4	H	PUR SANG	2	0	1	219,00	0,00	219,00	109,50	315
DANDYVAN FAL	2	M	PUR SANG	1	0	1	219,00	164,00	383,00	219,00	
AL RASSOUL	11	H	PUR SANG	7	0	1	216,00	97,00	313,00	30,86	150
MI C'INFILO	8	H	PUR SANG	6	0	1	216,00	97,00	313,00	36,00	155
CATELLE ROSE	5	F	PUR SANG	3	0	1	216,00	97,00	313,00	72,00	150
SATOSHI	3	F	PUR SANG	2	0	1	216,00	162,00	378,00	108,00	245
MADAME GAZELLE	3	F	PUR SANG	3	0	1	216,00	162,00	378,00	72,00	240
PENSEE DU NINIAN	2	F	PUR SANG	2	0	1	216,00	162,00	378,00	108,00	
CAMDEN	2	M	PUR SANG	2	0	1	216,00	162,00	378,00	108,00	
KARKHOV	8	H	PUR SANG	1	0	1	216,00	97,00	313,00	216,00	190
ZURITO	3	H	PUR SANG	1	0	1	216,00	0,00	216,00	216,00	
MIEUX VAUT CROIRE	3	F	PUR SANG	6	0	1	210,00	0,00	210,00	35,00	205
MERRY BLUES	4	F	PUR SANG	6	0	1	205,00	92,00	297,00	34,17	160
ACME	3	F	PUR SANG	4	0	1	205,00	153,00	358,00	51,25	250
MQSE DES NYMPHES	4	F	PUR SANG	3	0	1	205,00	92,00	297,00	68,33	400
PROMISE TIME	4	H	PUR SANG	4	0	1	205,00	0,00	205,00	51,25	305
BECQUANON	10	H	PUR SANG	2	0	1	201,00	90,00	291,00	100,50	180
IL RITORNO	6	H	PUR SANG	2	0	1	201,00	90,00	291,00	100,50	155
ARIANE	6	F	PUR SANG	6	0	1	201,00	0,00	201,00	33,50	245
DIEPPE	7	F	PUR SANG	6	0	1	195,00	87,00	282,00	32,50	150
PRINCESSE DU LYS	6	F	PUR SANG	2	0	1	192,00	86,00	278,00	96,00	520
PONTE DE LIMA	4	M	PUR SANG	1	0	1	192,00	86,00	278,00	192,00	235
WAZLAW	5	M	PUR SANG	2	0	1	192,00	0,00	192,00	96,00	255
YENKA	4	F	PUR SANG	2	0	1	187,00	84,00	271,00	93,50	265
MAS SLADE	2	F	PUR SANG	2	0	1	180,00	135,00	315,00	90,00	
TOUT SAUF PETITE	2	F	PUR SANG	3	0	1	180,00	0,00	180,00	60,00	300
CHERISH THE DAY	7	H	PUR SANG	3	0	1	178,00	80,00	258,00	59,33	160
KOWALSKI	5	H	PUR SANG	1	0	1	178,00	80,00	258,00	178,00	265
ARRASAGE	5	F	PUR SANG	5	0	1	178,00	80,00	258,00	35,60	230
LANCIA SPORT	5	F	PUR SANG	1	0	1	178,00	0,00	178,00	178,00	
TOUZ DREAM	4	H	PUR SANG	3	0	1	178,00	80,00	258,00	59,33	200
HIRAETH	4	F	PUR SANG	3	0	1	178,00	80,00	258,00	59,33	220
SIR KARA	4	H	PUR SANG	1	0	1	178,00	80,00	258,00	178,00	
WOOCHAPATONE	4	H	PUR SANG	4	0	1	178,00	80,00	258,00	44,50	180
BERINGIA	4	F	PUR SANG	1	0	1	178,00	0,00	178,00	178,00	175
LA FRENCHIE	4	F	PUR SANG	4	0	1	178,00	0,00	178,00	44,50	150
YUKATA ROSA	4	F	PUR SANG	1	0	1	178,00	0,00	178,00	178,00	
FILZMOOSERIN	7	F	PUR SANG	2	0	1	172,00	77,00	249,00	86,00	150
POMPANO	6	H	PUR SANG	1	0	1	172,00	77,00	249,00	172,00	240
GOGO DU BREUIL	5	H	PUR SANG	3	0	1	172,00	77,00	249,00	57,33	190
HOMMAGE A NADINE	3	F	PUR SANG	5	0	1	172,00	129,00	301,00	34,40	225
EPOKUNE	3	F	PUR SANG	4	0	1	172,00	129,00	301,00	43,00	250
GOOD BELLO	3	H	PUR SANG	3	0	1	172,00	129,00	301,00	57,33	240
COSMIC MOON	3	F	PUR SANG	6	0	1	172,00	129,00	301,00	28,67	220
LANDREVIE	3	H	PUR SANG	2	0	1	172,00	129,00	301,00	86,00	
SHOW SET	3	F	PUR SANG	6	0	1	172,00	129,00	301,00	28,67	245
GOLDY BIRD	3	F	PUR SANG	5	0	1	172,00	129,00	301,00	34,40	210
BALLE D'ESPRESSO	2	F	PUR SANG	1	0	1	171,00	128,00	299,00	171,00	
TSUNAMIA	2	F	PUR SANG	3	0	1	171,00	128,00	299,00	57,00	300
LIONESSA	3	F	PUR SANG	4	0	1	165,00	0,00	165,00	41,25	270
ZYMEK	5	H	PUR SANG	4	0	1	151,00	0,00	151,00	37,75	200
BERYL MACNAB	4	F	PUR SANG	2	0	1	151,00	67,00	218,00	75,50	
BALENTINE	4	F	PUR SANG	2	0	1	151,00	0,00	151,00	75,50	
NATIF DE CARTIGNY	3	H	PUR SANG	1	0	1	151,00	0,00	151,00	151,00	
NOE DE ROMAY	3	H	PUR SANG	1	0	1	151,00	113,00	264,00	151,00	
QUEL BONHEUR	3	H	PUR SANG	1	0	1	151,00	113,00	264,00	151,00	535
VIA AURELIA	3	F	PUR SANG	2	0	1	151,00	113,00	264,00	75,50	
ZELAST	3	H	PUR SANG	5	0	1	144,00	108,00	252,00	28,80	250
FLEUR DE JAVA	5	F	PUR SANG	2	0	1	123,00	55,00	178,00	61,50	205
MELODY OF ETERNITY	4	F	PUR SANG	2	0	1	123,00	0,00	123,00	61,50	
ELYT OF GOLD	12	H	PUR SANG	5	0	0	0,00	0,00	0,00	0,00	150
CROCY	12	H	PUR SANG	2	0	0	0,00	0,00	0,00	0,00	150
ASHUTOR	12	H	PUR SANG	4	0	0	0,00	0,00	0,00	0,00	150
LARNO	12	H	PUR SANG	2	0	0	0,00	0,00	0,00	0,00	260
ONCLE FERNAND	12	H	PUR SANG	2	0	0	0,00	0,00	0,00	0,00	150
SHAMSOUN	12	H	PUR SANG	3	0	0	0,00	0,00	0,00	0,00	150
FORZA CAPITANO	11	H	PUR SANG	1	0	0	0,00	0,00	0,00	0,00	345
QATAR RIVER	11	H	PUR SANG	1	0	0	0,00	0,00	0,00	0,00	180
JACK'S SON	11	H	PUR SANG	3	0	0	0,00	0,00	0,00	0,00	180
PARABAK	11	M	PUR SANG	2	0	0	0,00	0,00	0,00	0,00	175
KING COBRA	10	H	PUR SANG	1	0	0	0,00	0,00	0,00	0,00	270
RUUDJE	10	H	PUR SANG	1	0	0	0,00	0,00	0,00	0,00	240
TOIJK	10	H	PUR SANG	3	0	0	0,00	0,00	0,00	0,00	285
KIROZ	10	M	PUR SANG	3	0	0	0,00	0,00	0,00	0,00	215
PLATEADO	10	H	PUR SANG	5	0	0	0,00	0,00	0,00	0,00	265
TULIPE	10	F	PUR SANG	2	0	0	0,00	0,00	0,00	0,00	420
THE TIME	10	H	PUR SANG	2	0	0	0,00	0,00	0,00	0,00	210
TICKLISH	10	F	PUR SANG	1	0	0	0,00	0,00	0,00	0,00	150
YSSINGEAUX	10	H	PUR SANG	1	0	0	0,00	0,00	0,00	0,00	195
KARIBBEAN DREAM	10	H	PUR SANG	1	0	0	0,00	0,00	0,00	0,00	170
BAILEYS SANS DOUTE	9	F	PUR SANG	1	0	0	0,00	0,00	0,00	0,00	150
CALY ROSAY	9	F	PUR SANG	3	0	0	0,00	0,00	0,00	0,00	150
LA FILLE DE BERLIN	9	F	PUR SANG	1	0	0	0,00	0,00	0,00	0,00	170
BLUE SWAN	9	H	PUR SANG	1	0	0	0,00	0,00	0,00	0,00	195
PARK OF DIAMOND	9	H	PUR SANG	2	0	0	0,00	0,00	0,00	0,00	185
NATIONAL SERVICE	9	H	PUR SANG	4	0	0	0,00	0,00	0,00	0,00	330
MAFALDA STORY	9	F	PUR SANG	1	0	0	0,00	0,00	0,00	0,00	270
KALEO PALACE	9	H	PUR SANG	4	0	0	0,00	0,00	0,00	0,00	305
BLEUSKY	9	F	PUR SANG	1	0	0	0,00	0,00	0,00	0,00	150
SHINNING OCEAN	9	M	PUR SANG	6	0	0	0,00	0,00	0,00	0,00	325
CELESTIN	9	H	PUR SANG	3	0	0	0,00	0,00	0,00	0,00	340
MOWAEVA	9	H	PUR SANG	2	0	0	0,00	0,00	0,00	0,00	215
PRINCE EXPRESS	9	H	PUR SANG	2	0	0	0,00	0,00	0,00	0,00	200
MISSRIYA	9	F	PUR SANG	1	0	0	0,00	0,00	0,00	0,00	285
REINARDO	9	H	PUR SANG	2	0	0	0,00	0,00	0,00	0,00	160
VICTIM OF LOVE	9	F	PUR SANG	1	0	0	0,00	0,00	0,00	0,00	150
TORPEN	9	H	PUR SANG	2	0	0	0,00	0,00	0,00	0,00	355
KARAKORUM	9	H	PUR SANG	1	0	0	0,00	0,00	0,00	0,00	285
IDEAL KING	9	H	PUR SANG	1	0	0	0,00	0,00	0,00	0,00	345
GRAF MANAMA	9	H	PUR SANG	1	0	0	0,00	0,00	0,00	0,00	210
EVERSTORM	8	H	PUR SANG	2	0	0	0,00	0,00	0,00	0,00	325
SWETTY BEAUTY	8	F	PUR SANG	1	0	0	0,00	0,00	0,00	0,00	470
SIR SPARKALOT	8	H	PUR SANG	2	0	0	0,00	0,00	0,00	0,00	270
SEVENTH SEAL	8	F	PUR SANG	1	0	0	0,00	0,00	0,00	0,00	260
BEST LIGHTNING	8	M	PUR SANG	1	0	0	0,00	0,00	0,00	0,00	505
EARLY LIGHT	8	H	PUR SANG	2	0	0	0,00	0,00	0,00	0,00	180
MOON WOLF	8	H	PUR SANG	1	0	0	0,00	0,00	0,00	0,00	440
TYTAN	8	H	PUR SANG	2	0	0	0,00	0,00	0,00	0,00	170
TAKAMAKA	8	F	PUR SANG	1	0	0	0,00	0,00	0,00	0,00	505
BLUE PLANET	8	F	PUR SANG	2	0	0	0,00	0,00	0,00	0,00	150
LEJENDARIO	8	H	PUR SANG	3	0	0	0,00	0,00	0,00	0,00	160
LOVE AFFAIR	8	F	PUR SANG	2	0	0	0,00	0,00	0,00	0,00	190
BREIZH EAGLE	8	H	PUR SANG	1	0	0	0,00	0,00	0,00	0,00	420
GOLD SHIVA	8	H	PUR SANG	2	0	0	0,00	0,00	0,00	0,00	200
ITALO	8	H	PUR SANG	1	0	0	0,00	0,00	0,00	0,00	315
MAGIC DAVIER	8	H	PUR SANG	2	0	0	0,00	0,00	0,00	0,00	455
SOTCHI	8	F	PUR SANG	1	0	0	0,00	0,00	0,00	0,00	150
RICHAUNERADOXE	8	M	PUR SANG	3	0	0	0,00	0,00	0,00	0,00	380
MORANDI FIRST	8	H	PUR SANG	1	0	0	0,00	0,00	0,00	0,00	300
ALBERT BRIDGE	8	H	PUR SANG	1	0	0	0,00	0,00	0,00	0,00	210
RAIKU	8	H	PUR SANG	1	0	0	0,00	0,00	0,00	0,00	250
ISEULT	8	F	PUR SANG	4	0	0	0,00	0,00	0,00	0,00	235
VENTURA VISION	8	F	PUR SANG	1	0	0	0,00	0,00	0,00	0,00	235
NOVA SCOTIA	7	H	PUR SANG	1	0	0	0,00	0,00	0,00	0,00	475
AIRA	7	F	PUR SANG	2	0	0	0,00	0,00	0,00	0,00	200
JOUR POLAIRE	7	H	PUR SANG	1	0	0	0,00	0,00	0,00	0,00	660
HOLLYHOCK	7	H	PUR SANG	2	0	0	0,00	0,00	0,00	0,00	250
SKIPPER	7	H	PUR SANG	1	0	0	0,00	0,00	0,00	0,00	225
ELEGANCE DOREE	7	F	PUR SANG	3	0	0	0,00	0,00	0,00	0,00	170
SPEED CHOP	7	H	PUR SANG	1	0	0	0,00	0,00	0,00	0,00	150
SHOWMAN	7	H	PUR SANG	1	0	0	0,00	0,00	0,00	0,00	170
AGENT SIM	7	H	PUR SANG	2	0	0	0,00	0,00	0,00	0,00	315
CHAAM	7	H	PUR SANG	1	0	0	0,00	0,00	0,00	0,00	160
SOAN	7	M	PUR SANG	1	0	0	0,00	0,00	0,00	0,00	300
RED CRAZY	7	M	PUR SANG	3	0	0	0,00	0,00	0,00	0,00	150
COURTING	7	H	PUR SANG	2	0	0	0,00	0,00	0,00	0,00	195
CENTENARIO	7	H	PUR SANG	1	0	0	0,00	0,00	0,00	0,00	405
POUSSY CAT	7	F	PUR SANG	1	0	0	0,00	0,00	0,00	0,00	150
TARGUI	7	H	PUR SANG	7	0	0	0,00	0,00	0,00	0,00	150
CRIN NOIR	7	H	PUR SANG	3	0	0	0,00	0,00	0,00	0,00	170
OPALUS ROAD	7	H	PUR SANG	2	0	0	0,00	0,00	0,00	0,00	385
STEELHAMMER	7	H	PUR SANG	2	0	0	0,00	0,00	0,00	0,00	280
TOLLEVAST	7	H	PUR SANG	4	0	0	0,00	0,00	0,00	0,00	190
CURARO LIGHT	7	F	PUR SANG	1	0	0	0,00	0,00	0,00	0,00	250
HAPPY HARRY	7	H	PUR SANG	1	0	0	0,00	0,00	0,00	0,00	250
GAYLOR SENORA	7	M	PUR SANG	1	0	0	0,00	0,00	0,00	0,00	320
FULL GAIN	7	F	PUR SANG	5	0	0	0,00	0,00	0,00	0,00	200
ATHELIA	7	F	PUR SANG	1	0	0	0,00	0,00	0,00	0,00	165
RAFALE	7	F	PUR SANG	1	0	0	0,00	0,00	0,00	0,00	215
MONOGRAM	7	H	PUR SANG	1	0	0	0,00	0,00	0,00	0,00	150
PERFECT TIGER	7	H	PUR SANG	2	0	0	0,00	0,00	0,00	0,00	230
DRAPEAU BLANC	7	F	PUR SANG	1	0	0	0,00	0,00	0,00	0,00	170
ONE MORE NIGHT	7	F	PUR SANG	2	0	0	0,00	0,00	0,00	0,00	285
ZENITA	7	F	PUR SANG	1	0	0	0,00	0,00	0,00	0,00	325
LA DIVA D'ALBEN	7	F	PUR SANG	2	0	0	0,00	0,00	0,00	0,00	280
LOU MAN	7	H	PUR SANG	1	0	0	0,00	0,00	0,00	0,00	355
SCALA D'ASPE	7	F	PUR SANG	2	0	0	0,00	0,00	0,00	0,00	
CHIEF RED CLOUD	7	M	PUR SANG	1	0	0	0,00	0,00	0,00	0,00	190
DIMASTY MAJTALL	7	F	PUR SANG	2	0	0	0,00	0,00	0,00	0,00	170
GAMECHANGER	7	H	PUR SANG	4	0	0	0,00	0,00	0,00	0,00	205
SUNFAST	7	H	PUR SANG	1	0	0	0,00	0,00	0,00	0,00	335
GOT BLOOM	7	F	PUR SANG	3	0	0	0,00	0,00	0,00	0,00	150
POWER PAPERS	7	M	PUR SANG	1	0	0	0,00	0,00	0,00	0,00	260
MOUTARDE	7	H	PUR SANG	3	0	0	0,00	0,00	0,00	0,00	250
HERMANO	6	H	PUR SANG	4	0	0	0,00	0,00	0,00	0,00	250
LONG STORY SHORT	6	F	PUR SANG	1	0	0	0,00	0,00	0,00	0,00	260
DON'T WATCH ME CRY	6	F	PUR SANG	1	0	0	0,00	0,00	0,00	0,00	265
FAIS NOUS PLAISIR	6	H	PUR SANG	3	0	0	0,00	0,00	0,00	0,00	210
ROUGE	6	F	PUR SANG	2	0	0	0,00	0,00	0,00	0,00	180
VICTORY SALUTE	6	H	PUR SANG	6	0	0	0,00	0,00	0,00	0,00	275
PALETUVIER	6	H	PUR SANG	1	0	0	0,00	0,00	0,00	0,00	150
FALIMAX	6	H	PUR SANG	2	0	0	0,00	0,00	0,00	0,00	150
PIANINO	6	H	PUR SANG	2	0	0	0,00	0,00	0,00	0,00	265
HALEINE	6	F	PUR SANG	1	0	0	0,00	0,00	0,00	0,00	310
RELY ON OLD SPORT	6	H	PUR SANG	1	0	0	0,00	0,00	0,00	0,00	290
SIXTINE BAAL	6	M	PUR SANG	1	0	0	0,00	0,00	0,00	0,00	175
KASIMSKA	6	F	PUR SANG	6	0	0	0,00	0,00	0,00	0,00	150
NANTMOR	6	H	PUR SANG	2	0	0	0,00	0,00	0,00	0,00	260
KHAMALGANE	6	F	PUR SANG	2	0	0	0,00	0,00	0,00	0,00	155
LOVELY TESS	6	F	PUR SANG	4	0	0	0,00	0,00	0,00	0,00	200
OPERA	6	F	PUR SANG	1	0	0	0,00	0,00	0,00	0,00	240
VIKING D'AUMONT	6	H	PUR SANG	2	0	0	0,00	0,00	0,00	0,00	195
FIVE DAYS	6	F	PUR SANG	2	0	0	0,00	0,00	0,00	0,00	150
MISS GREELEY	6	F	PUR SANG	2	0	0	0,00	0,00	0,00	0,00	205
MER NOIR	6	F	PUR SANG	1	0	0	0,00	0,00	0,00	0,00	235
CORO CHOP	6	H	PUR SANG	2	0	0	0,00	0,00	0,00	0,00	175
COEUR EN OR	6	F	PUR SANG	3	0	0	0,00	0,00	0,00	0,00	490
VERY GOOD BOY	6	H	PUR SANG	1	0	0	0,00	0,00	0,00	0,00	440
PORTRERO	6	H	PUR SANG	2	0	0	0,00	0,00	0,00	0,00	230
EASTERN STAR	6	H	PUR SANG	7	0	0	0,00	0,00	0,00	0,00	240
HARRY WAY	6	H	PUR SANG	1	0	0	0,00	0,00	0,00	0,00	355
GOLDYWAY DE SAON	6	H	PUR SANG	1	0	0	0,00	0,00	0,00	0,00	280
MISTER GOKEN	6	H	PUR SANG	1	0	0	0,00	0,00	0,00	0,00	245
GENNY DANCE	6	F	PUR SANG	1	0	0	0,00	0,00	0,00	0,00	410
KAICLATHOLUKEV	6	F	PUR SANG	2	0	0	0,00	0,00	0,00	0,00	150
SUNWHITE	6	H	PUR SANG	3	0	0	0,00	0,00	0,00	0,00	170
BENVENUTO	6	H	PUR SANG	2	0	0	0,00	0,00	0,00	0,00	150
AZAMASTAM	6	F	PUR SANG	1	0	0	0,00	0,00	0,00	0,00	225
LUSIO	6	H	PUR SANG	1	0	0	0,00	0,00	0,00	0,00	470
HENRIETTA BLACK	6	F	PUR SANG	1	0	0	0,00	0,00	0,00	0,00	225
QUE VENDRA	6	F	PUR SANG	3	0	0	0,00	0,00	0,00	0,00	320
MONDAINAI	6	F	PUR SANG	1	0	0	0,00	0,00	0,00	0,00	155
WHATEVER IT COSTS	6	F	PUR SANG	3	0	0	0,00	0,00	0,00	0,00	150
CATCH THE STARS	6	H	PUR SANG	4	0	0	0,00	0,00	0,00	0,00	255
DRIMYS	6	H	PUR SANG	1	0	0	0,00	0,00	0,00	0,00	330
WUKHANN	6	H	PUR SANG	2	0	0	0,00	0,00	0,00	0,00	250
SIXTUS	6	H	PUR SANG	6	0	0	0,00	0,00	0,00	0,00	175
KHABESA	6	F	PUR SANG	4	0	0	0,00	0,00	0,00	0,00	180
SOURCE YVETTE	6	F	PUR SANG	2	0	0	0,00	0,00	0,00	0,00	150
LUXU	6	F	PUR SANG	1	0	0	0,00	0,00	0,00	0,00	440
WINTER PUDDING	6	H	PUR SANG	1	0	0	0,00	0,00	0,00	0,00	410
KIRWANAKO CHANAY	6	H	PUR SANG	1	0	0	0,00	0,00	0,00	0,00	200
MY LORD	6	H	PUR SANG	8	0	0	0,00	0,00	0,00	0,00	150
PINTXOPOTE	6	H	PUR SANG	4	0	0	0,00	0,00	0,00	0,00	150
MAGICAL LOVE	6	F	PUR SANG	1	0	0	0,00	0,00	0,00	0,00	185
EMPATHIC	6	H	PUR SANG	1	0	0	0,00	0,00	0,00	0,00	340
GOLD CURTAIN	6	F	PUR SANG	1	0	0	0,00	0,00	0,00	0,00	155
SYMBOLE	6	H	PUR SANG	4	0	0	0,00	0,00	0,00	0,00	205
ALVA	6	F	PUR SANG	1	0	0	0,00	0,00	0,00	0,00	460
KAWARETH	6	F	PUR SANG	5	0	0	0,00	0,00	0,00	0,00	240
TRIESTE	6	F	PUR SANG	2	0	0	0,00	0,00	0,00	0,00	150
PEANUT ROYALE	6	F	PUR SANG	1	0	0	0,00	0,00	0,00	0,00	150
BOLSHKINOV	6	H	PUR SANG	2	0	0	0,00	0,00	0,00	0,00	215
DAFNE	6	F	PUR SANG	3	0	0	0,00	0,00	0,00	0,00	150
FILLE DU ROI	6	F	PUR SANG	1	0	0	0,00	0,00	0,00	0,00	195
HAVANDI	5	H	PUR SANG	2	0	0	0,00	0,00	0,00	0,00	
SPEED HUNTER	5	H	PUR SANG	3	0	0	0,00	0,00	0,00	0,00	225
LIPTON KA	5	H	PUR SANG	1	0	0	0,00	0,00	0,00	0,00	245
MEMORY DU LEMO	5	H	PUR SANG	1	0	0	0,00	0,00	0,00	0,00	500
ROOSTER CROWING	5	H	PUR SANG	1	0	0	0,00	0,00	0,00	0,00	695
LADY OF NABEUL	5	F	PUR SANG	1	0	0	0,00	0,00	0,00	0,00	245
HARMONY GREY	5	F	PUR SANG	1	0	0	0,00	0,00	0,00	0,00	340
CREEKATTEMPS	5	F	PUR SANG	1	0	0	0,00	0,00	0,00	0,00	250
FLY OF NIGHT	5	H	PUR SANG	1	0	0	0,00	0,00	0,00	0,00	480
TERRA MADRE	5	F	PUR SANG	4	0	0	0,00	0,00	0,00	0,00	210
GRAND AIGLE	5	H	PUR SANG	2	0	0	0,00	0,00	0,00	0,00	230
LILITH	5	F	PUR SANG	2	0	0	0,00	0,00	0,00	0,00	155
KIND OF STAR	5	H	PUR SANG	1	0	0	0,00	0,00	0,00	0,00	265
ALI PACHA	5	H	PUR SANG	1	0	0	0,00	0,00	0,00	0,00	210
LE LAVANDOU	5	M	PUR SANG	5	0	0	0,00	0,00	0,00	0,00	420
FIRST DIVA	5	F	PUR SANG	3	0	0	0,00	0,00	0,00	0,00	190
CONQUER ALL	5	H	PUR SANG	1	0	0	0,00	0,00	0,00	0,00	185
MY SWEET HOPE	5	F	PUR SANG	1	0	0	0,00	0,00	0,00	0,00	280
ALGABAS	5	H	PUR SANG	1	0	0	0,00	0,00	0,00	0,00	240
QUARTIER MAITRE	5	H	PUR SANG	7	0	0	0,00	0,00	0,00	0,00	185
IRADIE	5	F	PUR SANG	1	0	0	0,00	0,00	0,00	0,00	380
DSCHINGIS JOY	5	F	PUR SANG	3	0	0	0,00	0,00	0,00	0,00	260
KITTEN DREAM	5	H	PUR SANG	1	0	0	0,00	0,00	0,00	0,00	245
I STILL DREAM	5	H	PUR SANG	3	0	0	0,00	0,00	0,00	0,00	295
LITHIUM DU BREUIL	5	H	PUR SANG	1	0	0	0,00	0,00	0,00	0,00	
LAZAR DE BEAUFOUR	5	H	PUR SANG	2	0	0	0,00	0,00	0,00	0,00	
DO IT FOR ME	5	F	PUR SANG	3	0	0	0,00	0,00	0,00	0,00	150
LORD SINCLAIR	5	H	PUR SANG	1	0	0	0,00	0,00	0,00	0,00	330
VULDETRADE	5	F	PUR SANG	1	0	0	0,00	0,00	0,00	0,00	225
COMPOSITION	5	F	PUR SANG	1	0	0	0,00	0,00	0,00	0,00	195
LIYA CHOPE	5	F	PUR SANG	3	0	0	0,00	0,00	0,00	0,00	205
MISS DONNA	5	F	PUR SANG	4	0	0	0,00	0,00	0,00	0,00	190
LADY DU GRAND VAL	5	F	PUR SANG	1	0	0	0,00	0,00	0,00	0,00	
EUFRASIA	5	F	PUR SANG	2	0	0	0,00	0,00	0,00	0,00	
GODESSA	5	F	PUR SANG	10	0	0	0,00	0,00	0,00	0,00	220
GO WITH THE ROSES	5	F	PUR SANG	3	0	0	0,00	0,00	0,00	0,00	200
SOUL AND ROMANCE	5	F	PUR SANG	3	0	0	0,00	0,00	0,00	0,00	215
RAAGI	5	H	PUR SANG	1	0	0	0,00	0,00	0,00	0,00	265
PORT GALLAND	5	H	PUR SANG	3	0	0	0,00	0,00	0,00	0,00	165
AMAGI	5	F	PUR SANG	1	0	0	0,00	0,00	0,00	0,00	170
LITTLE BEE	5	F	PUR SANG	2	0	0	0,00	0,00	0,00	0,00	480
PIANO BAR	5	H	PUR SANG	4	0	0	0,00	0,00	0,00	0,00	250
PENAGOS	5	H	PUR SANG	4	0	0	0,00	0,00	0,00	0,00	210
WALDLADY	5	F	PUR SANG	8	0	0	0,00	0,00	0,00	0,00	150
SUPER TIE BREAK	5	H	PUR SANG	1	0	0	0,00	0,00	0,00	0,00	255
CRUSH DES PINS	5	H	PUR SANG	1	0	0	0,00	0,00	0,00	0,00	
CHERY CHARGE	5	F	PUR SANG	7	0	0	0,00	0,00	0,00	0,00	150
SEVEN ANGELS	5	F	PUR SANG	1	0	0	0,00	0,00	0,00	0,00	240
LIV GOLD	5	F	PUR SANG	2	0	0	0,00	0,00	0,00	0,00	215
MALTOCK D'ORGERES	5	H	PUR SANG	1	0	0	0,00	0,00	0,00	0,00	220
TESSALOS	5	H	PUR SANG	2	0	0	0,00	0,00	0,00	0,00	305
LUCKY CHARM	5	F	PUR SANG	1	0	0	0,00	0,00	0,00	0,00	215
SO LATE	5	H	PUR SANG	1	0	0	0,00	0,00	0,00	0,00	
GENERALAY	5	H	PUR SANG	1	0	0	0,00	0,00	0,00	0,00	245
ST ELVIRA	5	F	PUR SANG	1	0	0	0,00	0,00	0,00	0,00	325
BLOOD DIAMOND	5	F	PUR SANG	1	0	0	0,00	0,00	0,00	0,00	215
NICASTRO	5	H	PUR SANG	3	0	0	0,00	0,00	0,00	0,00	220
LE PHOCEA	5	H	PUR SANG	1	0	0	0,00	0,00	0,00	0,00	265
ALVAR	5	H	PUR SANG	7	0	0	0,00	0,00	0,00	0,00	150
ADORABLE	5	H	PUR SANG	1	0	0	0,00	0,00	0,00	0,00	210
EXIT POINT	5	F	PUR SANG	1	0	0	0,00	0,00	0,00	0,00	180
CANNELLE DOREE	5	F	PUR SANG	1	0	0	0,00	0,00	0,00	0,00	
HOT IN FRONT	5	H	PUR SANG	3	0	0	0,00	0,00	0,00	0,00	235
BUISSON ROND	5	H	PUR SANG	1	0	0	0,00	0,00	0,00	0,00	
STELLO TALLY	5	F	PUR SANG	3	0	0	0,00	0,00	0,00	0,00	185
LOUP DU LARGE	5	H	PUR SANG	1	0	0	0,00	0,00	0,00	0,00	
YLLIWELL	5	H	PUR SANG	1	0	0	0,00	0,00	0,00	0,00	
LA GARDE DU BREUIL	5	F	PUR SANG	1	0	0	0,00	0,00	0,00	0,00	
LOPPORTUNISTE	5	H	PUR SANG	2	0	0	0,00	0,00	0,00	0,00	220
EDCO	5	H	PUR SANG	1	0	0	0,00	0,00	0,00	0,00	
ASALIAH	5	F	PUR SANG	2	0	0	0,00	0,00	0,00	0,00	
QUIDDICH	5	H	PUR SANG	3	0	0	0,00	0,00	0,00	0,00	310
SEALERIA	5	H	PUR SANG	3	0	0	0,00	0,00	0,00	0,00	190
LEGENDE D OSVIN	5	F	PUR SANG	1	0	0	0,00	0,00	0,00	0,00	190
LUNA CITY	5	H	PUR SANG	1	0	0	0,00	0,00	0,00	0,00	195
FRENCH GIRL EFFECT	5	F	PUR SANG	2	0	0	0,00	0,00	0,00	0,00	155
ITAO DE BOUSSAY	5	H	PUR SANG	2	0	0	0,00	0,00	0,00	0,00	150
SARAVINA	5	F	PUR SANG	2	0	0	0,00	0,00	0,00	0,00	170
OSCURIDAD	5	H	PUR SANG	1	0	0	0,00	0,00	0,00	0,00	
CARIBBEAN PEARL	5	H	PUR SANG	1	0	0	0,00	0,00	0,00	0,00	150
AGRIMONIA	5	F	PUR SANG	1	0	0	0,00	0,00	0,00	0,00	280
BERINE DE DIANE	5	F	PUR SANG	1	0	0	0,00	0,00	0,00	0,00	200
BARBIE THE STAR	5	F	PUR SANG	2	0	0	0,00	0,00	0,00	0,00	
PERLE DE BEAUVAIS	5	F	PUR SANG	1	0	0	0,00	0,00	0,00	0,00	250
LIBRE DES ONGRAIS	5	F	PUR SANG	2	0	0	0,00	0,00	0,00	0,00	
ECLIPSE MAGIC JEYL	5	H	PUR SANG	4	0	0	0,00	0,00	0,00	0,00	
ETINCELLE UNIQUE	5	F	PUR SANG	1	0	0	0,00	0,00	0,00	0,00	470
HARRY GOLD	5	H	PUR SANG	1	0	0	0,00	0,00	0,00	0,00	275
WELPOME	5	F	PUR SANG	3	0	0	0,00	0,00	0,00	0,00	190
GOLDEN FLASH	5	F	PUR SANG	1	0	0	0,00	0,00	0,00	0,00	305
NEVER GIVE IN	5	H	PUR SANG	2	0	0	0,00	0,00	0,00	0,00	350
L'HORLOGE	5	F	PUR SANG	4	0	0	0,00	0,00	0,00	0,00	150
GATEAU DES ROIS	5	H	PUR SANG	1	0	0	0,00	0,00	0,00	0,00	250
ZEPLACETOBE	5	F	PUR SANG	1	0	0	0,00	0,00	0,00	0,00	270
CANATIYANN	5	H	PUR SANG	2	0	0	0,00	0,00	0,00	0,00	285
ANGELY DE CLUNY	5	F	PUR SANG	4	0	0	0,00	0,00	0,00	0,00	240
TRENO	5	H	PUR SANG	2	0	0	0,00	0,00	0,00	0,00	215
TAHINI	5	M	PUR SANG	2	0	0	0,00	0,00	0,00	0,00	265
ZAEL	4	H	PUR SANG	4	0	0	0,00	0,00	0,00	0,00	235
KISS ME AT SEA	4	F	PUR SANG	2	0	0	0,00	0,00	0,00	0,00	250
MARY JAYNE	4	F	PUR SANG	2	0	0	0,00	0,00	0,00	0,00	315
MARLON SUN	4	H	PUR SANG	1	0	0	0,00	0,00	0,00	0,00	500
FAUST	4	H	PUR SANG	1	0	0	0,00	0,00	0,00	0,00	335
MAGIC LE DUN	4	H	PUR SANG	1	0	0	0,00	0,00	0,00	0,00	
CHA'HORE	4	F	PUR SANG	2	0	0	0,00	0,00	0,00	0,00	250
SIGNOR GALLI	4	H	PUR SANG	2	0	0	0,00	0,00	0,00	0,00	315
SOGNIAMO INSIEME	4	H	PUR SANG	2	0	0	0,00	0,00	0,00	0,00	235
SNOWDANCE	4	F	PUR SANG	2	0	0	0,00	0,00	0,00	0,00	
LITTLE SOCKS	4	M	PUR SANG	1	0	0	0,00	0,00	0,00	0,00	220
DADDY'S HEART	4	H	PUR SANG	5	0	0	0,00	0,00	0,00	0,00	250
MARQUISE DELF	4	F	PUR SANG	1	0	0	0,00	0,00	0,00	0,00	
HELP DAVIER	4	F	PUR SANG	1	0	0	0,00	0,00	0,00	0,00	285
MARIN D ARGENT	4	H	PUR SANG	2	0	0	0,00	0,00	0,00	0,00	
ROSES D'ANGE	4	F	PUR SANG	1	0	0	0,00	0,00	0,00	0,00	
PETITE THEYSS	4	F	PUR SANG	1	0	0	0,00	0,00	0,00	0,00	500
STUBBORN QUEEN	4	F	PUR SANG	2	0	0	0,00	0,00	0,00	0,00	
MANATHILDE	4	F	PUR SANG	1	0	0	0,00	0,00	0,00	0,00	
TERREMANA	4	M	PUR SANG	1	0	0	0,00	0,00	0,00	0,00	290
AMANDINES	4	F	PUR SANG	2	0	0	0,00	0,00	0,00	0,00	240
SAOGAWA	4	F	PUR SANG	1	0	0	0,00	0,00	0,00	0,00	220
MEPHISTO	4	H	PUR SANG	1	0	0	0,00	0,00	0,00	0,00	215
BREIZH DANSE	4	F	PUR SANG	4	0	0	0,00	0,00	0,00	0,00	195
MUSSET DE COUGNY	4	H	PUR SANG	4	0	0	0,00	0,00	0,00	0,00	160
ANONYMA	4	F	PUR SANG	1	0	0	0,00	0,00	0,00	0,00	275
PERLE DU SUD	4	F	PUR SANG	3	0	0	0,00	0,00	0,00	0,00	
MACHU PICCHU	4	H	PUR SANG	1	0	0	0,00	0,00	0,00	0,00	
SYLVABELLE	4	F	PUR SANG	3	0	0	0,00	0,00	0,00	0,00	195
PRINCESSE IRONA	4	F	PUR SANG	1	0	0	0,00	0,00	0,00	0,00	
GANZEVILLE	4	F	PUR SANG	4	0	0	0,00	0,00	0,00	0,00	175
GOLDEN ALQA	4	F	PUR SANG	1	0	0	0,00	0,00	0,00	0,00	320
GOLDY DAY	4	F	PUR SANG	3	0	0	0,00	0,00	0,00	0,00	220
YASHAN FAL	4	H	PUR SANG	6	0	0	0,00	0,00	0,00	0,00	220
HAVE A NICE DAY	4	F	PUR SANG	1	0	0	0,00	0,00	0,00	0,00	
BOGADO	4	H	PUR SANG	1	0	0	0,00	0,00	0,00	0,00	275
MON PROPHETE	4	H	PUR SANG	2	0	0	0,00	0,00	0,00	0,00	
MINUIT DU SEUIL	4	F	PUR SANG	1	0	0	0,00	0,00	0,00	0,00	570
WALSCHAN	4	F	PUR SANG	1	0	0	0,00	0,00	0,00	0,00	
FANCY DAVIS	4	F	PUR SANG	1	0	0	0,00	0,00	0,00	0,00	
VAUTOUR DU BERLAIS	4	H	PUR SANG	1	0	0	0,00	0,00	0,00	0,00	
KARIGOLIA	4	F	PUR SANG	1	0	0	0,00	0,00	0,00	0,00	530
MY WITH	4	F	PUR SANG	1	0	0	0,00	0,00	0,00	0,00	
MASKARADE	4	F	PUR SANG	5	0	0	0,00	0,00	0,00	0,00	220
BLEKOU	4	M	PUR SANG	1	0	0	0,00	0,00	0,00	0,00	240
LITTLE DARLING	4	F	PUR SANG	1	0	0	0,00	0,00	0,00	0,00	205
LEGEND DU NINIAN	4	H	PUR SANG	1	0	0	0,00	0,00	0,00	0,00	250
MACKENZIE DU DON	4	H	PUR SANG	2	0	0	0,00	0,00	0,00	0,00	
OCEAN DU NINIAN	4	H	PUR SANG	3	0	0	0,00	0,00	0,00	0,00	
SHANA LISES	4	F	PUR SANG	3	0	0	0,00	0,00	0,00	0,00	220
BIRDY LISES	4	H	PUR SANG	2	0	0	0,00	0,00	0,00	0,00	
ROMAN BLUE TAVEL	4	H	PUR SANG	1	0	0	0,00	0,00	0,00	0,00	
KISS ME LADY	4	F	PUR SANG	1	0	0	0,00	0,00	0,00	0,00	210
KARAWAN	4	H	PUR SANG	9	0	0	0,00	0,00	0,00	0,00	150
BEAUTY MAGIC	4	F	PUR SANG	3	0	0	0,00	0,00	0,00	0,00	220
NAVINSKY	4	H	PUR SANG	1	0	0	0,00	0,00	0,00	0,00	
ZEN	4	F	PUR SANG	1	0	0	0,00	0,00	0,00	0,00	325
RIVERA	4	F	PUR SANG	3	0	0	0,00	0,00	0,00	0,00	225
SCULPTURALE	4	F	PUR SANG	2	0	0	0,00	0,00	0,00	0,00	300
ROSALITA	4	F	PUR SANG	3	0	0	0,00	0,00	0,00	0,00	235
GOT PLAY	4	H	PUR SANG	1	0	0	0,00	0,00	0,00	0,00	205
MEYUDINE'K	4	F	PUR SANG	2	0	0	0,00	0,00	0,00	0,00	280
ADAIYA D'OR	4	F	PUR SANG	2	0	0	0,00	0,00	0,00	0,00	
ESSEX	4	F	PUR SANG	2	0	0	0,00	0,00	0,00	0,00	250
PETITFLEURDECHAMPS	4	F	PUR SANG	2	0	0	0,00	0,00	0,00	0,00	250
L ORIENT EXPRESS	4	F	PUR SANG	4	0	0	0,00	0,00	0,00	0,00	190
MERVEILLEUXDULIVET	4	H	PUR SANG	1	0	0	0,00	0,00	0,00	0,00	
CHINCA BONITAS	4	F	PUR SANG	1	0	0	0,00	0,00	0,00	0,00	
SAINTE STYLEE	4	F	PUR SANG	1	0	0	0,00	0,00	0,00	0,00	
DE TALE	4	M	PUR SANG	1	0	0	0,00	0,00	0,00	0,00	
DEUXMILLE	4	H	PUR SANG	3	0	0	0,00	0,00	0,00	0,00	240
SIR MORIARTY	4	H	PUR SANG	5	0	0	0,00	0,00	0,00	0,00	
MOON LIGHT SOMOZA	4	H	PUR SANG	1	0	0	0,00	0,00	0,00	0,00	
FREED FROM DESIRE	4	F	PUR SANG	1	0	0	0,00	0,00	0,00	0,00	275
MASTER DES CARRES	4	H	PUR SANG	2	0	0	0,00	0,00	0,00	0,00	
ETOILE DE RIO	4	H	PUR SANG	4	0	0	0,00	0,00	0,00	0,00	215
LADY ACHILLIA	4	F	PUR SANG	1	0	0	0,00	0,00	0,00	0,00	290
LUCKY LUKE STEFAN	4	H	PUR SANG	2	0	0	0,00	0,00	0,00	0,00	220
KARMAA	4	F	PUR SANG	2	0	0	0,00	0,00	0,00	0,00	200
JONH LEMON	4	H	PUR SANG	2	0	0	0,00	0,00	0,00	0,00	165
OPI DAQUI	4	M	PUR SANG	1	0	0	0,00	0,00	0,00	0,00	270
METAMORPHIC	4	H	PUR SANG	2	0	0	0,00	0,00	0,00	0,00	360
ETREHAM	4	H	PUR SANG	3	0	0	0,00	0,00	0,00	0,00	290
TOCA BOCA	4	H	PUR SANG	1	0	0	0,00	0,00	0,00	0,00	250
DAY DREAMING	4	F	PUR SANG	4	0	0	0,00	0,00	0,00	0,00	330
ANCOLIE	4	F	PUR SANG	1	0	0	0,00	0,00	0,00	0,00	250
MATADOR BLOU	4	H	PUR SANG	2	0	0	0,00	0,00	0,00	0,00	
GIFT OF JO	4	H	PUR SANG	1	0	0	0,00	0,00	0,00	0,00	
MAYA DU FENOIR	4	F	PUR SANG	1	0	0	0,00	0,00	0,00	0,00	
SKOLL AMARA	4	H	PUR SANG	2	0	0	0,00	0,00	0,00	0,00	
MA TORNADE	4	F	PUR SANG	4	0	0	0,00	0,00	0,00	0,00	175
ZERALDA	4	F	PUR SANG	2	0	0	0,00	0,00	0,00	0,00	155
DSCHINGIS POWER	4	H	PUR SANG	2	0	0	0,00	0,00	0,00	0,00	310
DSCHINGIS RUN	4	F	PUR SANG	2	0	0	0,00	0,00	0,00	0,00	230
DSCHINGIS NOBLESSE	4	F	PUR SANG	1	0	0	0,00	0,00	0,00	0,00	260
MAMOUR	4	H	PUR SANG	3	0	0	0,00	0,00	0,00	0,00	
MARS DIVIN	4	H	PUR SANG	1	0	0	0,00	0,00	0,00	0,00	
MY JO OF COURSE	4	H	PUR SANG	1	0	0	0,00	0,00	0,00	0,00	
GALAXINA	4	F	PUR SANG	2	0	0	0,00	0,00	0,00	0,00	200
ETOILE DE LA PREE	4	F	PUR SANG	2	0	0	0,00	0,00	0,00	0,00	
ORIENTAL PRINCESSE	4	F	PUR SANG	1	0	0	0,00	0,00	0,00	0,00	
BAI TU LONG	4	F	PUR SANG	4	0	0	0,00	0,00	0,00	0,00	165
ROYAL PLATIN	4	H	PUR SANG	1	0	0	0,00	0,00	0,00	0,00	240
ISPERIA	4	F	PUR SANG	1	0	0	0,00	0,00	0,00	0,00	325
JERRY LEE	4	H	PUR SANG	3	0	0	0,00	0,00	0,00	0,00	240
ZYA D'AUMONT	4	F	PUR SANG	1	0	0	0,00	0,00	0,00	0,00	250
BELLA INDIA	4	F	PUR SANG	3	0	0	0,00	0,00	0,00	0,00	290
POSAFOLIE	4	F	PUR SANG	1	0	0	0,00	0,00	0,00	0,00	290
CRATERE	4	H	PUR SANG	2	0	0	0,00	0,00	0,00	0,00	210
ETAMINE VAL	4	F	PUR SANG	1	0	0	0,00	0,00	0,00	0,00	
MAT LOSANA	4	F	PUR SANG	1	0	0	0,00	0,00	0,00	0,00	
BLACK BOSS	4	H	PUR SANG	1	0	0	0,00	0,00	0,00	0,00	325
TORPILLON	4	H	PUR SANG	2	0	0	0,00	0,00	0,00	0,00	205
WESTI CHOPE	4	F	PUR SANG	2	0	0	0,00	0,00	0,00	0,00	285
GAYLE	4	F	PUR SANG	1	0	0	0,00	0,00	0,00	0,00	240
LEYF CHOP	4	H	PUR SANG	1	0	0	0,00	0,00	0,00	0,00	
BOMBE LA VIE	4	F	PUR SANG	1	0	0	0,00	0,00	0,00	0,00	245
NUIT DE L'HOMME	4	H	PUR SANG	1	0	0	0,00	0,00	0,00	0,00	245
JUNGLE CHOP	4	H	PUR SANG	1	0	0	0,00	0,00	0,00	0,00	225
HEY VINCE	4	H	PUR SANG	4	0	0	0,00	0,00	0,00	0,00	310
MIL'LEZ HYMME	4	F	PUR SANG	2	0	0	0,00	0,00	0,00	0,00	230
MAGIC TOPISSIMA	4	F	PUR SANG	1	0	0	0,00	0,00	0,00	0,00	155
JERRYAFTA	4	M	PUR SANG	1	0	0	0,00	0,00	0,00	0,00	
PREA GIANCA	4	F	PUR SANG	5	0	0	0,00	0,00	0,00	0,00	200
VERYTE	4	F	PUR SANG	3	0	0	0,00	0,00	0,00	0,00	555
ZINAMIX	4	H	PUR SANG	1	0	0	0,00	0,00	0,00	0,00	
MASCALIE	4	F	PUR SANG	1	0	0	0,00	0,00	0,00	0,00	
PASTISSE	4	F	PUR SANG	2	0	0	0,00	0,00	0,00	0,00	335
HAPPY SPIRIT	4	F	PUR SANG	1	0	0	0,00	0,00	0,00	0,00	260
JONES	4	F	PUR SANG	3	0	0	0,00	0,00	0,00	0,00	440
BLAZING STAR	4	F	PUR SANG	1	0	0	0,00	0,00	0,00	0,00	330
WALLEAH	4	F	PUR SANG	1	0	0	0,00	0,00	0,00	0,00	395
MONNET	4	H	PUR SANG	1	0	0	0,00	0,00	0,00	0,00	
FORZA BELLA	4	F	PUR SANG	5	0	0	0,00	0,00	0,00	0,00	150
TREVI	4	H	PUR SANG	1	0	0	0,00	0,00	0,00	0,00	200
MELBA BAM'S	4	F	PUR SANG	1	0	0	0,00	0,00	0,00	0,00	
AVEC PLAISIR	4	F	PUR SANG	1	0	0	0,00	0,00	0,00	0,00	
TOMLAND	4	H	PUR SANG	1	0	0	0,00	0,00	0,00	0,00	520
VERYBAND DE COUELY	4	H	PUR SANG	1	0	0	0,00	0,00	0,00	0,00	
SOL MARIE	4	F	PUR SANG	1	0	0	0,00	0,00	0,00	0,00	270
MADJIC LIST	4	H	PUR SANG	1	0	0	0,00	0,00	0,00	0,00	
SHAMROCK MELODY	4	F	PUR SANG	1	0	0	0,00	0,00	0,00	0,00	535
ROYALTY FAIR	4	F	PUR SANG	2	0	0	0,00	0,00	0,00	0,00	190
BIRCHPACOLAURGREEN	4	F	PUR SANG	3	0	0	0,00	0,00	0,00	0,00	200
AIME VIPI	4	H	PUR SANG	2	0	0	0,00	0,00	0,00	0,00	230
LADY MERA	4	F	PUR SANG	1	0	0	0,00	0,00	0,00	0,00	240
BEYOND THE STARS	4	F	PUR SANG	2	0	0	0,00	0,00	0,00	0,00	380
KNIGHTOFTHEFOREST	4	H	PUR SANG	2	0	0	0,00	0,00	0,00	0,00	210
BEARN IN LOVE	4	F	PUR SANG	1	0	0	0,00	0,00	0,00	0,00	250
KEETA	4	F	PUR SANG	2	0	0	0,00	0,00	0,00	0,00	260
ASTON JUAN	4	M	PUR SANG	2	0	0	0,00	0,00	0,00	0,00	240
IMPROBABLE	4	H	PUR SANG	1	0	0	0,00	0,00	0,00	0,00	
SIXTEEN PARK	4	F	PUR SANG	1	0	0	0,00	0,00	0,00	0,00	250
SAWAF	4	H	PUR SANG	2	0	0	0,00	0,00	0,00	0,00	170
PUMBA	4	F	PUR SANG	1	0	0	0,00	0,00	0,00	0,00	335
NAIROBI NIGHTS	4	F	PUR SANG	4	0	0	0,00	0,00	0,00	0,00	215
L AVENTURIER	4	H	PUR SANG	1	0	0	0,00	0,00	0,00	0,00	
HEY FABULOUS	4	H	PUR SANG	1	0	0	0,00	0,00	0,00	0,00	
SUN THE MOON	4	F	PUR SANG	4	0	0	0,00	0,00	0,00	0,00	220
WORLD AMIRAL PARK	4	H	PUR SANG	5	0	0	0,00	0,00	0,00	0,00	180
MONSIEUR BERE	4	H	PUR SANG	3	0	0	0,00	0,00	0,00	0,00	
TILLMOUTH	4	H	PUR SANG	2	0	0	0,00	0,00	0,00	0,00	510
ESCOUBLAC	4	H	PUR SANG	2	0	0	0,00	0,00	0,00	0,00	185
MEMOIRE DU LARGE	4	F	PUR SANG	1	0	0	0,00	0,00	0,00	0,00	
MONA LISA GREY	4	F	PUR SANG	2	0	0	0,00	0,00	0,00	0,00	
THE WASP	4	F	PUR SANG	1	0	0	0,00	0,00	0,00	0,00	220
WHIPPY	4	F	PUR SANG	2	0	0	0,00	0,00	0,00	0,00	200
CIARAN	4	M	PUR SANG	1	0	0	0,00	0,00	0,00	0,00	440
VINTUNA	4	F	PUR SANG	3	0	0	0,00	0,00	0,00	0,00	180
BRAVE FUNY	4	F	PUR SANG	2	0	0	0,00	0,00	0,00	0,00	
TREDCITY	4	F	PUR SANG	2	0	0	0,00	0,00	0,00	0,00	
CHARMANDER	4	M	PUR SANG	3	0	0	0,00	0,00	0,00	0,00	
SANS REGRETS HEM	4	F	PUR SANG	2	0	0	0,00	0,00	0,00	0,00	240
PARAMECIUM	4	H	PUR SANG	1	0	0	0,00	0,00	0,00	0,00	345
ROMANESQUE	4	F	PUR SANG	3	0	0	0,00	0,00	0,00	0,00	230
YOUNG AND PROUD	4	M	PUR SANG	1	0	0	0,00	0,00	0,00	0,00	345
ZIA AGNESE	4	F	PUR SANG	2	0	0	0,00	0,00	0,00	0,00	460
BELLE ROME	4	F	PUR SANG	2	0	0	0,00	0,00	0,00	0,00	240
ANAMALAY	4	H	PUR SANG	6	0	0	0,00	0,00	0,00	0,00	200
DIEGO BELLO	4	H	PUR SANG	3	0	0	0,00	0,00	0,00	0,00	230
MISSCRINIERE	4	F	PUR SANG	1	0	0	0,00	0,00	0,00	0,00	
MEA CULPA	4	H	PUR SANG	1	0	0	0,00	0,00	0,00	0,00	
MON SUBLIME	4	H	PUR SANG	1	0	0	0,00	0,00	0,00	0,00	
ZENGEL REBEL TAVEL	4	F	PUR SANG	1	0	0	0,00	0,00	0,00	0,00	
BELLA REBELLE	4	F	PUR SANG	4	0	0	0,00	0,00	0,00	0,00	290
DISARMARINE	4	F	PUR SANG	4	0	0	0,00	0,00	0,00	0,00	160
DADEICOS LAER	4	H	PUR SANG	4	0	0	0,00	0,00	0,00	0,00	165
TIME TO SHIVER	4	F	PUR SANG	4	0	0	0,00	0,00	0,00	0,00	180
BOVOL	4	H	PUR SANG	2	0	0	0,00	0,00	0,00	0,00	
VIRARASA	4	H	PUR SANG	2	0	0	0,00	0,00	0,00	0,00	
ROSES AND DREAM	4	F	PUR SANG	1	0	0	0,00	0,00	0,00	0,00	270
CINNKAT	4	H	PUR SANG	1	0	0	0,00	0,00	0,00	0,00	210
SOURIS BLEUE	4	F	PUR SANG	3	0	0	0,00	0,00	0,00	0,00	
CHIMERIQUE	4	F	PUR SANG	2	0	0	0,00	0,00	0,00	0,00	
MA START UP	4	F	PUR SANG	2	0	0	0,00	0,00	0,00	0,00	265
KEL REGAL D'APACHE	4	F	PUR SANG	3	0	0	0,00	0,00	0,00	0,00	190
BABAAS	4	H	PUR SANG	1	0	0	0,00	0,00	0,00	0,00	
LOUZAMIX	4	H	PUR SANG	1	0	0	0,00	0,00	0,00	0,00	
LA FAILLE	4	F	PUR SANG	2	0	0	0,00	0,00	0,00	0,00	
BENINCA	4	F	PUR SANG	1	0	0	0,00	0,00	0,00	0,00	
BALKIOLO DE PAIX	4	H	PUR SANG	1	0	0	0,00	0,00	0,00	0,00	
KEYANI	4	F	PUR SANG	1	0	0	0,00	0,00	0,00	0,00	
LE MOKIRI	4	H	PUR SANG	1	0	0	0,00	0,00	0,00	0,00	
READY	4	H	PUR SANG	2	0	0	0,00	0,00	0,00	0,00	290
IMAYA	4	F	PUR SANG	5	0	0	0,00	0,00	0,00	0,00	175
BAHIA DARNOULT	4	F	PUR SANG	1	0	0	0,00	0,00	0,00	0,00	
MAM'ZELLE DE BALME	4	F	PUR SANG	1	0	0	0,00	0,00	0,00	0,00	
VALLEE DE CAUX	4	F	PUR SANG	2	0	0	0,00	0,00	0,00	0,00	
DOUBLE JEU	4	F	PUR SANG	1	0	0	0,00	0,00	0,00	0,00	150
BELLE VICTORIA	4	F	PUR SANG	5	0	0	0,00	0,00	0,00	0,00	
VICOMT DE BELLOUET	4	H	PUR SANG	1	0	0	0,00	0,00	0,00	0,00	
LIGHT KING	4	H	PUR SANG	2	0	0	0,00	0,00	0,00	0,00	220
MY LINK	4	F	PUR SANG	2	0	0	0,00	0,00	0,00	0,00	
MALICE DES BLINS	4	F	PUR SANG	1	0	0	0,00	0,00	0,00	0,00	
MAGIC MIDGREY	4	H	PUR SANG	6	0	0	0,00	0,00	0,00	0,00	175
BULGROOM	4	F	PUR SANG	6	0	0	0,00	0,00	0,00	0,00	150
BRIGHTON BEACH	4	F	PUR SANG	1	0	0	0,00	0,00	0,00	0,00	200
MONDINE	4	F	PUR SANG	2	0	0	0,00	0,00	0,00	0,00	
GIRAFO	4	H	PUR SANG	3	0	0	0,00	0,00	0,00	0,00	
OUTRENOIR	4	H	PUR SANG	2	0	0	0,00	0,00	0,00	0,00	240
MISTRAL DE COCAGNE	4	H	PUR SANG	5	0	0	0,00	0,00	0,00	0,00	220
YO GANE	4	F	PUR SANG	2	0	0	0,00	0,00	0,00	0,00	
MISS EXCELLENCE	4	F	PUR SANG	1	0	0	0,00	0,00	0,00	0,00	
NOCTAMBULE	4	M	PUR SANG	1	0	0	0,00	0,00	0,00	0,00	490
SILVER BUSINESS	4	H	PUR SANG	1	0	0	0,00	0,00	0,00	0,00	
MACAO ROQUE	4	H	PUR SANG	1	0	0	0,00	0,00	0,00	0,00	500
DIEGO D'ARTOIS	4	H	PUR SANG	5	0	0	0,00	0,00	0,00	0,00	215
OCEAN KINGDOM	4	H	PUR SANG	2	0	0	0,00	0,00	0,00	0,00	185
WAVETEENE D'AUTHIE	4	F	PUR SANG	1	0	0	0,00	0,00	0,00	0,00	
LAFORMUL SANSOUCI	4	F	PUR SANG	1	0	0	0,00	0,00	0,00	0,00	235
SILVER RHYME	4	F	PUR SANG	2	0	0	0,00	0,00	0,00	0,00	
CANZONISSIMA	4	F	PUR SANG	3	0	0	0,00	0,00	0,00	0,00	215
FRESH DADDY	4	H	PUR SANG	2	0	0	0,00	0,00	0,00	0,00	225
FLY BY	4	F	PUR SANG	1	0	0	0,00	0,00	0,00	0,00	
MONZON	4	H	PUR SANG	1	0	0	0,00	0,00	0,00	0,00	290
NIGHT NURSE	4	F	PUR SANG	4	0	0	0,00	0,00	0,00	0,00	
BUCK'S BUNNY	4	H	PUR SANG	1	0	0	0,00	0,00	0,00	0,00	520
MA ORENA	4	F	PUR SANG	2	0	0	0,00	0,00	0,00	0,00	185
MAMZELLE D'AUTHIE	4	F	PUR SANG	1	0	0	0,00	0,00	0,00	0,00	
PRINCE DE L'ORNE	4	H	PUR SANG	1	0	0	0,00	0,00	0,00	0,00	
NOVA LUNA	4	F	PUR SANG	1	0	0	0,00	0,00	0,00	0,00	
MITCHI	4	F	PUR SANG	4	0	0	0,00	0,00	0,00	0,00	185
LENASSI	4	F	PUR SANG	1	0	0	0,00	0,00	0,00	0,00	245
LOUGIE LINK	4	F	PUR SANG	1	0	0	0,00	0,00	0,00	0,00	
UNWAVERING MONARCH	4	F	PUR SANG	1	0	0	0,00	0,00	0,00	0,00	
IRISH QUEEN	4	F	PUR SANG	2	0	0	0,00	0,00	0,00	0,00	
SOURCE CODE	4	M	PUR SANG	3	0	0	0,00	0,00	0,00	0,00	340
BONJOUR MON AMOUR	4	F	PUR SANG	2	0	0	0,00	0,00	0,00	0,00	275
ESPRIT DE LA FORET	4	H	PUR SANG	2	0	0	0,00	0,00	0,00	0,00	530
PERCIVAL	4	H	PUR SANG	1	0	0	0,00	0,00	0,00	0,00	380
RAIDEN	4	H	PUR SANG	2	0	0	0,00	0,00	0,00	0,00	280
LA FLEUR DE PIERRE	4	F	PUR SANG	1	0	0	0,00	0,00	0,00	0,00	260
LAWLIET	4	H	PUR SANG	1	0	0	0,00	0,00	0,00	0,00	370
ANTICIPATION ZERO	4	F	PUR SANG	2	0	0	0,00	0,00	0,00	0,00	310
MAKE BARAKET	4	M	PUR SANG	1	0	0	0,00	0,00	0,00	0,00	270
TOO EMIN	4	H	PUR SANG	2	0	0	0,00	0,00	0,00	0,00	195
TANFEPAS	4	F	PUR SANG	5	0	0	0,00	0,00	0,00	0,00	205
SUPIDO	4	H	PUR SANG	1	0	0	0,00	0,00	0,00	0,00	425
BELLO LEO	4	H	PUR SANG	1	0	0	0,00	0,00	0,00	0,00	250
PEPPER SNOW	4	F	PUR SANG	4	0	0	0,00	0,00	0,00	0,00	200
LANTANA	4	F	PUR SANG	2	0	0	0,00	0,00	0,00	0,00	370
KODIACOLOR	4	F	PUR SANG	2	0	0	0,00	0,00	0,00	0,00	335
BRADIANCOURT	4	H	PUR SANG	3	0	0	0,00	0,00	0,00	0,00	280
SOUTH BAY	4	F	PUR SANG	4	0	0	0,00	0,00	0,00	0,00	440
BLAZING SPIRIT	4	F	PUR SANG	2	0	0	0,00	0,00	0,00	0,00	305
MOON CLOUD	4	F	PUR SANG	2	0	0	0,00	0,00	0,00	0,00	475
PACIFISTE	4	M	PUR SANG	1	0	0	0,00	0,00	0,00	0,00	380
RUE ROY	4	F	PUR SANG	1	0	0	0,00	0,00	0,00	0,00	325
VALMACCA	4	F	PUR SANG	2	0	0	0,00	0,00	0,00	0,00	380
RIDARI	4	M	PUR SANG	1	0	0	0,00	0,00	0,00	0,00	505
ENERGIA TOURISMO	4	H	PUR SANG	1	0	0	0,00	0,00	0,00	0,00	285
BUFFALO WOMAN	4	F	PUR SANG	2	0	0	0,00	0,00	0,00	0,00	275
SUMMER WINE	4	F	PUR SANG	3	0	0	0,00	0,00	0,00	0,00	185
BAILEYS HIGHFLYER	3	F	PUR SANG	1	0	0	0,00	0,00	0,00	0,00	250
LA TCHIKITA	3	F	PUR SANG	2	0	0	0,00	0,00	0,00	0,00	
LADY YORK	3	F	PUR SANG	2	0	0	0,00	0,00	0,00	0,00	
TARENTULE	3	F	PUR SANG	1	0	0	0,00	0,00	0,00	0,00	
NEIGE DE JED	3	F	PUR SANG	1	0	0	0,00	0,00	0,00	0,00	
LEROCK	3	H	PUR SANG	1	0	0	0,00	0,00	0,00	0,00	580
NIKAYA SPORT	3	F	PUR SANG	1	0	0	0,00	0,00	0,00	0,00	
ROYAL MARVEL	3	H	PUR SANG	1	0	0	0,00	0,00	0,00	0,00	610
LA PETITE ROSE	3	F	PUR SANG	2	0	0	0,00	0,00	0,00	0,00	
TRACKDAY	3	H	PUR SANG	1	0	0	0,00	0,00	0,00	0,00	
ROSE BODUON	3	F	PUR SANG	1	0	0	0,00	0,00	0,00	0,00	
SO WE PRAY	3	F	PUR SANG	2	0	0	0,00	0,00	0,00	0,00	
REGALANT	3	H	PUR SANG	1	0	0	0,00	0,00	0,00	0,00	
HAPP'INES	3	F	PUR SANG	4	0	0	0,00	0,00	0,00	0,00	260
POLCA	3	F	PUR SANG	3	0	0	0,00	0,00	0,00	0,00	
BEST MATCH	3	H	PUR SANG	1	0	0	0,00	0,00	0,00	0,00	
QALABOURDANE	3	F	PUR SANG	1	0	0	0,00	0,00	0,00	0,00	
FAROUKH	3	H	PUR SANG	1	0	0	0,00	0,00	0,00	0,00	
ALSOU	3	F	PUR SANG	1	0	0	0,00	0,00	0,00	0,00	
VENETO	3	H	PUR SANG	1	0	0	0,00	0,00	0,00	0,00	
ROSARIA	3	F	PUR SANG	1	0	0	0,00	0,00	0,00	0,00	
NAIADE BLAGNY	3	F	PUR SANG	2	0	0	0,00	0,00	0,00	0,00	
QUEEN DEDEL	3	F	PUR SANG	2	0	0	0,00	0,00	0,00	0,00	
NARNIA DU LARGE	3	H	PUR SANG	1	0	0	0,00	0,00	0,00	0,00	
FANTASTIC FIGHTER	3	H	PUR SANG	1	0	0	0,00	0,00	0,00	0,00	
SHAMAR CHRISNAT	3	H	PUR SANG	1	0	0	0,00	0,00	0,00	0,00	
BOY DOCTOBRE	3	H	PUR SANG	1	0	0	0,00	0,00	0,00	0,00	
EPOKEDEUX	3	H	PUR SANG	2	0	0	0,00	0,00	0,00	0,00	
TIERRA NUEVA	3	F	PUR SANG	1	0	0	0,00	0,00	0,00	0,00	
BRIZIANO	3	M	PUR SANG	2	0	0	0,00	0,00	0,00	0,00	260
ORANGE SANGUINE	3	F	PUR SANG	1	0	0	0,00	0,00	0,00	0,00	
FAUSTIMINE	3	F	PUR SANG	4	0	0	0,00	0,00	0,00	0,00	
UN POCO MAS	3	H	PUR SANG	1	0	0	0,00	0,00	0,00	0,00	
NIGHT DU BREUIL	3	F	PUR SANG	1	0	0	0,00	0,00	0,00	0,00	
AREYOUONTHELIST	3	M	PUR SANG	1	0	0	0,00	0,00	0,00	0,00	
SEMPER ADAMAS	3	H	PUR SANG	1	0	0	0,00	0,00	0,00	0,00	
NINA NOVEMBER	3	F	PUR SANG	1	0	0	0,00	0,00	0,00	0,00	
MELODIE DE VASSY	3	F	PUR SANG	1	0	0	0,00	0,00	0,00	0,00	
GRIBALINO	3	H	PUR SANG	3	0	0	0,00	0,00	0,00	0,00	280
BLACK BETTY	3	F	PUR SANG	1	0	0	0,00	0,00	0,00	0,00	
FREE STYLE SPIGAO	3	F	PUR SANG	3	0	0	0,00	0,00	0,00	0,00	
NOBLE CAUSE	3	F	PUR SANG	1	0	0	0,00	0,00	0,00	0,00	
DI CHOPE	3	F	PUR SANG	1	0	0	0,00	0,00	0,00	0,00	
SWEET CAROLINA	3	F	PUR SANG	2	0	0	0,00	0,00	0,00	0,00	
BORN TO SUN	3	F	PUR SANG	7	0	0	0,00	0,00	0,00	0,00	
SILVER SOUL	3	F	PUR SANG	1	0	0	0,00	0,00	0,00	0,00	
KEEP DREAMING	3	H	PUR SANG	3	0	0	0,00	0,00	0,00	0,00	
DALERIYAN	3	H	PUR SANG	2	0	0	0,00	0,00	0,00	0,00	
BANDAGIRL	3	F	PUR SANG	1	0	0	0,00	0,00	0,00	0,00	
BORSALINO	3	H	PUR SANG	2	0	0	0,00	0,00	0,00	0,00	
CARRYAN	3	H	PUR SANG	1	0	0	0,00	0,00	0,00	0,00	
LIV HARTWOOD	3	F	PUR SANG	5	0	0	0,00	0,00	0,00	0,00	
STORM TRAVELLER	3	H	PUR SANG	1	0	0	0,00	0,00	0,00	0,00	
WIND SPARKLE	3	F	PUR SANG	1	0	0	0,00	0,00	0,00	0,00	
MISSWAKI'JAC	3	F	PUR SANG	3	0	0	0,00	0,00	0,00	0,00	
ARRAN MAGIC	3	H	PUR SANG	1	0	0	0,00	0,00	0,00	0,00	
ZARAK STUD CEN	3	M	PUR SANG	2	0	0	0,00	0,00	0,00	0,00	270
SAURON	3	M	PUR SANG	1	0	0	0,00	0,00	0,00	0,00	270
BRIVIDA FLORE	3	F	PUR SANG	1	0	0	0,00	0,00	0,00	0,00	
ELISE	3	F	PUR SANG	2	0	0	0,00	0,00	0,00	0,00	280
WONDER SYMPHONIE	3	F	PUR SANG	2	0	0	0,00	0,00	0,00	0,00	
ODEON TOWER	3	M	PUR SANG	2	0	0	0,00	0,00	0,00	0,00	280
SEPTIEME TERRE	3	H	PUR SANG	2	0	0	0,00	0,00	0,00	0,00	250
PEARL DE NUIT	3	F	PUR SANG	3	0	0	0,00	0,00	0,00	0,00	
DRAGON	3	H	PUR SANG	2	0	0	0,00	0,00	0,00	0,00	
TWICKENHAM	3	M	PUR SANG	1	0	0	0,00	0,00	0,00	0,00	
TIAKOS	3	H	PUR SANG	1	0	0	0,00	0,00	0,00	0,00	
BONNI CHOP	3	M	PUR SANG	2	0	0	0,00	0,00	0,00	0,00	280
NACAROME DU MIRAL	3	H	PUR SANG	1	0	0	0,00	0,00	0,00	0,00	
KEEL MALPIC	3	F	PUR SANG	2	0	0	0,00	0,00	0,00	0,00	
MALOULO	3	M	PUR SANG	4	0	0	0,00	0,00	0,00	0,00	240
JOLIE MISS	3	F	PUR SANG	4	0	0	0,00	0,00	0,00	0,00	
FIRSTAU CHOPE	3	F	PUR SANG	1	0	0	0,00	0,00	0,00	0,00	280
CIELA	3	F	PUR SANG	1	0	0	0,00	0,00	0,00	0,00	
LIGHT CITY	3	F	PUR SANG	2	0	0	0,00	0,00	0,00	0,00	
GHENGIS KHAN	3	H	PUR SANG	3	0	0	0,00	0,00	0,00	0,00	270
SHAROULE	3	M	PUR SANG	2	0	0	0,00	0,00	0,00	0,00	
LIGHTNING SKY	3	H	PUR SANG	1	0	0	0,00	0,00	0,00	0,00	
MARVELLOUS CITY	3	M	PUR SANG	2	0	0	0,00	0,00	0,00	0,00	
PRECISE	3	F	PUR SANG	2	0	0	0,00	0,00	0,00	0,00	250
ALVANI	3	M	PUR SANG	2	0	0	0,00	0,00	0,00	0,00	
QUEEN TAKA	3	F	PUR SANG	1	0	0	0,00	0,00	0,00	0,00	
BYZANTIN	3	H	PUR SANG	1	0	0	0,00	0,00	0,00	0,00	
NOBLESSE D'ANJOU	3	F	PUR SANG	1	0	0	0,00	0,00	0,00	0,00	
TOUZ BAY	3	H	PUR SANG	1	0	0	0,00	0,00	0,00	0,00	
RHIYANNA	3	F	PUR SANG	1	0	0	0,00	0,00	0,00	0,00	465
MOELWYNION	3	H	PUR SANG	1	0	0	0,00	0,00	0,00	0,00	
MIXED FORCE	3	H	PUR SANG	2	0	0	0,00	0,00	0,00	0,00	320
CUENTISTA	3	H	PUR SANG	3	0	0	0,00	0,00	0,00	0,00	265
AZZOURO	3	M	PUR SANG	2	0	0	0,00	0,00	0,00	0,00	
LA MARCA	3	F	PUR SANG	1	0	0	0,00	0,00	0,00	0,00	
MASTER QAM	3	M	PUR SANG	2	0	0	0,00	0,00	0,00	0,00	315
LUSON	3	H	PUR SANG	3	0	0	0,00	0,00	0,00	0,00	
NUMA NADAU	3	H	PUR SANG	1	0	0	0,00	0,00	0,00	0,00	
TOUR TO VANCOUVER	3	F	PUR SANG	2	0	0	0,00	0,00	0,00	0,00	260
GEORGE IS FIRE	3	H	PUR SANG	3	0	0	0,00	0,00	0,00	0,00	
PRETTY GEORGE	3	H	PUR SANG	4	0	0	0,00	0,00	0,00	0,00	
DAME DE LA STELLA	3	F	PUR SANG	1	0	0	0,00	0,00	0,00	0,00	
ELECTRIK DU GRENAT	3	H	PUR SANG	1	0	0	0,00	0,00	0,00	0,00	
STIMULATIVE TRIP	3	F	PUR SANG	2	0	0	0,00	0,00	0,00	0,00	410
YUSCARAN	3	M	PUR SANG	1	0	0	0,00	0,00	0,00	0,00	
MISS YOUMZAIN	3	F	PUR SANG	3	0	0	0,00	0,00	0,00	0,00	230
SILVER EAGLE	3	H	PUR SANG	4	0	0	0,00	0,00	0,00	0,00	
HELLO ZAIN	3	H	PUR SANG	3	0	0	0,00	0,00	0,00	0,00	250
SIR HORNIG	3	M	PUR SANG	1	0	0	0,00	0,00	0,00	0,00	
PHU QUOC	3	H	PUR SANG	1	0	0	0,00	0,00	0,00	0,00	
BAGATELLE	3	F	PUR SANG	1	0	0	0,00	0,00	0,00	0,00	
ESTHETE	3	F	PUR SANG	3	0	0	0,00	0,00	0,00	0,00	275
VENT D'OR	3	M	PUR SANG	5	0	0	0,00	0,00	0,00	0,00	310
GLORY ALLELUIA	3	F	PUR SANG	1	0	0	0,00	0,00	0,00	0,00	
RUBIS DREAMS	3	F	PUR SANG	2	0	0	0,00	0,00	0,00	0,00	
INTER GLORY	3	M	PUR SANG	1	0	0	0,00	0,00	0,00	0,00	
AVISIO	3	H	PUR SANG	1	0	0	0,00	0,00	0,00	0,00	380
ALICIA PRINCESS	3	F	PUR SANG	2	0	0	0,00	0,00	0,00	0,00	
ISTWOOD	3	H	PUR SANG	2	0	0	0,00	0,00	0,00	0,00	
PALAOS	3	H	PUR SANG	1	0	0	0,00	0,00	0,00	0,00	
NEPTUNE LE DUN	3	H	PUR SANG	1	0	0	0,00	0,00	0,00	0,00	
GARTREE	3	M	PUR SANG	2	0	0	0,00	0,00	0,00	0,00	265
BELLO CONDOR	3	H	PUR SANG	2	0	0	0,00	0,00	0,00	0,00	
NOVA DES LITEAUX	3	F	PUR SANG	1	0	0	0,00	0,00	0,00	0,00	275
EXXPERT	3	H	PUR SANG	2	0	0	0,00	0,00	0,00	0,00	350
WOODINA	3	F	PUR SANG	1	0	0	0,00	0,00	0,00	0,00	
BELLOUNIA	3	F	PUR SANG	3	0	0	0,00	0,00	0,00	0,00	260
TIME LIKE A RIVER	3	F	PUR SANG	4	0	0	0,00	0,00	0,00	0,00	280
MOONLIGHT STORY	3	F	PUR SANG	1	0	0	0,00	0,00	0,00	0,00	
WOODGIRL	3	F	PUR SANG	2	0	0	0,00	0,00	0,00	0,00	
YOUWANTAPIECEOFME	3	H	PUR SANG	1	0	0	0,00	0,00	0,00	0,00	
MISS DYA	3	F	PUR SANG	5	0	0	0,00	0,00	0,00	0,00	
MEMENTO AUDERE	3	H	PUR SANG	1	0	0	0,00	0,00	0,00	0,00	
TARATEEL	3	F	PUR SANG	2	0	0	0,00	0,00	0,00	0,00	370
MYSTERE ZEL	3	F	PUR SANG	1	0	0	0,00	0,00	0,00	0,00	
STEPHANIE	3	F	PUR SANG	5	0	0	0,00	0,00	0,00	0,00	275
PIANA	3	F	PUR SANG	1	0	0	0,00	0,00	0,00	0,00	405
DORZAL	3	M	PUR SANG	2	0	0	0,00	0,00	0,00	0,00	390
LORD HIGH MASTER	3	H	PUR SANG	6	0	0	0,00	0,00	0,00	0,00	240
MARTELLA	3	F	PUR SANG	1	0	0	0,00	0,00	0,00	0,00	
AVENUE MIA	3	F	PUR SANG	1	0	0	0,00	0,00	0,00	0,00	
STARNADO	3	M	PUR SANG	2	0	0	0,00	0,00	0,00	0,00	
NAYIL	3	M	PUR SANG	1	0	0	0,00	0,00	0,00	0,00	
LION MARCHE SEUL	3	H	PUR SANG	2	0	0	0,00	0,00	0,00	0,00	
BOIS DORE	3	H	PUR SANG	1	0	0	0,00	0,00	0,00	0,00	
SVEREVA	3	F	PUR SANG	1	0	0	0,00	0,00	0,00	0,00	
SAHMAT	3	H	PUR SANG	1	0	0	0,00	0,00	0,00	0,00	
BELLE GRISE	3	F	PUR SANG	1	0	0	0,00	0,00	0,00	0,00	
HIRAYA	3	F	PUR SANG	3	0	0	0,00	0,00	0,00	0,00	
MAILUNE	3	F	PUR SANG	1	0	0	0,00	0,00	0,00	0,00	
RUE DARU	3	F	PUR SANG	1	0	0	0,00	0,00	0,00	0,00	
MARCO AURELIO	3	H	PUR SANG	1	0	0	0,00	0,00	0,00	0,00	280
ROMAN MOON	3	F	PUR SANG	1	0	0	0,00	0,00	0,00	0,00	290
CAPELLE	3	F	PUR SANG	1	0	0	0,00	0,00	0,00	0,00	260
KING OF POP	3	H	PUR SANG	1	0	0	0,00	0,00	0,00	0,00	
JEAN CLAUDE	3	H	PUR SANG	2	0	0	0,00	0,00	0,00	0,00	
TAYLOR	3	H	PUR SANG	2	0	0	0,00	0,00	0,00	0,00	
AKIRA BACK	3	H	PUR SANG	3	0	0	0,00	0,00	0,00	0,00	
MAYZA	3	F	PUR SANG	1	0	0	0,00	0,00	0,00	0,00	540
BLUES MOON	3	H	PUR SANG	1	0	0	0,00	0,00	0,00	0,00	
AKENA	3	F	PUR SANG	1	0	0	0,00	0,00	0,00	0,00	
SPRINGSTEEL	3	H	PUR SANG	2	0	0	0,00	0,00	0,00	0,00	
MAIRI POWER	3	F	PUR SANG	3	0	0	0,00	0,00	0,00	0,00	250
PERD PAS L'NORD	3	F	PUR SANG	2	0	0	0,00	0,00	0,00	0,00	280
CHUNKY GIRL	3	F	PUR SANG	1	0	0	0,00	0,00	0,00	0,00	
AS JIM	3	H	PUR SANG	2	0	0	0,00	0,00	0,00	0,00	
LARAYA	3	F	PUR SANG	2	0	0	0,00	0,00	0,00	0,00	
NOBLESSE DE L'ARIE	3	F	PUR SANG	1	0	0	0,00	0,00	0,00	0,00	
I AM WHAT I AM	3	F	PUR SANG	1	0	0	0,00	0,00	0,00	0,00	
ZENITH CITY	3	F	PUR SANG	1	0	0	0,00	0,00	0,00	0,00	
YSER	3	H	PUR SANG	1	0	0	0,00	0,00	0,00	0,00	330
LE NOTABLE	3	H	PUR SANG	1	0	0	0,00	0,00	0,00	0,00	
ISLES DE BATZ	3	H	PUR SANG	1	0	0	0,00	0,00	0,00	0,00	
TRAOULAND FOR EVER	3	H	PUR SANG	5	0	0	0,00	0,00	0,00	0,00	230
ISMERIA	3	F	PUR SANG	2	0	0	0,00	0,00	0,00	0,00	
ABYWAY	3	F	PUR SANG	1	0	0	0,00	0,00	0,00	0,00	
FRANTONIO	3	H	PUR SANG	1	0	0	0,00	0,00	0,00	0,00	
BUGAWAY	3	F	PUR SANG	1	0	0	0,00	0,00	0,00	0,00	
BONBON CHOCOLAT	3	F	PUR SANG	1	0	0	0,00	0,00	0,00	0,00	
MARIE ALICE	3	F	PUR SANG	1	0	0	0,00	0,00	0,00	0,00	310
SILVER DEW	3	F	PUR SANG	4	0	0	0,00	0,00	0,00	0,00	
NOVELA	3	F	PUR SANG	1	0	0	0,00	0,00	0,00	0,00	
CHARLES KEN	3	H	PUR SANG	5	0	0	0,00	0,00	0,00	0,00	260
ALBATH'OR	3	H	PUR SANG	1	0	0	0,00	0,00	0,00	0,00	
AUBERVILLE	3	F	PUR SANG	1	0	0	0,00	0,00	0,00	0,00	
AMOURS MULTIPLES	3	F	PUR SANG	2	0	0	0,00	0,00	0,00	0,00	260
EARN DREAM	3	H	PUR SANG	2	0	0	0,00	0,00	0,00	0,00	
NIGHT IN BLOU	3	H	PUR SANG	1	0	0	0,00	0,00	0,00	0,00	
MAXOU	3	M	PUR SANG	3	0	0	0,00	0,00	0,00	0,00	
LAST SHOW	3	F	PUR SANG	3	0	0	0,00	0,00	0,00	0,00	
STARSPIRIT GATSBY	3	H	PUR SANG	2	0	0	0,00	0,00	0,00	0,00	635
ESKENDER GLAZ	3	H	PUR SANG	3	0	0	0,00	0,00	0,00	0,00	
FALLINGINLOVE	3	F	PUR SANG	1	0	0	0,00	0,00	0,00	0,00	550
MOON GATSBY	3	F	PUR SANG	2	0	0	0,00	0,00	0,00	0,00	270
MONSIEUR GREY	3	H	PUR SANG	4	0	0	0,00	0,00	0,00	0,00	
ZOOMER	3	H	PUR SANG	1	0	0	0,00	0,00	0,00	0,00	290
WEAH KAIZEN	3	F	PUR SANG	1	0	0	0,00	0,00	0,00	0,00	
SWEET SUMERLY	3	F	PUR SANG	3	0	0	0,00	0,00	0,00	0,00	
MALABA TOISE	3	F	PUR SANG	2	0	0	0,00	0,00	0,00	0,00	
GALIE	3	F	PUR SANG	5	0	0	0,00	0,00	0,00	0,00	240
NIKO KALEO	3	M	PUR SANG	1	0	0	0,00	0,00	0,00	0,00	
LA SANSONNIERE	3	F	PUR SANG	3	0	0	0,00	0,00	0,00	0,00	
DANA JEM	3	F	PUR SANG	6	0	0	0,00	0,00	0,00	0,00	250
GAMBERRA	3	F	PUR SANG	1	0	0	0,00	0,00	0,00	0,00	
AVADREAM	3	F	PUR SANG	2	0	0	0,00	0,00	0,00	0,00	270
PARAMORE	3	F	PUR SANG	1	0	0	0,00	0,00	0,00	0,00	
ROCKSTAR HAS	3	M	PUR SANG	1	0	0	0,00	0,00	0,00	0,00	
NEVERLAND	3	M	PUR SANG	1	0	0	0,00	0,00	0,00	0,00	
NINGER DES CHAMPS	3	F	PUR SANG	3	0	0	0,00	0,00	0,00	0,00	
HOOF HEARTED	3	F	PUR SANG	1	0	0	0,00	0,00	0,00	0,00	
HENJOSTONE	3	F	PUR SANG	2	0	0	0,00	0,00	0,00	0,00	
YOWAH	3	H	PUR SANG	2	0	0	0,00	0,00	0,00	0,00	
KARMACOMA	3	F	PUR SANG	4	0	0	0,00	0,00	0,00	0,00	
SQUARE DESNOUETTES	3	H	PUR SANG	1	0	0	0,00	0,00	0,00	0,00	
WIL'DREAM	3	H	PUR SANG	6	0	0	0,00	0,00	0,00	0,00	225
HERECOMES FINNIGAN	3	H	PUR SANG	1	0	0	0,00	0,00	0,00	0,00	
BLACK WHITE EMERY	3	H	PUR SANG	1	0	0	0,00	0,00	0,00	0,00	
GRIS NUIT	3	H	PUR SANG	1	0	0	0,00	0,00	0,00	0,00	
LEVANTIN	3	H	PUR SANG	1	0	0	0,00	0,00	0,00	0,00	
NOZAY	3	H	PUR SANG	1	0	0	0,00	0,00	0,00	0,00	
MAJESTE'BLAN	3	H	PUR SANG	1	0	0	0,00	0,00	0,00	0,00	
AUGIAS	3	H	PUR SANG	3	0	0	0,00	0,00	0,00	0,00	540
ACHILEA CHOPE	3	F	PUR SANG	3	0	0	0,00	0,00	0,00	0,00	270
WANA CHOPE	3	F	PUR SANG	2	0	0	0,00	0,00	0,00	0,00	240
UNICORN DELAFLEUR	3	F	PUR SANG	1	0	0	0,00	0,00	0,00	0,00	260
INVISIBLE FIGHTER	3	M	PUR SANG	2	0	0	0,00	0,00	0,00	0,00	270
CHARMEUR COOL	3	M	PUR SANG	2	0	0	0,00	0,00	0,00	0,00	240
NIGHTSPIRIT BLAGNY	3	M	PUR SANG	1	0	0	0,00	0,00	0,00	0,00	
LOVE SPIRIT	3	H	PUR SANG	1	0	0	0,00	0,00	0,00	0,00	
LES YEUX REVOLVER	3	F	PUR SANG	1	0	0	0,00	0,00	0,00	0,00	
RUSTIQUE	3	F	PUR SANG	1	0	0	0,00	0,00	0,00	0,00	
SKY IS THE LIMIT	3	H	PUR SANG	2	0	0	0,00	0,00	0,00	0,00	
VICTORYNOX	3	F	PUR SANG	2	0	0	0,00	0,00	0,00	0,00	255
SATEEN BLUE	3	H	PUR SANG	6	0	0	0,00	0,00	0,00	0,00	215
JARRY STARS	3	F	PUR SANG	1	0	0	0,00	0,00	0,00	0,00	
NINJASK	3	H	PUR SANG	1	0	0	0,00	0,00	0,00	0,00	
NALINE	3	F	PUR SANG	2	0	0	0,00	0,00	0,00	0,00	
MILORD'INOR	3	H	PUR SANG	2	0	0	0,00	0,00	0,00	0,00	
ELLIE'S SECRET	3	F	PUR SANG	1	0	0	0,00	0,00	0,00	0,00	
GREAT TIME	3	H	PUR SANG	2	0	0	0,00	0,00	0,00	0,00	
ARRADON	3	H	PUR SANG	3	0	0	0,00	0,00	0,00	0,00	
TAMKHARITE	3	F	PUR SANG	3	0	0	0,00	0,00	0,00	0,00	
NEWYORK WOOD	3	H	PUR SANG	1	0	0	0,00	0,00	0,00	0,00	
NUANCE DES ONGRAIS	3	F	PUR SANG	2	0	0	0,00	0,00	0,00	0,00	
NOVA BAIE	3	F	PUR SANG	1	0	0	0,00	0,00	0,00	0,00	
NEPHALION	3	H	PUR SANG	1	0	0	0,00	0,00	0,00	0,00	
NOURAIN	3	F	PUR SANG	2	0	0	0,00	0,00	0,00	0,00	
MAZARA	3	F	PUR SANG	2	0	0	0,00	0,00	0,00	0,00	320
KALLI MALPIC	3	F	PUR SANG	3	0	0	0,00	0,00	0,00	0,00	220
LA LLOSA	3	F	PUR SANG	1	0	0	0,00	0,00	0,00	0,00	410
WOZ NOT WOZ	3	F	PUR SANG	2	0	0	0,00	0,00	0,00	0,00	
PILOTE DE CHARME	3	M	PUR SANG	2	0	0	0,00	0,00	0,00	0,00	
SUGARCANE	3	F	PUR SANG	4	0	0	0,00	0,00	0,00	0,00	315
BONJOUR PARIS	3	H	PUR SANG	1	0	0	0,00	0,00	0,00	0,00	
EPONA DES MOTTES	3	F	PUR SANG	2	0	0	0,00	0,00	0,00	0,00	
CHRISTIANOPOLO	3	H	PUR SANG	1	0	0	0,00	0,00	0,00	0,00	
JAMESIA	3	F	PUR SANG	1	0	0	0,00	0,00	0,00	0,00	
SMALL MOON	3	F	PUR SANG	2	0	0	0,00	0,00	0,00	0,00	
ZAAZ	3	F	PUR SANG	1	0	0	0,00	0,00	0,00	0,00	
PETITE SEILLE	3	F	PUR SANG	1	0	0	0,00	0,00	0,00	0,00	
INCOMPRISE	3	F	PUR SANG	1	0	0	0,00	0,00	0,00	0,00	
NAUTILUS DU BANCO	3	H	PUR SANG	1	0	0	0,00	0,00	0,00	0,00	
VAL SUN	3	M	PUR SANG	1	0	0	0,00	0,00	0,00	0,00	
MARIA DEL FISH	3	F	PUR SANG	2	0	0	0,00	0,00	0,00	0,00	
PEPPONE	3	H	PUR SANG	2	0	0	0,00	0,00	0,00	0,00	
IL EST SOLITAIRE	3	H	PUR SANG	1	0	0	0,00	0,00	0,00	0,00	
MIRMINE	3	M	PUR SANG	3	0	0	0,00	0,00	0,00	0,00	250
TEARDROP	3	F	PUR SANG	1	0	0	0,00	0,00	0,00	0,00	
WOODSHINE	3	F	PUR SANG	6	0	0	0,00	0,00	0,00	0,00	210
ROXANNE TAVEL	3	F	PUR SANG	2	0	0	0,00	0,00	0,00	0,00	
CHERIE DES BRIERES	3	F	PUR SANG	1	0	0	0,00	0,00	0,00	0,00	545
MARCHIONESS BIRCH	3	F	PUR SANG	2	0	0	0,00	0,00	0,00	0,00	265
MA BIRCH	3	F	PUR SANG	2	0	0	0,00	0,00	0,00	0,00	250
SEVERAC	3	H	PUR SANG	4	0	0	0,00	0,00	0,00	0,00	300
ZAKYALA	3	F	PUR SANG	1	0	0	0,00	0,00	0,00	0,00	290
BIBI DU MOULIN	3	F	PUR SANG	6	0	0	0,00	0,00	0,00	0,00	
ROSE DU MOULIN	3	F	PUR SANG	2	0	0	0,00	0,00	0,00	0,00	
UNEHISTOIREANODINE	3	F	PUR SANG	4	0	0	0,00	0,00	0,00	0,00	235
NORCISCO	3	H	PUR SANG	2	0	0	0,00	0,00	0,00	0,00	
ALBATROS DU VENT	3	H	PUR SANG	2	0	0	0,00	0,00	0,00	0,00	
DUCK CRY	3	H	PUR SANG	2	0	0	0,00	0,00	0,00	0,00	
VENIZZIA	3	F	PUR SANG	1	0	0	0,00	0,00	0,00	0,00	
BEAU CHASTANG	3	H	PUR SANG	1	0	0	0,00	0,00	0,00	0,00	
RUFFANO BELLO	3	H	PUR SANG	1	0	0	0,00	0,00	0,00	0,00	
JAKAYA DU MAZET	3	F	PUR SANG	4	0	0	0,00	0,00	0,00	0,00	230
EVAWOOD	3	F	PUR SANG	1	0	0	0,00	0,00	0,00	0,00	
LOVAWOOD	3	F	PUR SANG	3	0	0	0,00	0,00	0,00	0,00	
PEPSI DES BERNETS	3	H	PUR SANG	2	0	0	0,00	0,00	0,00	0,00	
ROCKY DU HOULEY	3	H	PUR SANG	3	0	0	0,00	0,00	0,00	0,00	
EFFET MER	3	F	PUR SANG	3	0	0	0,00	0,00	0,00	0,00	260
ARMEN DU RAZ	3	F	PUR SANG	3	0	0	0,00	0,00	0,00	0,00	
NOISETTE DE SIVOLA	3	F	PUR SANG	1	0	0	0,00	0,00	0,00	0,00	
ERA CHO	3	H	PUR SANG	1	0	0	0,00	0,00	0,00	0,00	540
SPANISH LADY MOON	3	F	PUR SANG	1	0	0	0,00	0,00	0,00	0,00	
PALMYRA	3	F	PUR SANG	2	0	0	0,00	0,00	0,00	0,00	
XTREME	3	H	PUR SANG	1	0	0	0,00	0,00	0,00	0,00	
ZALINA	3	F	PUR SANG	2	0	0	0,00	0,00	0,00	0,00	405
SUPERNATURE	3	F	PUR SANG	1	0	0	0,00	0,00	0,00	0,00	
SEA THE STORM	3	F	PUR SANG	1	0	0	0,00	0,00	0,00	0,00	425
HALF MOON BAY	3	H	PUR SANG	1	0	0	0,00	0,00	0,00	0,00	
TOSCANE	3	F	PUR SANG	1	0	0	0,00	0,00	0,00	0,00	
ALL EYEZ ON ME	3	H	PUR SANG	1	0	0	0,00	0,00	0,00	0,00	
MOON FEVER	3	F	PUR SANG	1	0	0	0,00	0,00	0,00	0,00	
WALDBLUES	3	F	PUR SANG	1	0	0	0,00	0,00	0,00	0,00	
QANIPA	3	F	PUR SANG	1	0	0	0,00	0,00	0,00	0,00	
NEW COMMANDER	3	M	PUR SANG	1	0	0	0,00	0,00	0,00	0,00	
SAVE THE DATE	3	F	PUR SANG	2	0	0	0,00	0,00	0,00	0,00	
VILLA D'ESTE	3	F	PUR SANG	1	0	0	0,00	0,00	0,00	0,00	
MASHA	3	F	PUR SANG	2	0	0	0,00	0,00	0,00	0,00	305
AVENUE DE MESSINE	3	F	PUR SANG	1	0	0	0,00	0,00	0,00	0,00	
HALF SOVEREIGN	3	F	PUR SANG	2	0	0	0,00	0,00	0,00	0,00	475
MURMURATIONS	3	F	PUR SANG	2	0	0	0,00	0,00	0,00	0,00	
AURORIAN CLOUDS	3	H	PUR SANG	1	0	0	0,00	0,00	0,00	0,00	400
MRS THUNDERBOLT	3	F	PUR SANG	1	0	0	0,00	0,00	0,00	0,00	
AY	3	H	PUR SANG	1	0	0	0,00	0,00	0,00	0,00	240
OXAGON	3	H	PUR SANG	1	0	0	0,00	0,00	0,00	0,00	505
BALEINE	3	F	PUR SANG	2	0	0	0,00	0,00	0,00	0,00	250
AGNUS DEI	3	M	PUR SANG	2	0	0	0,00	0,00	0,00	0,00	
MARMOUZ	3	H	PUR SANG	1	0	0	0,00	0,00	0,00	0,00	
LAMORE DEL VENTO	3	H	PUR SANG	1	0	0	0,00	0,00	0,00	0,00	
AFFAIRISTE	3	H	PUR SANG	3	0	0	0,00	0,00	0,00	0,00	270
UNE GRAVURE	3	F	PUR SANG	1	0	0	0,00	0,00	0,00	0,00	355
FANATICAL	3	F	PUR SANG	3	0	0	0,00	0,00	0,00	0,00	275
ZANTHOS	3	F	PUR SANG	1	0	0	0,00	0,00	0,00	0,00	
UN PTI TRUC ENPLUS	3	M	PUR SANG	1	0	0	0,00	0,00	0,00	0,00	265
PEPIER	3	H	PUR SANG	1	0	0	0,00	0,00	0,00	0,00	325
ARTISTA	3	F	PUR SANG	2	0	0	0,00	0,00	0,00	0,00	
FELDAFING	3	F	PUR SANG	1	0	0	0,00	0,00	0,00	0,00	
SEA BREEZE CEN	3	F	PUR SANG	1	0	0	0,00	0,00	0,00	0,00	
KALSARIKANNIT	3	H	PUR SANG	1	0	0	0,00	0,00	0,00	0,00	
NOLITA STAR	3	F	PUR SANG	2	0	0	0,00	0,00	0,00	0,00	285
BABY JOY	3	F	PUR SANG	3	0	0	0,00	0,00	0,00	0,00	
STEFFENOVA	3	F	PUR SANG	4	0	0	0,00	0,00	0,00	0,00	260
LADY CADRAN	2	F	PUR SANG	1	0	0	0,00	0,00	0,00	0,00	
MISS GATSBY	2	F	PUR SANG	2	0	0	0,00	0,00	0,00	0,00	
GATSBY GO	2	M	PUR SANG	1	0	0	0,00	0,00	0,00	0,00	
MIRYACALE	2	F	PUR SANG	2	0	0	0,00	0,00	0,00	0,00	
KORONTANA BE	2	M	PUR SANG	3	0	0	0,00	0,00	0,00	0,00	
SYNNEFIA	2	F	PUR SANG	2	0	0	0,00	0,00	0,00	0,00	
GOLDEN PACO	2	H	PUR SANG	2	0	0	0,00	0,00	0,00	0,00	
MARIBELLA	2	F	PUR SANG	1	0	0	0,00	0,00	0,00	0,00	
COCO BEACH	2	M	PUR SANG	1	0	0	0,00	0,00	0,00	0,00	
GOTELLO	2	M	PUR SANG	1	0	0	0,00	0,00	0,00	0,00	
VATICANO	2	M	PUR SANG	1	0	0	0,00	0,00	0,00	0,00	
MISS RETRO	2	F	PUR SANG	1	0	0	0,00	0,00	0,00	0,00	
ORIZADA	2	F	PUR SANG	1	0	0	0,00	0,00	0,00	0,00	
CHICA LATINA	2	F	PUR SANG	1	0	0	0,00	0,00	0,00	0,00	
GOOSEMAN	2	H	PUR SANG	1	0	0	0,00	0,00	0,00	0,00	
MARIONO	2	M	PUR SANG	1	0	0	0,00	0,00	0,00	0,00	
OSCAR DE SKIRT	2	M	PUR SANG	2	0	0	0,00	0,00	0,00	0,00	
BLAZING ALICE	2	F	PUR SANG	1	0	0	0,00	0,00	0,00	0,00	
BAZOUKA	2	H	PUR SANG	1	0	0	0,00	0,00	0,00	0,00	
ALYA CHOPE	2	F	PUR SANG	1	0	0	0,00	0,00	0,00	0,00	
SPIA CHOP	2	M	PUR SANG	1	0	0	0,00	0,00	0,00	0,00	
BIZANZ	2	F	PUR SANG	1	0	0	0,00	0,00	0,00	0,00	
WAIWERA MIA	2	F	PUR SANG	1	0	0	0,00	0,00	0,00	0,00	
SALVADOR JUNIOR	2	M	PUR SANG	1	0	0	0,00	0,00	0,00	0,00	
FIFTY SHADES	2	H	PUR SANG	2	0	0	0,00	0,00	0,00	0,00	
THEMIS	2	F	PUR SANG	1	0	0	0,00	0,00	0,00	0,00	
PRINCESSE LEANA	2	F	PUR SANG	1	0	0	0,00	0,00	0,00	0,00	
ELLYRA	2	F	PUR SANG	1	0	0	0,00	0,00	0,00	0,00	
TATAIL	2	H	PUR SANG	1	0	0	0,00	0,00	0,00	0,00	
ULZARA	2	F	PUR SANG	1	0	0	0,00	0,00	0,00	0,00	
MANZARAKA	2	F	PUR SANG	1	0	0	0,00	0,00	0,00	0,00	
THEOK	2	M	PUR SANG	1	0	0	0,00	0,00	0,00	0,00	
DREAM FAMILY	2	H	PUR SANG	1	0	0	0,00	0,00	0,00	0,00	
ZARACOVA	2	F	PUR SANG	2	0	0	0,00	0,00	0,00	0,00	
WOODOO CHILD	2	H	PUR SANG	1	0	0	0,00	0,00	0,00	0,00	
VIETTEOFCOURSES	2	F	PUR SANG	1	0	0	0,00	0,00	0,00	0,00	
TRIUMPH RETURN	2	M	PUR SANG	3	0	0	0,00	0,00	0,00	0,00	300
FLAMING ROSE	2	F	PUR SANG	1	0	0	0,00	0,00	0,00	0,00	
PERSIAN SAMA	2	F	PUR SANG	1	0	0	0,00	0,00	0,00	0,00	
LORENZO	2	M	PUR SANG	1	0	0	0,00	0,00	0,00	0,00	
OREA DE ROMAY	2	F	PUR SANG	1	0	0	0,00	0,00	0,00	0,00	
KUKINHA	2	F	PUR SANG	1	0	0	0,00	0,00	0,00	0,00	
CARMONTELLE	2	F	PUR SANG	1	0	0	0,00	0,00	0,00	0,00	
ARDENTE	2	F	PUR SANG	1	0	0	0,00	0,00	0,00	0,00	
SIGGY	2	M	PUR SANG	1	0	0	0,00	0,00	0,00	0,00	
FENIAN	2	M	PUR SANG	2	0	0	0,00	0,00	0,00	0,00	
VICUNIYA	2	F	PUR SANG	1	0	0	0,00	0,00	0,00	0,00	
DOJAINA	2	F	PUR SANG	1	0	0	0,00	0,00	0,00	0,00	
SPLENDIDA ONE	2	F	PUR SANG	2	0	0	0,00	0,00	0,00	0,00	
FABELLA	2	H	PUR SANG	2	0	0	0,00	0,00	0,00	0,00	
ELROMA	2	F	PUR SANG	1	0	0	0,00	0,00	0,00	0,00	
SEASEA DE CERES	2	F	PUR SANG	1	0	0	0,00	0,00	0,00	0,00	
TINY DANCER	2	H	PUR SANG	1	0	0	0,00	0,00	0,00	0,00	
BINOTTO	2	M	PUR SANG	1	0	0	0,00	0,00	0,00	0,00	
FILLE D ARTISTE	2	F	PUR SANG	1	0	0	0,00	0,00	0,00	0,00	
CHOIX DU CHAT	2	H	PUR SANG	1	0	0	0,00	0,00	0,00	0,00	
WAL HUNTER'S	2	M	PUR SANG	1	0	0	0,00	0,00	0,00	0,00	
NAUTILUS PARK	2	H	PUR SANG	1	0	0	0,00	0,00	0,00	0,00	
AL AHYAASHI	2	H	PUR SANG	2	0	0	0,00	0,00	0,00	0,00	
LADY VALKYRIA	2	F	PUR SANG	1	0	0	0,00	0,00	0,00	0,00	
CALETTE	2	F	PUR SANG	1	0	0	0,00	0,00	0,00	0,00	
NOWHERE MAN	2	M	PUR SANG	2	0	0	0,00	0,00	0,00	0,00	
MERI SHAKTI	2	F	PUR SANG	2	0	0	0,00	0,00	0,00	0,00	
SYRIUS	2	H	PUR SANG	1	0	0	0,00	0,00	0,00	0,00	
JAPONESE GARDEN	2	M	PUR SANG	2	0	0	0,00	0,00	0,00	0,00	
SKAROS	2	H	PUR SANG	1	0	0	0,00	0,00	0,00	0,00	
POINTE NOIRE	2	F	PUR SANG	1	0	0	0,00	0,00	0,00	0,00	
ROMANTIC DUBAI	2	M	PUR SANG	1	0	0	0,00	0,00	0,00	0,00	
OLYMPIC SPIRIT	2	M	PUR SANG	1	0	0	0,00	0,00	0,00	0,00	
SEA DIAMOND	2	F	PUR SANG	1	0	0	0,00	0,00	0,00	0,00	
HERHONOUR	2	F	PUR SANG	2	0	0	0,00	0,00	0,00	0,00	
MAJESTIK	2	F	PUR SANG	1	0	0	0,00	0,00	0,00	0,00	
WOODY MAN	2	M	PUR SANG	1	0	0	0,00	0,00	0,00	0,00	
NEW EVE	2	F	PUR SANG	1	0	0	0,00	0,00	0,00	0,00	
VIVIANNE	2	F	PUR SANG	2	0	0	0,00	0,00	0,00	0,00	
LISAN AL GAIB	2	M	PUR SANG	1	0	0	0,00	0,00	0,00	0,00	
NATLY	2	M	PUR SANG	1	0	0	0,00	0,00	0,00	0,00	
ASTABUEN	2	M	PUR SANG	1	0	0	0,00	0,00	0,00	0,00	
CAPITAINE CHARLIE	2	F	PUR SANG	1	0	0	0,00	0,00	0,00	0,00	
KANCHANA	2	F	PUR SANG	2	0	0	0,00	0,00	0,00	0,00	
KASA AMORE	2	F	PUR SANG	2	0	0	0,00	0,00	0,00	0,00	
ROSE SILENCE	2	F	PUR SANG	1	0	0	0,00	0,00	0,00	0,00	
AMIDABI	2	F	PUR SANG	1	0	0	0,00	0,00	0,00	0,00	
SWEET LEO	2	F	PUR SANG	2	0	0	0,00	0,00	0,00	0,00	
SHARON	2	H	PUR SANG	3	0	0	0,00	0,00	0,00	0,00	
MINX	2	F	PUR SANG	2	0	0	0,00	0,00	0,00	0,00	
OUWE	2	F	PUR SANG	1	0	0	0,00	0,00	0,00	0,00	
CALINEDENUIT	2	F	PUR SANG	2	0	0	0,00	0,00	0,00	0,00	
MADRASSE	2	M	PUR SANG	1	0	0	0,00	0,00	0,00	0,00	
FETE DE TROP	2	F	PUR SANG	4	0	0	0,00	0,00	0,00	0,00	290
OPAL FAL	2	M	PUR SANG	1	0	0	0,00	0,00	0,00	0,00	
BANDERRAS	2	F	PUR SANG	2	0	0	0,00	0,00	0,00	0,00	
CATCH THE SUN	2	H	PUR SANG	1	0	0	0,00	0,00	0,00	0,00	
QUEEN OF QUEENS	2	F	PUR SANG	1	0	0	0,00	0,00	0,00	0,00	
SEAL THE DEAL	2	H	PUR SANG	1	0	0	0,00	0,00	0,00	0,00	
OLYMPE DU QUESTEL	2	F	PUR SANG	1	0	0	0,00	0,00	0,00	0,00	
ALGARADE	2	F	PUR SANG	4	0	0	0,00	0,00	0,00	0,00	290
CORMAC	2	M	PUR SANG	1	0	0	0,00	0,00	0,00	0,00	
MR DOMID'OR	2	M	PUR SANG	1	0	0	0,00	0,00	0,00	0,00	
SANTO NAK	2	H	PUR SANG	1	0	0	0,00	0,00	0,00	0,00	
TOKYO DREAMS	2	F	PUR SANG	1	0	0	0,00	0,00	0,00	0,00	
GEORGE CROSS	2	M	PUR SANG	1	0	0	0,00	0,00	0,00	0,00	
ROCCAPINA	2	F	PUR SANG	1	0	0	0,00	0,00	0,00	0,00	
MAYALILY	2	F	PUR SANG	1	0	0	0,00	0,00	0,00	0,00	
ALDAYEN	2	F	PUR SANG	1	0	0	0,00	0,00	0,00	0,00	
MOON ORBIT	2	F	PUR SANG	1	0	0	0,00	0,00	0,00	0,00	
BELLE DE REVE	2	F	PUR SANG	1	0	0	0,00	0,00	0,00	0,00	
TOMAN	2	M	PUR SANG	1	0	0	0,00	0,00	0,00	0,00	
ARMY WOMEN	2	F	PUR SANG	1	0	0	0,00	0,00	0,00	0,00	
SIOUX PAPILLON	2	F	PUR SANG	1	0	0	0,00	0,00	0,00	0,00	
DICTYNNA	2	F	PUR SANG	1	0	0	0,00	0,00	0,00	0,00	
MAGIC HARRY	2	M	PUR SANG	1	0	0	0,00	0,00	0,00	0,00	
WITHIOU FAL	2	M	PUR SANG	2	0	0	0,00	0,00	0,00	0,00	
BALATOU	2	F	PUR SANG	1	0	0	0,00	0,00	0,00	0,00	
SARAGOLD	2	F	PUR SANG	1	0	0	0,00	0,00	0,00	0,00	
SWEET FLIGHT	2	F	PUR SANG	1	0	0	0,00	0,00	0,00	0,00	
WITHNEY	2	F	PUR SANG	1	0	0	0,00	0,00	0,00	0,00	
PEARL OF LIPS	2	F	PUR SANG	1	0	0	0,00	0,00	0,00	0,00	
JUICY LUCY	2	F	PUR SANG	1	0	0	0,00	0,00	0,00	0,00	
CORRADO	2	M	PUR SANG	2	0	0	0,00	0,00	0,00	0,00	
GIMLI RUSH	2	M	PUR SANG	1	0	0	0,00	0,00	0,00	0,00	
ONE SHOT	2	M	PUR SANG	4	0	0	0,00	0,00	0,00	0,00	
LATINA TCHENE	2	F	PUR SANG	1	0	0	0,00	0,00	0,00	0,00	
SKYWARDS	2	F	PUR SANG	3	0	0	0,00	0,00	0,00	0,00	
SHIELDING	12	H	PUR SANG	1	0	0	0,00	0,00	0,00	0,00	320
ADRASTINA	11	F	PUR SANG	1	0	0	0,00	0,00	0,00	0,00	150
MISS ROAZHON	9	F	PUR SANG	2	0	0	0,00	0,00	0,00	0,00	205
CINQUAIN	10	F	PUR SANG	2	0	0	0,00	0,00	0,00	0,00	150
AVERNES	8	F	PUR SANG	1	0	0	0,00	0,00	0,00	0,00	315
FARAHNAZ	7	F	PUR SANG	4	0	0	0,00	0,00	0,00	0,00	200
MITARC	8	M	PUR SANG	4	0	0	0,00	0,00	0,00	0,00	150
FLAMINGO HOLLOW	8	H	PUR SANG	1	0	0	0,00	0,00	0,00	0,00	300
ACT OF WISDOM	8	H	PUR SANG	1	0	0	0,00	0,00	0,00	0,00	320
WE GET BY	8	H	PUR SANG	1	0	0	0,00	0,00	0,00	0,00	165
REGIONAL	8	H	PUR SANG	1	0	0	0,00	0,00	0,00	0,00	500
LOS ANGELES	8	H	PUR SANG	1	0	0	0,00	0,00	0,00	0,00	260
ACREGATE	7	H	PUR SANG	1	0	0	0,00	0,00	0,00	0,00	185
WOODY WOOD	8	H	PUR SANG	1	0	0	0,00	0,00	0,00	0,00	350
AMELIELYMPIQUE	6	F	PUR SANG	2	0	0	0,00	0,00	0,00	0,00	320
MGHEERA	6	F	PUR SANG	1	0	0	0,00	0,00	0,00	0,00	475
OCEAN DIAMOND	8	H	PUR SANG	1	0	0	0,00	0,00	0,00	0,00	295
MUGUETAJARRA	9	H	PUR SANG	1	0	0	0,00	0,00	0,00	0,00	
MANA SIS	6	F	PUR SANG	1	0	0	0,00	0,00	0,00	0,00	185
MITBAAHY	7	H	PUR SANG	1	0	0	0,00	0,00	0,00	0,00	485
UNEXPECTED GIRL	5	F	PUR SANG	1	0	0	0,00	0,00	0,00	0,00	220
SURVIE	5	F	PUR SANG	1	0	0	0,00	0,00	0,00	0,00	500
TOLLARD ROYAL	7	H	PUR SANG	1	0	0	0,00	0,00	0,00	0,00	225
LE CAULE	5	H	PUR SANG	1	0	0	0,00	0,00	0,00	0,00	250
MONTEILLE	5	F	PUR SANG	2	0	0	0,00	0,00	0,00	0,00	470
SIOUX LIFE	5	F	PUR SANG	1	0	0	0,00	0,00	0,00	0,00	460
AMILY	6	F	PUR SANG	2	0	0	0,00	0,00	0,00	0,00	440
KOELLE	5	H	PUR SANG	1	0	0	0,00	0,00	0,00	0,00	240
BREATHE ON	5	F	PUR SANG	4	0	0	0,00	0,00	0,00	0,00	160
MILLAR	4	M	PUR SANG	3	0	0	0,00	0,00	0,00	0,00	355
COMMING PULSE	7	F	PUR SANG	1	0	0	0,00	0,00	0,00	0,00	290
ARNAGA	4	F	PUR SANG	6	0	0	0,00	0,00	0,00	0,00	195
TIM TOP	4	F	PUR SANG	1	0	0	0,00	0,00	0,00	0,00	295
NEW WAY BABY	4	F	PUR SANG	4	0	0	0,00	0,00	0,00	0,00	250
UTHER	4	H	PUR SANG	1	0	0	0,00	0,00	0,00	0,00	490
MR HOLLYWOOD	6	H	PUR SANG	1	0	0	0,00	0,00	0,00	0,00	475
SIX KINGS	4	H	PUR SANG	1	0	0	0,00	0,00	0,00	0,00	
BARITON BEAR	4	H	PUR SANG	2	0	0	0,00	0,00	0,00	0,00	275
SAN FANTASMA	4	F	PUR SANG	3	0	0	0,00	0,00	0,00	0,00	215
FRANCESCOLI	4	H	PUR SANG	1	0	0	0,00	0,00	0,00	0,00	340
WELCH FUSILIER	6	H	PUR SANG	1	0	0	0,00	0,00	0,00	0,00	235
VILLAIRES	6	M	PUR SANG	4	0	0	0,00	0,00	0,00	0,00	320
HOSAKA	4	F	PUR SANG	2	0	0	0,00	0,00	0,00	0,00	250
REINE DE MEDICIS	4	F	PUR SANG	2	0	0	0,00	0,00	0,00	0,00	415
EXCHANGE SQUARE	4	F	PUR SANG	1	0	0	0,00	0,00	0,00	0,00	315
MILL LANE	5	H	PUR SANG	4	0	0	0,00	0,00	0,00	0,00	150
MARINER BOY	4	H	PUR SANG	3	0	0	0,00	0,00	0,00	0,00	275
DAYANA AL GUNAY	5	F	PUR SANG	1	0	0	0,00	0,00	0,00	0,00	
CLEOPATRA AL GUNAY	5	F	PUR SANG	1	0	0	0,00	0,00	0,00	0,00	240
PASHA AL GUNAY	5	M	PUR SANG	3	0	0	0,00	0,00	0,00	0,00	250
DANCE AHEAD	6	H	PUR SANG	2	0	0	0,00	0,00	0,00	0,00	255
PHILIPPO	6	M	PUR SANG	1	0	0	0,00	0,00	0,00	0,00	420
SANTO	5	H	PUR SANG	3	0	0	0,00	0,00	0,00	0,00	245
SUPERMAX	4	H	PUR SANG	3	0	0	0,00	0,00	0,00	0,00	240
QUEEN'S REIGN	5	F	PUR SANG	1	0	0	0,00	0,00	0,00	0,00	
BONDINI	5	F	PUR SANG	1	0	0	0,00	0,00	0,00	0,00	185
ISFAND	5	F	PUR SANG	1	0	0	0,00	0,00	0,00	0,00	400
MAEVA'S STAR	3	F	PUR SANG	1	0	0	0,00	0,00	0,00	0,00	305
FAST TRACKER	5	H	PUR SANG	1	0	0	0,00	0,00	0,00	0,00	
LA LA VANDE	3	F	PUR SANG	1	0	0	0,00	0,00	0,00	0,00	
PUCK	3	M	PUR SANG	1	0	0	0,00	0,00	0,00	0,00	
LISICLES	7	M	PUR SANG	3	0	0	0,00	0,00	0,00	0,00	395
BEAUTIFUL DIAMOND	5	F	PUR SANG	1	0	0	0,00	0,00	0,00	0,00	460
FALLEN ANGEL	5	F	PUR SANG	1	0	0	0,00	0,00	0,00	0,00	505
REAL LOVE	5	F	PUR SANG	1	0	0	0,00	0,00	0,00	0,00	
WILD COOPER	3	H	PUR SANG	2	0	0	0,00	0,00	0,00	0,00	
BAVAROISE	3	F	PUR SANG	2	0	0	0,00	0,00	0,00	0,00	250
GLAMOURDALE	4	H	PUR SANG	2	0	0	0,00	0,00	0,00	0,00	265
REINE DU CIEL	4	F	PUR SANG	1	0	0	0,00	0,00	0,00	0,00	315
MESSINA	5	F	PUR SANG	1	0	0	0,00	0,00	0,00	0,00	345
CTE DU BERGER	3	H	PUR SANG	2	0	0	0,00	0,00	0,00	0,00	
BREEZE D'AUTEUIL	5	H	PUR SANG	1	0	0	0,00	0,00	0,00	0,00	440
DRESSMAN	6	H	PUR SANG	1	0	0	0,00	0,00	0,00	0,00	345
AKAYA	3	F	PUR SANG	1	0	0	0,00	0,00	0,00	0,00	
CLEOPATRE	4	F	PUR SANG	1	0	0	0,00	0,00	0,00	0,00	235
EPSOM NAVY CEN	3	M	PUR SANG	1	0	0	0,00	0,00	0,00	0,00	
UNION HELPER CEN	3	F	PUR SANG	2	0	0	0,00	0,00	0,00	0,00	335
AUSSIE TEMPER CEN	3	F	PUR SANG	2	0	0	0,00	0,00	0,00	0,00	
WARREN HILL	4	H	PUR SANG	1	0	0	0,00	0,00	0,00	0,00	
ESTONIA MOON	5	H	PUR SANG	1	0	0	0,00	0,00	0,00	0,00	155
ABSOLUTO	3	H	PUR SANG	3	0	0	0,00	0,00	0,00	0,00	250
SWEET OHANA	3	F	PUR SANG	1	0	0	0,00	0,00	0,00	0,00	
MISS OXFORD	5	F	PUR SANG	2	0	0	0,00	0,00	0,00	0,00	405
NUGHAYA FAL	3	F	PUR SANG	5	0	0	0,00	0,00	0,00	0,00	240
MARIOENTO	5	H	PUR SANG	2	0	0	0,00	0,00	0,00	0,00	220
SPARKS FLY	6	F	PUR SANG	1	0	0	0,00	0,00	0,00	0,00	
TIME GOES ON	4	F	PUR SANG	3	0	0	0,00	0,00	0,00	0,00	390
LA BONNE ETOILE	4	F	PUR SANG	3	0	0	0,00	0,00	0,00	0,00	385
LOVEBIRD	6	F	PUR SANG	1	0	0	0,00	0,00	0,00	0,00	190
ZOUM ZOUM	5	H	PUR SANG	1	0	0	0,00	0,00	0,00	0,00	460
STAR'S SOPRAN	3	M	PUR SANG	1	0	0	0,00	0,00	0,00	0,00	240
CLIMATIC	4	H	PUR SANG	2	0	0	0,00	0,00	0,00	0,00	495
REBEL MOON	3	F	PUR SANG	1	0	0	0,00	0,00	0,00	0,00	490
NIKAIA	3	F	PUR SANG	1	0	0	0,00	0,00	0,00	0,00	
KECH	3	H	PUR SANG	1	0	0	0,00	0,00	0,00	0,00	
PIETRA FORTUNATA	3	F	PUR SANG	1	0	0	0,00	0,00	0,00	0,00	
RHAPSODY	4	F	PUR SANG	1	0	0	0,00	0,00	0,00	0,00	460
WONDER STAR	4	F	PUR SANG	1	0	0	0,00	0,00	0,00	0,00	
ROOFOFTHEWORLD	5	H	PUR SANG	1	0	0	0,00	0,00	0,00	0,00	180
PORTREATH	6	H	PUR SANG	1	0	0	0,00	0,00	0,00	0,00	295
ULURU	5	F	PUR SANG	1	0	0	0,00	0,00	0,00	0,00	440
PERSIAN SUN	4	H	PUR SANG	2	0	0	0,00	0,00	0,00	0,00	240
LARRY WINK	3	M	PUR SANG	3	0	0	0,00	0,00	0,00	0,00	300
EGGLESTON	4	M	PUR SANG	1	0	0	0,00	0,00	0,00	0,00	310
WHITE SHAMROCK	4	F	PUR SANG	1	0	0	0,00	0,00	0,00	0,00	360
PRIMO VIOLETTO	6	H	PUR SANG	1	0	0	0,00	0,00	0,00	0,00	
CLASSIC SOVEREIGN	4	H	PUR SANG	3	0	0	0,00	0,00	0,00	0,00	310
KHYRILOVITCH	4	H	PUR SANG	3	0	0	0,00	0,00	0,00	0,00	220
ANSPRUCH	5	H	PUR SANG	1	0	0	0,00	0,00	0,00	0,00	435
SMERWICK	4	F	PUR SANG	2	0	0	0,00	0,00	0,00	0,00	290
PEONE	4	H	PUR SANG	4	0	0	0,00	0,00	0,00	0,00	185
FRANCIGENA	3	F	PUR SANG	2	0	0	0,00	0,00	0,00	0,00	
LILI MARLEEN	4	F	PUR SANG	2	0	0	0,00	0,00	0,00	0,00	320
ASSET	2	M	PUR SANG	1	0	0	0,00	0,00	0,00	0,00	
RIKI SAN	2	H	PUR SANG	1	0	0	0,00	0,00	0,00	0,00	
HAND OF GOD	5	H	PUR SANG	1	0	0	0,00	0,00	0,00	0,00	485
KIMBAL	2	M	PUR SANG	1	0	0	0,00	0,00	0,00	0,00	
GARUDA	5	F	PUR SANG	1	0	0	0,00	0,00	0,00	0,00	190
DAKOTA GRACE	3	F	PUR SANG	3	0	0	0,00	0,00	0,00	0,00	285
BALTIC JUBILEE	3	F	PUR SANG	2	0	0	0,00	0,00	0,00	0,00	
LA TRAVERSETTE	3	F	PUR SANG	3	0	0	0,00	0,00	0,00	0,00	300
FELICITAS	3	F	PUR SANG	1	0	0	0,00	0,00	0,00	0,00	465
ISAAC NEWTON	3	M	PUR SANG	1	0	0	0,00	0,00	0,00	0,00	500
MARILLEVA	3	F	PUR SANG	1	0	0	0,00	0,00	0,00	0,00	
PRO SAX	2	M	PUR SANG	1	0	0	0,00	0,00	0,00	0,00	
VEGA'S MUSE	4	F	PUR SANG	1	0	0	0,00	0,00	0,00	0,00	375
HOLA FLACA	2	F	PUR SANG	1	0	0	0,00	0,00	0,00	0,00	
SAME RULES APPLY	4	H	PUR SANG	2	0	0	0,00	0,00	0,00	0,00	270
ART MARKET	4	H	PUR SANG	1	0	0	0,00	0,00	0,00	0,00	340
PEGSPACE FAL	2	M	PUR SANG	1	0	0	0,00	0,00	0,00	0,00	
FRANKINI	4	H	PUR SANG	2	0	0	0,00	0,00	0,00	0,00	315
ALL LUCKY	2	F	PUR SANG	2	0	0	0,00	0,00	0,00	0,00	
MAG MAS	2	H	PUR SANG	1	0	0	0,00	0,00	0,00	0,00	
EL ETERNITY	4	H	PUR SANG	1	0	0	0,00	0,00	0,00	0,00	
GENTLE BEAR	4	H	PUR SANG	1	0	0	0,00	0,00	0,00	0,00	240
DAWN SPIRIT	4	F	PUR SANG	1	0	0	0,00	0,00	0,00	0,00	
GREEN SPAIN	2	F	PUR SANG	1	0	0	0,00	0,00	0,00	0,00	
BANDIDA ESTRELLITA	4	F	PUR SANG	1	0	0	0,00	0,00	0,00	0,00	280
BIDEEW	3	F	PUR SANG	3	0	0	0,00	0,00	0,00	0,00	
KAMAND	4	F	PUR SANG	1	0	0	0,00	0,00	0,00	0,00	
BUSY KITTEN'S JOY	3	H	PUR SANG	1	0	0	0,00	0,00	0,00	0,00	
PRIDE OF ARRAS	4	H	PUR SANG	1	0	0	0,00	0,00	0,00	0,00	
ROSY AFFAIR	5	F	PUR SANG	1	0	0	0,00	0,00	0,00	0,00	485
TURTY TREE	3	M	PUR SANG	1	0	0	0,00	0,00	0,00	0,00	385
NAPKA FAL	3	F	PUR SANG	2	0	0	0,00	0,00	0,00	0,00	315
RED LETTER	4	F	PUR SANG	1	0	0	0,00	0,00	0,00	0,00	500
ROSE GREEN	3	F	PUR SANG	2	0	0	0,00	0,00	0,00	0,00	
TULLIS	3	F	PUR SANG	4	0	0	0,00	0,00	0,00	0,00	260
ROUGE	5	M	PUR SANG	3	0	0	0,00	0,00	0,00	0,00	250
GAME OF STARS	3	H	PUR SANG	1	0	0	0,00	0,00	0,00	0,00	
SPANISH VEGA	5	H	PUR SANG	1	0	0	0,00	0,00	0,00	0,00	200
GENEVA GEM	3	F	PUR SANG	1	0	0	0,00	0,00	0,00	0,00	
DIAMOND EXCHANGE	4	F	PUR SANG	1	0	0	0,00	0,00	0,00	0,00	360
MARYS NOT CONTRARY	4	F	PUR SANG	4	0	0	0,00	0,00	0,00	0,00	250
LA SALUTE	3	F	PUR SANG	3	0	0	0,00	0,00	0,00	0,00	300
PAPPAGENA	3	F	PUR SANG	1	0	0	0,00	0,00	0,00	0,00	
ARCO DEI FUMI	3	F	PUR SANG	1	0	0	0,00	0,00	0,00	0,00	
DEBROUILLARDE	3	F	PUR SANG	1	0	0	0,00	0,00	0,00	0,00	
SYDNEY GIRLS	2	F	PUR SANG	1	0	0	0,00	0,00	0,00	0,00	
IRON ARROW	4	H	PUR SANG	1	0	0	0,00	0,00	0,00	0,00	250
CAPBEARD FAL	2	F	PUR SANG	2	0	0	0,00	0,00	0,00	0,00	
CAPTAIN AMERICWAN	2	H	PUR SANG	2	0	0	0,00	0,00	0,00	0,00	
WOLLEMI	3	H	PUR SANG	1	0	0	0,00	0,00	0,00	0,00	415
TEN ICE	3	F	PUR SANG	1	0	0	0,00	0,00	0,00	0,00	340
NEVERBELL	3	F	PUR SANG	1	0	0	0,00	0,00	0,00	0,00	
HOT MAN	2	M	PUR SANG	1	0	0	0,00	0,00	0,00	0,00	
POWAI	3	H	PUR SANG	1	0	0	0,00	0,00	0,00	0,00	415
LAMINARIA	4	F	PUR SANG	1	0	0	0,00	0,00	0,00	0,00	330
FINE BUBBLES	3	F	PUR SANG	1	0	0	0,00	0,00	0,00	0,00	365
WESTMINSTER FIRE	2	M	PUR SANG	2	0	0	0,00	0,00	0,00	0,00	
MON VIEUX JEAN	4	H	PUR SANG	1	0	0	0,00	0,00	0,00	0,00	530
LAWYER	3	M	PUR SANG	1	0	0	0,00	0,00	0,00	0,00	
SON OF REALITY	4	H	PUR SANG	1	0	0	0,00	0,00	0,00	0,00	230
LILT	3	F	PUR SANG	1	0	0	0,00	0,00	0,00	0,00	
TATTYCORAM	4	F	PUR SANG	1	0	0	0,00	0,00	0,00	0,00	500
OVEDENSA	2	F	PUR SANG	2	0	0	0,00	0,00	0,00	0,00	
PIZ PALU	4	H	PUR SANG	2	0	0	0,00	0,00	0,00	0,00	225
MIDYAN	3	M	PUR SANG	1	0	0	0,00	0,00	0,00	0,00	
ABRAKADABRA	3	F	PUR SANG	1	0	0	0,00	0,00	0,00	0,00	
STONE EYE	4	M	PUR SANG	1	0	0	0,00	0,00	0,00	0,00	
ROGUE DIPLOMAT	4	M	PUR SANG	1	0	0	0,00	0,00	0,00	0,00	445
FILLE DE LOUISE	3	F	PUR SANG	4	0	0	0,00	0,00	0,00	0,00	250
NEVER LET GO	4	F	PUR SANG	1	0	0	0,00	0,00	0,00	0,00	450
BROSNA	3	F	PUR SANG	1	0	0	0,00	0,00	0,00	0,00	
JAAMIR	5	H	PUR SANG	2	0	0	0,00	0,00	0,00	0,00	150
KATELL GOLETT	3	F	PUR SANG	1	0	0	0,00	0,00	0,00	0,00	
CHERRY LOU	5	F	PUR SANG	1	0	0	0,00	0,00	0,00	0,00	
CAPIZA	3	F	PUR SANG	1	0	0	0,00	0,00	0,00	0,00	320
LIZETTE	3	F	PUR SANG	1	0	0	0,00	0,00	0,00	0,00	355
SARCASTIQUE	3	F	PUR SANG	2	0	0	0,00	0,00	0,00	0,00	
JESSE GREY	4	H	PUR SANG	1	0	0	0,00	0,00	0,00	0,00	230
NESRYN	3	F	PUR SANG	2	0	0	0,00	0,00	0,00	0,00	
STAY AROUND	4	H	PUR SANG	1	0	0	0,00	0,00	0,00	0,00	260
ORION'S BELT	3	F	PUR SANG	1	0	0	0,00	0,00	0,00	0,00	430
CATH HOCHE	3	F	PUR SANG	1	0	0	0,00	0,00	0,00	0,00	380
GREEN SENSE	3	F	PUR SANG	1	0	0	0,00	0,00	0,00	0,00	
EARTH SHOT	3	F	PUR SANG	1	0	0	0,00	0,00	0,00	0,00	495
COMMEVOUSSOUHAITEZ	3	F	PUR SANG	1	0	0	0,00	0,00	0,00	0,00	
FINOCCHIO	3	M	PUR SANG	1	0	0	0,00	0,00	0,00	0,00	
TOWER OF TRIPOLI	3	M	PUR SANG	1	0	0	0,00	0,00	0,00	0,00	
AIME RAPIDS	3	F	PUR SANG	1	0	0	0,00	0,00	0,00	0,00	
JAMAICA BAY	3	F	PUR SANG	1	0	0	0,00	0,00	0,00	0,00	
MOONLIGHT DREAMER	6	H	PUR SANG	1	0	0	0,00	0,00	0,00	0,00	150
LADY SHAMROCK	3	F	PUR SANG	4	0	0	0,00	0,00	0,00	0,00	315
WAARDAH	4	F	PUR SANG	1	0	0	0,00	0,00	0,00	0,00	505
TIME TO TURN	3	M	PUR SANG	1	0	0	0,00	0,00	0,00	0,00	485
WILD DESERT	3	M	PUR SANG	1	0	0	0,00	0,00	0,00	0,00	470
WISE APPROACH	3	M	PUR SANG	1	0	0	0,00	0,00	0,00	0,00	505
SIXPENCE	5	M	PUR SANG	1	0	0	0,00	0,00	0,00	0,00	535
WANDERLUST	4	H	PUR SANG	1	0	0	0,00	0,00	0,00	0,00	
VERSAILLES GLORY	3	M	PUR SANG	2	0	0	0,00	0,00	0,00	0,00	
AKVAREL	4	F	PUR SANG	2	0	0	0,00	0,00	0,00	0,00	325
TRUE TEST	3	F	PUR SANG	1	0	0	0,00	0,00	0,00	0,00	405
PEARL FORTUNE	3	F	PUR SANG	2	0	0	0,00	0,00	0,00	0,00	460
GRAN VENTURA	4	F	PUR SANG	1	0	0	0,00	0,00	0,00	0,00	
ISLAND SUNRISE	4	F	PUR SANG	2	0	0	0,00	0,00	0,00	0,00	250
YELLOW DREAM	4	F	PUR SANG	1	0	0	0,00	0,00	0,00	0,00	315
LIMESTONE	3	M	PUR SANG	1	0	0	0,00	0,00	0,00	0,00	475
MOMENTS OF JOY	3	F	PUR SANG	2	0	0	0,00	0,00	0,00	0,00	445
PIERRE BONNARD	3	M	PUR SANG	1	0	0	0,00	0,00	0,00	0,00	525
GREAT SPHINX	3	M	PUR SANG	1	0	0	0,00	0,00	0,00	0,00	
CAUSEWAY	3	M	PUR SANG	1	0	0	0,00	0,00	0,00	0,00	505
DORSET	3	M	PUR SANG	2	0	0	0,00	0,00	0,00	0,00	455
SUGAR ISLAND	3	F	PUR SANG	2	0	0	0,00	0,00	0,00	0,00	460
VENOSA	3	F	PUR SANG	1	0	0	0,00	0,00	0,00	0,00	
COMPOSING	3	F	PUR SANG	2	0	0	0,00	0,00	0,00	0,00	460
CAMEO	3	F	PUR SANG	1	0	0	0,00	0,00	0,00	0,00	460
STREET CRY STAR	3	M	PUR SANG	1	0	0	0,00	0,00	0,00	0,00	
FEUERSTERN	4	H	PUR SANG	1	0	0	0,00	0,00	0,00	0,00	240
ZOROBABELE DI YORK	3	H	PUR SANG	1	0	0	0,00	0,00	0,00	0,00	
SONADOOR	4	F	PUR SANG	1	0	0	0,00	0,00	0,00	0,00	300
FRENCH MASTER	5	H	PUR SANG	1	0	0	0,00	0,00	0,00	0,00	490
TAMOKA	2	F	PUR SANG	1	0	0	0,00	0,00	0,00	0,00	
EMILIE ROMAGNE	2	F	PUR SANG	1	0	0	0,00	0,00	0,00	0,00	
OCEANIA	2	F	PUR SANG	1	0	0	0,00	0,00	0,00	0,00	
WETSAND	3	F	PUR SANG	1	0	0	0,00	0,00	0,00	0,00	
EURIALO	5	H	PUR SANG	3	0	0	0,00	0,00	0,00	0,00	
ZUENDER	3	H	PUR SANG	1	0	0	0,00	0,00	0,00	0,00	
BOTAGOZ	3	F	PUR SANG	1	0	0	0,00	0,00	0,00	0,00	505
NOBLE RED	3	F	PUR SANG	2	0	0	0,00	0,00	0,00	0,00	265
KANAGAWA	3	H	PUR SANG	2	0	0	0,00	0,00	0,00	0,00	
AL QAYSIYYA	3	F	PUR SANG	2	0	0	0,00	0,00	0,00	0,00	
RIBBON OF SEA	3	F	PUR SANG	1	0	0	0,00	0,00	0,00	0,00	405
ASALET	3	H	PUR SANG	1	0	0	0,00	0,00	0,00	0,00	
EXCLAMATION	3	M	PUR SANG	1	0	0	0,00	0,00	0,00	0,00	
TRAITORS GATE	2	M	PUR SANG	1	0	0	0,00	0,00	0,00	0,00	
GOSTAM	3	M	PUR SANG	1	0	0	0,00	0,00	0,00	0,00	505
POKER	3	M	PUR SANG	1	0	0	0,00	0,00	0,00	0,00	360
AEIH	3	F	PUR SANG	3	0	0	0,00	0,00	0,00	0,00	255
BIG HEART	3	F	PUR SANG	1	0	0	0,00	0,00	0,00	0,00	
CHEATER	4	F	PUR SANG	2	0	0	0,00	0,00	0,00	0,00	
CHERRY CHILLI	2	F	PUR SANG	1	0	0	0,00	0,00	0,00	0,00	
LIBERTY LOU	2	F	PUR SANG	1	0	0	0,00	0,00	0,00	0,00	
OCTAVIO	5	H	PUR SANG	2	0	0	0,00	0,00	0,00	0,00	
SACRED GROUND	3	F	PUR SANG	1	0	0	0,00	0,00	0,00	0,00	435
NO TRACE	2	F	PUR SANG	1	0	0	0,00	0,00	0,00	0,00	
CHAMPAGNE SUNSET	2	F	PUR SANG	1	0	0	0,00	0,00	0,00	0,00	
MACHA'S DREAM	2	F	PUR SANG	1	0	0	0,00	0,00	0,00	0,00	
MARITIME MIST	6	F	PUR SANG	1	0	0	0,00	0,00	0,00	0,00	
LAMARA	4	F	PUR SANG	1	0	0	0,00	0,00	0,00	0,00	
KESTELI	2	H	PUR SANG	1	0	0	0,00	0,00	0,00	0,00	
BIRDCALL	3	F	PUR SANG	2	0	0	0,00	0,00	0,00	0,00	
ALMUGURA	2	F	PUR SANG	1	0	0	0,00	0,00	0,00	0,00	
ARDAGAN	3	H	PUR SANG	1	0	0	0,00	0,00	0,00	0,00	
WESTERN RULER	4	H	PUR SANG	1	0	0	0,00	0,00	0,00	0,00	
SASHAY AWAY	3	F	PUR SANG	1	0	0	0,00	0,00	0,00	0,00	
HIGHLIGHTING	3	F	PUR SANG	2	0	0	0,00	0,00	0,00	0,00	
HANYA	3	F	PUR SANG	1	0	0	0,00	0,00	0,00	0,00	
MAGIC FIRE	3	M	PUR SANG	2	0	0	0,00	0,00	0,00	0,00	
OCEAN ODYSSEY	5	H	PUR SANG	2	0	0	0,00	0,00	0,00	0,00	
STRIKE IT RICH	3	H	PUR SANG	1	0	0	0,00	0,00	0,00	0,00	
CRITICAL THINKER	2	M	PUR SANG	1	0	0	0,00	0,00	0,00	0,00	
CLASSIC CUVEE	3	F	PUR SANG	1	0	0	0,00	0,00	0,00	0,00	
BAMAKO BEACH	3	M	PUR SANG	1	0	0	0,00	0,00	0,00	0,00	475
YAUPON DE REPLAY	3	F	PUR SANG	1	0	0	0,00	0,00	0,00	0,00	
SOUL LOVE	3	F	PUR SANG	1	0	0	0,00	0,00	0,00	0,00	
KATHY LIGHT	3	F	PUR SANG	1	0	0	0,00	0,00	0,00	0,00	350
KATHY STYLE	3	F	PUR SANG	1	0	0	0,00	0,00	0,00	0,00	315
ORTHODOX	2	M	PUR SANG	1	0	0	0,00	0,00	0,00	0,00	
MINZELLE	2	F	PUR SANG	1	0	0	0,00	0,00	0,00	0,00	
TRUE DAWN	3	F	PUR SANG	1	0	0	0,00	0,00	0,00	0,00	
IWAJUR	3	M	PUR SANG	2	0	0	0,00	0,00	0,00	0,00	
DON GERASIMOS	3	H	PUR SANG	1	0	0	0,00	0,00	0,00	0,00	
BAKER BLUE	3	H	PUR SANG	1	0	0	0,00	0,00	0,00	0,00	435
LADY GARFIELD	3	F	PUR SANG	1	0	0	0,00	0,00	0,00	0,00	
ROXELINA	2	F	PUR SANG	1	0	0	0,00	0,00	0,00	0,00	385
SHANTIR	2	F	PUR SANG	1	0	0	0,00	0,00	0,00	0,00	
ROSA INGLESA	3	F	PUR SANG	1	0	0	0,00	0,00	0,00	0,00	410
REINA SIOUX	2	F	PUR SANG	1	0	0	0,00	0,00	0,00	0,00	
BREATH OF PARADISE	2	M	PUR SANG	1	0	0	0,00	0,00	0,00	0,00	
SMOKEY SPIRIT	2	H	PUR SANG	2	0	0	0,00	0,00	0,00	0,00	
HARDSTYLE	3	H	PUR SANG	1	0	0	0,00	0,00	0,00	0,00	
ABABEL	2	H	PUR SANG	1	0	0	0,00	0,00	0,00	0,00	
NICELY	2	F	PUR SANG	1	0	0	0,00	0,00	0,00	0,00	
TERMINOLOGY	2	F	PUR SANG	1	0	0	0,00	0,00	0,00	0,00	350
URBAN COTAI	3	F	PUR SANG	3	0	0	0,00	0,00	0,00	0,00	
TRIBECA	2	M	PUR SANG	1	0	0	0,00	0,00	0,00	0,00	465
VALLEE DE MAI	3	F	PUR SANG	1	0	0	0,00	0,00	0,00	0,00	
DE LA LUNA	5	F	PUR SANG	1	0	0	0,00	0,00	0,00	0,00	
JANNAH BELLE	2	F	PUR SANG	1	0	0	0,00	0,00	0,00	0,00	
ARTHUR BEAR	2	M	PUR SANG	1	0	0	0,00	0,00	0,00	0,00	
NO FRANCAIS	2	M	PUR SANG	1	0	0	0,00	0,00	0,00	0,00	
BIG HUG	2	F	PUR SANG	1	0	0	0,00	0,00	0,00	0,00	
MYANMAR	3	M	PUR SANG	2	0	0	0,00	0,00	0,00	0,00	
CHICABOO	3	M	PUR SANG	1	0	0	0,00	0,00	0,00	0,00	
STRAUSS	5	M	PUR SANG	1	0	0	0,00	0,00	0,00	0,00	520
MOSAMIX	2	F	PUR SANG	1	0	0	0,00	0,00	0,00	0,00	
SPARAN NUA	3	F	PUR SANG	1	0	0	0,00	0,00	0,00	0,00	535
VENETIA	3	F	PUR SANG	1	0	0	0,00	0,00	0,00	0,00	430
GAJ OF QUALITY	2	M	PUR SANG	2	0	0	0,00	0,00	0,00	0,00	
AMIRES	2	F	PUR SANG	2	0	0	0,00	0,00	0,00	0,00	
HALLO SPACEBOY	3	M	PUR SANG	1	0	0	0,00	0,00	0,00	0,00	405
ROCKING ROXANNE	2	F	PUR SANG	1	0	0	0,00	0,00	0,00	0,00	
DEE'S FUNNY GIRL	2	F	PUR SANG	1	0	0	0,00	0,00	0,00	0,00	450
TRIBAL QUEEN	3	F	PUR SANG	1	0	0	0,00	0,00	0,00	0,00	
ISABELLA GIGANTE	3	F	PUR SANG	2	0	0	0,00	0,00	0,00	0,00	
DISCOVERY DAY	6	H	PUR SANG	1	0	0	0,00	0,00	0,00	0,00	400
ICE ROCK	3	M	PUR SANG	1	0	0	0,00	0,00	0,00	0,00	
REGAL CHARM	4	F	PUR SANG	1	0	0	0,00	0,00	0,00	0,00	450
