Cheval	Âge	Sexe	Race	Courses	Victoires	Places	Allocation tot.	Prime Prop.	Alloc. + Prime Prop.	Gain moyen	Valeur
DIAMOND NECKLACE	3	F	PUR SANG	3	2	1	977110,00	195422,00	1172532,00	325703,33	545
RAYIF	3	M	PUR SANG	3	2	1	954250,00	0,00	954250,00	318083,33	545
CONSTITUTION RIVER	3	M	PUR SANG	1	1	0	857100,00	171420,00	1028520,00	857100,00	560
HAWK MOUNTAIN	3	M	PUR SANG	2	1	1	379500,00	0,00	379500,00	189750,00	525
AVENTURE	5	F	PUR SANG	4	2	2	353520,00	87661,00	441181,00	88380,00	535
MALTESE CROSS	3	M	PUR SANG	1	1	0	342840,00	68568,00	411408,00	342840,00	515
PINK PANTHERA	3	F	PUR SANG	7	3	4	316441,00	111599,00	428040,00	45205,86	515
DARYZ	4	M	PUR SANG	2	2	0	314270,00	62854,00	377124,00	157135,00	575
SAMANGAN	3	M	PUR SANG	4	1	3	261932,00	0,00	261932,00	65483,00	535
ZEUS OLYMPIOS	4	M	PUR SANG	1	0	1	228600,00	0,00	228600,00	228600,00	540
CALANDAGAN	5	H	PUR SANG	1	1	0	228560,00	0,00	228560,00	228560,00	575
CABALLO DE MAR	5	H	PUR SANG	1	1	0	228560,00	0,00	228560,00	228560,00	520
THESECRETADVERSARY	3	M	PUR SANG	2	1	0	228560,00	0,00	228560,00	114280,00	520
SENORITA BONITA	2	F	PUR SANG	1	1	0	199990,00	0,00	199990,00	199990,00	485
MONTREAL	3	M	PUR SANG	3	0	3	189840,00	0,00	189840,00	63280,00	525
KOMOREBI	3	H	PUR SANG	4	1	1	185190,00	0,00	185190,00	46297,50	515
NO LUNCH	5	M	PUR SANG	5	4	1	183530,00	68313,00	251843,00	36706,00	525
PRECISE	3	F	PUR SANG	2	0	2	182880,00	0,00	182880,00	91440,00	520
BRIGHT PICTURE	5	H	PUR SANG	3	2	1	173010,00	60709,00	233719,00	57670,00	530
BLUE BOLT	4	F	PUR SANG	1	1	0	171420,00	0,00	171420,00	171420,00	540
ALAM	3	M	PUR SANG	5	1	4	157468,00	56784,00	214252,00	31493,60	510
THE LAST DANCE	3	F	PUR SANG	3	2	1	150880,00	44008,00	194888,00	50293,33	500
TOKAIDO	2	H	PUR SANG	5	4	1	150786,00	0,00	150786,00	30157,20	485
MASTER MAN	2	M	PUR SANG	3	2	1	146410,00	12306,00	158716,00	48803,33	460
GAZI	3	M	PUR SANG	5	1	4	145014,00	11260,00	156274,00	29002,80	460
BEHRAYNA	3	F	PUR SANG	4	4	0	141930,00	106446,00	248376,00	35482,50	515
ANCIENT EGYPT	3	M	PUR SANG	1	0	1	137160,00	0,00	137160,00	137160,00	500
SILIUS	4	M	PUR SANG	7	3	4	134140,00	60362,00	194502,00	19162,86	500
HALF HALF	6	H	PUR SANG	10	2	7	132006,00	59398,00	191404,00	13200,60	455
NIGHTTIME	3	M	PUR SANG	4	1	2	128190,00	70996,00	199186,00	32047,50	510
SANTORINI STAR	5	F	PUR SANG	2	0	2	127675,00	0,00	127675,00	63837,50	505
CUALIFICAR	4	M	PUR SANG	4	0	4	120090,00	0,00	120090,00	30022,50	545
PEARLED MAJESTY	3	M	PUR SANG	4	3	0	117230,00	0,00	117230,00	29307,50	500
STOLEN KISS	4	M	PUR SANG	5	3	1	116634,00	41626,00	158260,00	23326,80	530
ZELZARI	5	H	PUR SANG	8	4	4	116196,00	52284,00	168480,00	14524,50	505
INIS MOR	3	F	PUR SANG	1	0	1	114300,00	22860,00	137160,00	114300,00	460
BAROUD	3	M	PUR SANG	5	2	3	111008,00	0,00	111008,00	22201,60	530
SUNLY	4	F	PUR SANG	3	1	2	108500,00	0,00	108500,00	36166,67	525
DRAZINDA	2	F	PUR SANG	5	3	2	107890,00	75411,00	183301,00	21578,00	470
AL AASY	9	H	PUR SANG	1	1	0	104310,00	0,00	104310,00	104310,00	505
KOSUMA	2	F	PUR SANG	4	3	1	104005,00	56001,00	160006,00	26001,25	495
LAPOTHEOSE	3	F	PUR SANG	3	3	0	103030,00	77271,00	180301,00	34343,33	505
TRUE LOVE	3	F	PUR SANG	2	0	2	102308,00	0,00	102308,00	51154,00	510
ASMARANI	4	H	PUR SANG	4	3	1	100640,00	0,00	100640,00	25160,00	515
MAZZALA	3	H	PUR SANG	5	4	1	100610,00	75456,00	176066,00	20122,00	505
RABBIT'S FOOT	4	F	PUR SANG	3	2	1	100410,00	45184,00	145594,00	33470,00	485
WOOT WOOT	2	F	PUR SANG	4	2	2	97716,00	73286,00	171002,00	24429,00	490
NAOMIS	3	F	PUR SANG	4	2	2	97200,00	72899,00	170099,00	24300,00	480
MISE EN BOITE	4	M	PUR SANG	6	2	3	96502,00	43425,00	139927,00	16083,67	495
DEFIANTLY	4	H	PUR SANG	1	1	0	93879,00	42245,00	136124,00	93879,00	480
HORIZON DORE	6	H	PUR SANG	7	2	5	93432,00	42044,00	135476,00	13347,43	500
VARANDIR	3	M	PUR SANG	4	3	1	93260,00	51101,00	144361,00	23315,00	510
VICTOIRE MAGIQUE	3	M	PUR SANG	8	3	3	90900,00	68173,00	159073,00	11362,50	485
CALAS	6	H	PUR SANG	6	3	3	87010,00	39153,00	126163,00	14501,67	485
DIVISION	3	M	PUR SANG	1	0	1	86868,00	0,00	86868,00	86868,00	510
HABIBI	3	F	PUR SANG	4	0	4	86470,00	33447,00	119917,00	21617,50	490
CLAVUS	5	M	PUR SANG	6	4	2	86229,00	38801,00	125030,00	14371,50	465
BARBATE	6	H	PUR SANG	6	4	2	85744,00	38582,00	124326,00	14290,67	490
A BOY NAMED SUSIE	3	M	PUR SANG	1	0	1	85650,00	0,00	85650,00	85650,00	485
KARLA JET	4	F	PUR SANG	6	2	3	84925,00	38215,00	123140,00	14154,17	475
LEFFARD	4	M	PUR SANG	4	0	2	83330,00	23211,00	106541,00	20832,50	525
SPACE WALTZ	3	M	PUR SANG	4	1	3	83040,00	0,00	83040,00	20760,00	490
CARRY THE FLAG	2	M	PUR SANG	1	0	1	80010,00	0,00	80010,00	80010,00	460
MALIKAT AL REMAL	2	F	PUR SANG	1	1	0	80000,00	0,00	80000,00	80000,00	
I WILL BE KING	2	M	PUR SANG	1	1	0	80000,00	0,00	80000,00	80000,00	
AVEC TOI	2	M	PUR SANG	3	3	0	77750,00	0,00	77750,00	25916,67	500
KAILANI	3	M	PUR SANG	10	3	3	77280,00	57959,00	135239,00	7728,00	465
MOONDANCE	2	F	PUR SANG	5	1	4	77182,00	20836,00	98018,00	15436,40	455
CHESTNUT ROCKET	4	M	PUR SANG	5	1	3	76325,00	34346,00	110671,00	15265,00	510
HANKELOW	3	M	PUR SANG	2	0	1	74295,00	0,00	74295,00	37147,50	515
ARALIA	2	F	PUR SANG	5	1	4	72236,00	26877,00	99113,00	14447,20	435
MY CALYX CEN	3	M	PUR SANG	4	3	0	71800,00	53849,00	125649,00	17950,00	480
PARACHUTISTE	4	H	PUR SANG	4	1	3	71760,00	32292,00	104052,00	17940,00	500
NARISSA	3	F	PUR SANG	4	1	2	71195,00	36123,00	107318,00	17798,75	485
THE SHADOW	4	F	PUR SANG	7	2	5	71153,00	32012,00	103165,00	10164,71	390
GRAND SCOOP	5	H	PUR SANG	9	1	7	70562,00	0,00	70562,00	7840,22	405
GREEN SPIRIT	3	F	PUR SANG	4	0	2	70185,00	0,00	70185,00	17546,25	485
BOX OFFICER	3	H	PUR SANG	9	2	7	69559,00	52167,00	121726,00	7728,78	460
VATICANA	3	F	PUR SANG	8	2	3	69486,00	52113,00	121599,00	8685,75	470
ELASTIC	3	M	PUR SANG	4	1	3	69360,00	41795,00	111155,00	17340,00	505
LAZZAT	5	H	PUR SANG	1	1	0	68600,00	30870,00	99470,00	68600,00	525
WAPI	5	H	PUR SANG	5	2	2	68408,00	30782,00	99190,00	13681,60	430
ZAMBEZI	3	M	PUR SANG	4	0	4	68150,00	14062,00	82212,00	17037,50	460
GOLIATH	6	H	PUR SANG	1	1	0	67830,00	0,00	67830,00	67830,00	540
SONS AND LOVERS	5	H	PUR SANG	1	1	0	67830,00	0,00	67830,00	67830,00	505
LANZELOT GOLD	5	M	PUR SANG	6	1	3	67580,00	30410,00	97990,00	11263,33	465
AFANDY	3	H	PUR SANG	5	2	2	66890,00	50167,00	117057,00	13378,00	485
CASAPUEBLO	5	H	PUR SANG	4	2	2	66820,00	30069,00	96889,00	16705,00	500
BIG LOG	6	H	PUR SANG	7	1	4	65208,00	29342,00	94550,00	9315,43	390
ROSBERG	2	M	PUR SANG	1	1	0	65000,00	0,00	65000,00	65000,00	
PIERCHIC	3	F	PUR SANG	6	0	6	64511,00	0,00	64511,00	10751,83	490
ERDENALI	3	H	PUR SANG	4	3	1	64480,00	0,00	64480,00	16120,00	495
SHOWNA	3	F	PUR SANG	4	2	1	64330,00	39596,00	103926,00	16082,50	500
ZAYDANN	4	M	PUR SANG	2	2	0	64050,00	28822,00	92872,00	32025,00	510
CHARLY	3	H	PUR SANG	5	3	1	64042,00	48031,00	112073,00	12808,40	455
COLONEL MITCH	4	H	PUR SANG	7	3	2	63844,00	28727,00	92571,00	9120,57	455
MISTER CHANG	4	H	PUR SANG	8	2	5	63701,00	28662,00	92363,00	7962,63	410
PHINEAS	4	H	PUR SANG	3	3	0	63600,00	28619,00	92219,00	21200,00	500
LETHAL BEAUTY	3	F	PUR SANG	6	1	4	63179,00	47383,00	110562,00	10529,83	460
FELIX AUX ORMES	4	M	PUR SANG	9	1	6	63159,00	28415,00	91574,00	7017,67	415
CONCORDE AGREEMENT	3	F	PUR SANG	2	1	1	62780,00	47085,00	109865,00	31390,00	500
COSY BEAR	3	H	PUR SANG	5	2	2	62758,00	42193,00	104951,00	12551,60	450
BLARNEY	4	H	PUR SANG	5	4	0	61800,00	0,00	61800,00	12360,00	425
HASSALEH	3	F	PUR SANG	2	2	0	61750,00	0,00	61750,00	30875,00	470
HUMAN EVOLUTION	5	M	PUR SANG	7	3	3	61697,00	0,00	61697,00	8813,86	415
EVITA	3	F	PUR SANG	5	0	4	60599,00	29719,00	90318,00	12119,80	480
DOUBLE MAJOR	6	H	PUR SANG	6	0	5	60560,00	27250,00	87810,00	10093,33	505
CENTRAL PARK WEST	8	H	PUR SANG	9	3	3	60131,00	27056,00	87187,00	6681,22	410
JABRACADABRA	3	H	PUR SANG	5	3	2	59440,00	36780,00	96220,00	11888,00	465
ROYALWOOD	6	F	PUR SANG	12	2	4	59212,00	26642,00	85854,00	4934,33	380
EGYPTIAN GLORY	3	F	PUR SANG	7	2	5	59135,00	44350,00	103485,00	8447,86	395
SAJIR	5	M	PUR SANG	3	1	2	58920,00	0,00	58920,00	19640,00	505
COLIN THE BRAVE	4	H	PUR SANG	6	1	5	58792,00	0,00	58792,00	9798,67	455
MELUSINE DU HOULEY	3	F	PUR SANG	8	1	5	58076,00	43554,00	101630,00	7259,50	405
HATANKA FAL	3	F	PUR SANG	7	2	4	57865,00	43398,00	101263,00	8266,43	450
SYNARAN	3	H	PUR SANG	5	2	2	57765,00	0,00	57765,00	11553,00	470
DISPATCHES	3	F	PUR SANG	4	2	2	57765,00	0,00	57765,00	14441,25	490
SEGALL	3	M	PUR SANG	5	1	2	57640,00	43230,00	100870,00	11528,00	470
DATA	2	F	PUR SANG	3	2	1	57356,00	43016,00	100372,00	19118,67	475
CALASITA	3	F	PUR SANG	4	2	2	57004,00	0,00	57004,00	14251,00	485
TORNADO ALLEY	3	M	PUR SANG	6	2	3	56642,00	42481,00	99123,00	9440,33	420
HELLO JO	3	M	PUR SANG	6	2	4	56559,00	42416,00	98975,00	9426,50	455
HELLO AVENUE	3	F	PUR SANG	8	2	5	56443,00	42331,00	98774,00	7055,38	410
SABROSO	5	H	PUR SANG	2	1	1	56399,00	25379,00	81778,00	28199,50	435
BELISA BAY	2	F	PUR SANG	5	3	2	56380,00	0,00	56380,00	11276,00	460
HAYEJOHN	6	H	PUR SANG	10	3	7	56377,00	25364,00	81741,00	5637,70	335
TORTISAMBERT	5	H	PUR SANG	7	1	4	56120,00	25249,00	81369,00	8017,14	435
TALENTUOSO	5	H	PUR SANG	7	1	5	56103,00	0,00	56103,00	8014,71	400
GERARD TER BORCH	4	H	PUR SANG	6	1	5	55370,00	24915,00	80285,00	9228,33	425
OVERNIGHT	3	H	PUR SANG	4	2	2	54689,00	41014,00	95703,00	13672,25	485
DALAKIR	4	H	PUR SANG	5	2	2	54590,00	24564,00	79154,00	10918,00	440
SAINT MARTIN	3	M	PUR SANG	6	3	1	54556,00	40916,00	95472,00	9092,67	455
DARYZAN	3	M	PUR SANG	4	2	1	54530,00	40897,00	95427,00	13632,50	510
GAGA GIRL	4	F	PUR SANG	5	2	2	54410,00	24484,00	78894,00	10882,00	500
FORTUNA DIAMOND	3	F	PUR SANG	5	3	1	53980,00	0,00	53980,00	10796,00	475
EVOLUTIONIST	3	F	PUR SANG	3	1	1	53730,00	0,00	53730,00	17910,00	505
HOW ARE YOU	3	M	PUR SANG	5	2	2	53640,00	0,00	53640,00	10728,00	470
GILDED PRIZE	3	F	PUR SANG	3	2	1	53565,00	0,00	53565,00	17855,00	495
RUMORISTE	3	M	PUR SANG	4	2	2	53344,00	0,00	53344,00	13336,00	460
CREW DRAGON	9	H	PUR SANG	15	2	10	53045,00	23865,00	76910,00	3536,33	350
BLACK SAXON	5	H	PUR SANG	7	2	4	53035,00	23863,00	76898,00	7576,43	390
NEW CONNECTION	3	H	PUR SANG	5	3	2	52077,00	0,00	52077,00	10415,40	460
DARK ZEL	6	F	PUR SANG	10	1	7	52043,00	23414,00	75457,00	5204,30	350
ZELZARA	3	F	PUR SANG	9	1	6	51656,00	38742,00	90398,00	5739,56	395
HERCULE STAR	3	M	PUR SANG	9	4	4	51616,00	0,00	51616,00	5735,11	385
PRESAGE NOCTURNE	6	M	PUR SANG	5	1	3	51610,00	23224,00	74834,00	10322,00	500
KIMI REY	3	F	PUR SANG	3	1	2	50770,00	0,00	50770,00	16923,33	460
EDAJA	3	F	PUR SANG	3	3	0	50300,00	37724,00	88024,00	16766,67	440
THING FOR THE HOT	3	H	PUR SANG	7	2	5	50073,00	37552,00	87625,00	7153,29	420
SEAGULLS ELEVEN	4	H	PUR SANG	2	1	1	49980,00	0,00	49980,00	24990,00	505
AERONEF	3	M	PUR SANG	4	2	2	49939,00	0,00	49939,00	12484,75	475
HEPBURN	3	F	PUR SANG	8	2	5	49532,00	37149,00	86681,00	6191,50	385
YUQUOT	2	F	PUR SANG	6	1	4	49530,00	37147,00	86677,00	8255,00	450
CAMPONANES	3	M	PUR SANG	7	5	2	49420,00	0,00	49420,00	7060,00	380
MONTGAUDRY	6	H	PUR SANG	8	2	4	49413,00	22233,00	71646,00	6176,63	380
ALGEBRE	2	M	PUR SANG	3	2	1	49385,00	37038,00	86423,00	16461,67	445
SAINT AQUILIN	5	H	PUR SANG	11	3	7	49316,00	22187,00	71503,00	4483,27	365
SOIF DE VIVRE	4	H	PUR SANG	9	3	5	48862,00	21984,00	70846,00	5429,11	320
REMBRAND TO GO	4	M	PUR SANG	6	1	5	48775,00	21946,00	70721,00	8129,17	395
LA MANDALA	5	F	PUR SANG	5	2	2	48761,00	21941,00	70702,00	9752,20	450
NITOI	4	M	PUR SANG	3	1	2	48680,00	0,00	48680,00	16226,67	505
MOST GLAMOROUS	4	F	PUR SANG	6	2	3	48503,00	0,00	48503,00	8083,83	425
LAVENDIN	5	H	PUR SANG	8	3	5	48482,00	21814,00	70296,00	6060,25	355
CROWDFUNDING	8	H	PUR SANG	18	3	13	48045,00	21614,00	69659,00	2669,17	355
MISTER BLACK	3	H	PUR SANG	10	1	7	47832,00	35872,00	83704,00	4783,20	365
REGALIEN	7	M	PUR SANG	15	3	5	47769,00	21493,00	69262,00	3184,60	355
AFJAN	3	M	PUR SANG	5	0	5	47625,00	35718,00	83343,00	9525,00	470
FAMILLY	4	F	PUR SANG	3	1	2	47570,00	21406,00	68976,00	15856,67	480
CIAO PA'	6	M	PUR SANG	14	1	10	47457,00	21351,00	68808,00	3389,79	380
QUEST FOR MAGIC	4	F	PUR SANG	2	2	0	47400,00	21329,00	68729,00	23700,00	450
YMEEELIH	3	F	PUR SANG	6	1	4	47287,00	17914,00	65201,00	7881,17	405
NO TURNING BACK	3	F	PUR SANG	5	3	2	47274,00	35454,00	82728,00	9454,80	455
VICTORIA SECRET	3	F	PUR SANG	16	3	10	47148,00	35356,00	82504,00	2946,75	320
BEJAR	5	F	PUR SANG	13	3	8	47092,00	21186,00	68278,00	3622,46	305
TIMUR	2	M	PUR SANG	7	3	3	47077,00	35304,00	82381,00	6725,29	400
KHOVIKHOV	3	M	PUR SANG	5	1	1	46660,00	34995,00	81655,00	9332,00	475
ROMANTIC SYMPHONY	3	F	PUR SANG	2	1	1	46660,00	0,00	46660,00	23330,00	495
TIPINSO	4	H	PUR SANG	5	1	4	46485,00	20918,00	67403,00	9297,00	480
BOLKHOV	4	H	PUR SANG	9	3	6	46255,00	20810,00	67065,00	5139,44	375
MON FLAMANT	5	H	PUR SANG	4	1	3	46250,00	20810,00	67060,00	11562,50	460
BRAIDA	3	F	PUR SANG	4	3	0	46200,00	34650,00	80850,00	11550,00	465
MIRIK	3	H	PUR SANG	4	1	2	46190,00	34642,00	80832,00	11547,50	475
MR TEE	4	H	PUR SANG	3	2	1	46172,00	20775,00	66947,00	15390,67	410
AL RIFFA	6	M	PUR SANG	1	0	1	45720,00	0,00	45720,00	45720,00	545
TIMEFORSHOWCASING	3	F	PUR SANG	1	0	1	45720,00	0,00	45720,00	45720,00	505
BLUFF	6	H	PUR SANG	15	4	7	45611,00	20520,00	66131,00	3040,73	310
SAINT SAENS	3	M	PUR SANG	8	1	5	45600,00	34200,00	79800,00	5700,00	365
ZELORO	5	H	PUR SANG	5	1	4	45556,00	20497,00	66053,00	9111,20	420
SAINT ARNOULT	3	H	PUR SANG	5	3	2	45534,00	34150,00	79684,00	9106,80	450
GRECIAN COMET	4	F	PUR SANG	5	2	2	45283,00	20375,00	65658,00	9056,60	435
VALENTINA BELLA	2	F	PUR SANG	4	2	1	45270,00	33952,00	79222,00	11317,50	435
ZAYIDA	3	F	PUR SANG	3	2	1	45270,00	33952,00	79222,00	15090,00	475
WITCHWAY	2	M	PUR SANG	7	3	3	45043,00	33780,00	78823,00	6434,71	435
ORACLE	4	M	PUR SANG	4	0	4	44985,00	20243,00	65228,00	11246,25	520
GO MAN	3	M	PUR SANG	5	0	4	44835,00	33625,00	78460,00	8967,00	480
SHIRI	3	F	PUR SANG	3	2	1	44830,00	33622,00	78452,00	14943,33	470
LE CENTRAL	6	H	PUR SANG	20	2	15	44814,00	20159,00	64973,00	2240,70	340
ACOTANGO	5	H	PUR SANG	13	3	7	44254,00	19911,00	64165,00	3404,15	340
REVE DE VALLARSA	6	M	PUR SANG	8	2	3	43978,00	19788,00	63766,00	5497,25	390
MODELE ABSOLU	3	M	PUR SANG	7	4	2	43826,00	32868,00	76694,00	6260,86	375
HAUTE GAMME	5	H	PUR SANG	14	2	9	43823,00	19717,00	63540,00	3130,21	275
LE BON TEMPS ROULE	2	F	PUR SANG	3	1	2	43716,00	0,00	43716,00	14572,00	460
BAYAMOON	5	M	PUR SANG	4	1	1	43690,00	19660,00	63350,00	10922,50	420
GOLDEN BLUSH	4	F	PUR SANG	13	4	6	43561,00	19601,00	63162,00	3350,85	370
IVORY SPRING	7	H	PUR SANG	7	4	2	43556,00	19600,00	63156,00	6222,29	405
MODERN SPIRIT	4	H	PUR SANG	12	3	7	43452,00	19548,00	63000,00	3621,00	335
SCARFACE	8	H	PUR SANG	9	1	6	43229,00	19451,00	62680,00	4803,22	390
FIRE REBEL	5	H	PUR SANG	9	2	4	43016,00	19355,00	62371,00	4779,56	400
FREERIDER	3	H	PUR SANG	4	2	2	42992,00	32242,00	75234,00	10748,00	400
MISTER GEORGE	3	H	PUR SANG	6	2	3	42976,00	32231,00	75207,00	7162,67	400
CLICCLIC PANPANPAN	6	F	PUR SANG	13	3	4	42849,00	19278,00	62127,00	3296,08	295
VIANETA	5	F	PUR SANG	10	4	3	42777,00	19247,00	62024,00	4277,70	290
LOFSONGUR ISLANDE	6	F	PUR SANG	10	3	6	42732,00	19226,00	61958,00	4273,20	300
SAXON VILLAGE	7	H	PUR SANG	11	1	3	42420,00	0,00	42420,00	3856,36	350
STEALITWITHAKISS	3	F	PUR SANG	6	2	3	42307,00	0,00	42307,00	7051,17	400
GRAND MACHO	5	H	PUR SANG	18	3	12	42289,00	19024,00	61313,00	2349,39	280
GRAND BALCON	7	H	PUR SANG	5	1	2	42248,00	19009,00	61257,00	8449,60	375
MISTER CHARMES	3	H	PUR SANG	6	2	4	41788,00	0,00	41788,00	6964,67	420
DOURIANN	7	H	PUR SANG	7	1	4	41759,00	18789,00	60548,00	5965,57	385
LE MATELOT	4	H	PUR SANG	5	2	3	41758,00	18788,00	60546,00	8351,60	450
TEN HORNS	5	M	PUR SANG	9	0	8	41390,00	18622,00	60012,00	4598,89	420
ANAKOVA	4	F	PUR SANG	3	1	1	41294,00	18581,00	59875,00	13764,67	445
SISSY DU GROHO	4	F	PUR SANG	8	3	4	41158,00	18518,00	59676,00	5144,75	385
MADAME FAYETTE	3	F	PUR SANG	5	2	2	41108,00	30830,00	71938,00	8221,60	455
TI AMO BELLO	3	M	PUR SANG	8	2	4	41064,00	30797,00	71861,00	5133,00	400
CAPITOL HILL	3	H	PUR SANG	18	4	9	40884,00	30661,00	71545,00	2271,33	300
CANKOURA	4	F	PUR SANG	3	1	2	40710,00	15459,00	56169,00	13570,00	500
EASTMAN	4	M	PUR SANG	12	3	9	40664,00	18294,00	58958,00	3388,67	330
HINATA GREY	2	F	PUR SANG	4	1	3	40330,00	0,00	40330,00	10082,50	435
GUILLERETTE	4	F	PUR SANG	12	2	2	40224,00	18099,00	58323,00	3352,00	350
FREJA	7	F	PUR SANG	8	2	3	40110,00	18048,00	58158,00	5013,75	370
PRINCE DES VILLES	5	H	PUR SANG	5	1	1	39990,00	17995,00	57985,00	7998,00	410
ZARAKI	3	H	PUR SANG	2	1	1	39790,00	29842,00	69632,00	19895,00	505
BON VIVEUR	3	M	PUR SANG	10	2	7	39738,00	29802,00	69540,00	3973,80	390
BIG MONEY MAN	2	M	PUR SANG	3	1	1	39700,00	0,00	39700,00	13233,33	450
MUST BAY	3	M	PUR SANG	5	1	4	39666,00	29748,00	69414,00	7933,20	435
FEVE	4	F	PUR SANG	9	1	4	39581,00	17809,00	57390,00	4397,89	380
FORT PAYNE	8	M	PUR SANG	5	2	1	39494,00	17771,00	57265,00	7898,80	470
LINFASOMMER	6	F	PUR SANG	10	2	5	39456,00	17752,00	57208,00	3945,60	375
JAYCLE DE GREE	5	H	PUR SANG	8	2	6	39370,00	17713,00	57083,00	4921,25	355
VOLLERING	2	F	PUR SANG	4	0	4	39345,00	0,00	39345,00	9836,25	435
QUEEN OF THE DAY	2	F	PUR SANG	3	1	2	39320,00	29490,00	68810,00	13106,67	460
KOHAKOU	3	H	PUR SANG	9	2	6	39294,00	29470,00	68764,00	4366,00	390
NO TUNE	3	F	PUR SANG	6	0	5	39285,00	29463,00	68748,00	6547,50	445
MARLOWE	6	H	PUR SANG	6	1	4	39205,00	17640,00	56845,00	6534,17	355
STANDING STONE	6	H	PUR SANG	5	2	2	39139,00	17611,00	56750,00	7827,80	355
AIDAN'S PHONE	4	H	PUR SANG	6	1	3	39122,00	17604,00	56726,00	6520,33	445
ELUSIVE WAY	3	F	PUR SANG	9	2	4	39119,00	29338,00	68457,00	4346,56	340
ASPIRE	3	F	PUR SANG	7	2	4	39055,00	29289,00	68344,00	5579,29	395
STAR OF ARTABAN	4	H	PUR SANG	5	3	0	38900,00	0,00	38900,00	7780,00	405
FIRST LOOK	5	H	PUR SANG	4	0	4	38870,00	15346,00	54216,00	9717,50	510
KALKARA	3	H	PUR SANG	6	2	4	38812,00	29106,00	67918,00	6468,67	430
CHESS	5	M	PUR SANG	6	1	4	38752,00	17434,00	56186,00	6458,67	400
GRANDPA CEN	4	M	PUR SANG	5	2	3	38550,00	17345,00	55895,00	7710,00	435
BASQUIAT	3	H	PUR SANG	7	3	3	38462,00	28846,00	67308,00	5494,57	395
TONNANT	3	M	PUR SANG	3	1	2	38425,00	28818,00	67243,00	12808,33	455
IMPERIAL STRIKE	2	M	PUR SANG	2	2	0	38400,00	0,00	38400,00	19200,00	
KODI GO	2	M	PUR SANG	6	2	4	38194,00	28643,00	66837,00	6365,67	420
CARAMELITO	7	H	PUR SANG	4	1	3	38138,00	17159,00	55297,00	9534,50	455
GRIGNETTE	5	F	PUR SANG	14	4	7	38129,00	17154,00	55283,00	2723,50	315
MODERN LIGHT	5	F	PUR SANG	7	1	3	38013,00	17104,00	55117,00	5430,43	360
DOLMALAN	3	M	PUR SANG	3	2	0	37950,00	28462,00	66412,00	12650,00	510
LORD CLOVER	3	M	PUR SANG	5	1	3	37934,00	0,00	37934,00	7586,80	480
RAM SEA	4	H	PUR SANG	6	1	3	37928,00	0,00	37928,00	6321,33	375
IZASTEP	6	M	PUR SANG	6	3	1	37722,00	16973,00	54695,00	6287,00	375
MARIA APOLLONIA	3	F	PUR SANG	7	3	2	37710,00	28282,00	65992,00	5387,14	410
HERMES WOOD	4	H	PUR SANG	12	1	9	37676,00	16950,00	54626,00	3139,67	360
FOU FURIEUX	5	M	PUR SANG	7	1	3	37666,00	16947,00	54613,00	5380,86	380
PROOF	3	M	PUR SANG	2	1	1	37645,00	28233,00	65878,00	18822,50	505
LESSLEPASSER	7	H	PUR SANG	9	1	5	37613,00	16924,00	54537,00	4179,22	440
DOUBLE UP	4	H	PUR SANG	6	1	3	37565,00	16903,00	54468,00	6260,83	420
AUTEUR	5	M	PUR SANG	7	2	4	37559,00	16901,00	54460,00	5365,57	370
MONEY TIME	4	F	PUR SANG	9	3	3	37486,00	16866,00	54352,00	4165,11	345
SPEEDY GREEN	4	H	PUR SANG	10	3	4	37471,00	16860,00	54331,00	3747,10	350
ZZODIAC	4	F	PUR SANG	4	0	4	37454,00	0,00	37454,00	9363,50	460
LIGHT OF THUNDER	3	F	PUR SANG	7	2	4	37395,00	28045,00	65440,00	5342,14	370
KOURPLUVIX	4	H	PUR SANG	6	1	4	37343,00	16802,00	54145,00	6223,83	440
EL PROFESSOR CHOP	6	H	PUR SANG	16	2	10	37166,00	16722,00	53888,00	2322,88	200
PUERTO RICO	3	M	PUR SANG	1	0	1	37115,00	0,00	37115,00	37115,00	510
COSMIC BOY	3	M	PUR SANG	6	2	3	37042,00	27780,00	64822,00	6173,67	415
ROZARION	3	M	PUR SANG	7	0	6	37010,00	27756,00	64766,00	5287,14	365
ESTEPONA	4	M	PUR SANG	5	1	3	36848,00	16579,00	53427,00	7369,60	470
DANDY STYLE	3	M	PUR SANG	6	1	4	36608,00	0,00	36608,00	6101,33	460
BEST SECRET	4	M	PUR SANG	2	1	0	36600,00	16470,00	53070,00	18300,00	515
DREAMLINER	4	M	PUR SANG	2	1	0	36600,00	16470,00	53070,00	18300,00	505
DOSTOIEVSKY	3	M	PUR SANG	3	1	0	36600,00	27450,00	64050,00	12200,00	485
RAYEVKA	4	F	PUR SANG	1	1	0	36600,00	0,00	36600,00	36600,00	505
DIEGO VENTURA	4	H	PUR SANG	2	1	0	36600,00	0,00	36600,00	18300,00	485
WIMBLEDON HAWKEYE	4	M	PUR SANG	1	1	0	36600,00	0,00	36600,00	36600,00	520
DISTANT STORM	3	M	PUR SANG	1	1	0	36600,00	0,00	36600,00	36600,00	510
REMMOOZ	4	M	PUR SANG	1	1	0	36600,00	0,00	36600,00	36600,00	495
JENNIFER JANE	3	F	PUR SANG	1	1	0	36600,00	0,00	36600,00	36600,00	485
SYMBOL OF MAJESTY	3	F	PUR SANG	1	1	0	36600,00	0,00	36600,00	36600,00	415
GREAT WISH	5	M	PUR SANG	1	1	0	36600,00	0,00	36600,00	36600,00	495
KINGORI	7	H	PUR SANG	12	3	7	36580,00	0,00	36580,00	3048,33	290
PROFUMO DI IENA	4	F	PUR SANG	8	1	5	36521,00	16431,00	52952,00	4565,13	415
CLEOD'OR	9	H	PUR SANG	11	2	6	36452,00	16400,00	52852,00	3313,82	400
ROSE GHAIYYATH	3	F	PUR SANG	1	0	1	36400,00	0,00	36400,00	36400,00	455
MAJNOUN	2	M	PUR SANG	3	1	2	36398,00	0,00	36398,00	12132,67	415
SWEET AS	6	H	PUR SANG	15	3	7	36374,00	16364,00	52738,00	2424,93	305
ARROW EAGLE	5	M	PUR SANG	3	0	2	36345,00	12072,00	48417,00	12115,00	515
ILE AUX ROSES	3	F	PUR SANG	12	4	6	36344,00	27257,00	63601,00	3028,67	280
SOUS INFLUENCE	5	H	PUR SANG	10	3	7	36314,00	0,00	36314,00	3631,40	370
PAS DANSANT	3	H	PUR SANG	7	1	4	36141,00	27105,00	63246,00	5163,00	425
YES ZARA	6	F	PUR SANG	11	3	2	36140,00	16261,00	52401,00	3285,45	370
REPEL	3	F	PUR SANG	4	2	1	36110,00	0,00	36110,00	9027,50	420
AZAMRA	2	F	PUR SANG	5	3	1	36095,00	27070,00	63165,00	7219,00	430
WIKI	3	M	PUR SANG	5	1	3	36081,00	27059,00	63140,00	7216,20	465
LUCIO VERO	6	H	PUR SANG	12	3	5	35895,00	0,00	35895,00	2991,25	300
WEEMAGATEE	4	F	PUR SANG	7	1	4	35795,00	16105,00	51900,00	5113,57	370
KENSILVER	4	M	PUR SANG	8	2	5	35788,00	16100,00	51888,00	4473,50	320
MAYA CHOP	4	H	PUR SANG	16	3	9	35736,00	16077,00	51813,00	2233,50	270
TERREDEGUERRE	6	F	PUR SANG	13	3	8	35709,00	16065,00	51774,00	2746,85	315
APOLIDE	3	M	PUR SANG	7	2	4	35661,00	26745,00	62406,00	5094,43	390
FERDINAND PREMIER	4	H	PUR SANG	6	2	3	35643,00	16038,00	51681,00	5940,50	385
LEFTEYE	3	F	PUR SANG	4	1	3	35569,00	26674,00	62243,00	8892,25	475
ZAKOSHA	4	F	PUR SANG	11	2	6	35563,00	16000,00	51563,00	3233,00	380
PHIL THE FLUTER	6	H	PUR SANG	8	3	4	35558,00	0,00	35558,00	4444,75	265
FAOLIO	3	H	PUR SANG	7	1	6	35531,00	26647,00	62178,00	5075,86	365
EUBOA	6	F	PUR SANG	4	0	4	35465,00	15958,00	51423,00	8866,25	485
ROI DE L'AIR	6	M	PUR SANG	6	2	4	35443,00	0,00	35443,00	5907,17	380
SAY SQUIRREL	2	F	PUR SANG	4	1	3	35376,00	26531,00	61907,00	8844,00	420
SPANISH LIGHT	6	H	PUR SANG	13	1	9	35359,00	15907,00	51266,00	2719,92	350
DRUMARD	5	M	PUR SANG	6	1	5	35204,00	15840,00	51044,00	5867,33	445
CALIFANO	7	H	PUR SANG	15	3	8	34953,00	15724,00	50677,00	2330,20	275
KLIFF BERE	6	H	PUR SANG	5	2	2	34950,00	15726,00	50676,00	6990,00	460
ALEXANDER MAXIMUS	3	M	PUR SANG	6	3	2	34942,00	26205,00	61147,00	5823,67	370
MEFIE TOI	3	H	PUR SANG	12	2	7	34933,00	26199,00	61132,00	2911,08	355
MATAURI BAY	4	M	PUR SANG	5	0	4	34892,00	0,00	34892,00	6978,40	485
ZARABABY	3	F	PUR SANG	8	1	6	34822,00	26114,00	60936,00	4352,75	335
PLATA D OCTOBRE	4	F	PUR SANG	11	2	9	34672,00	15599,00	50271,00	3152,00	340
EARTHQUAKE	3	H	PUR SANG	5	2	3	34668,00	25999,00	60667,00	6933,60	430
PUMALIN PARK	6	H	PUR SANG	7	1	2	34612,00	15574,00	50186,00	4944,57	390
SHRIHARA	4	F	PUR SANG	3	1	2	34612,00	0,00	34612,00	11537,33	395
PLUTARQUE	3	M	PUR SANG	9	2	6	34568,00	25924,00	60492,00	3840,89	425
WARRIORS WHISPER	3	F	PUR SANG	4	1	2	34535,00	0,00	34535,00	8633,75	455
OUT OF THE BLUE	4	H	PUR SANG	10	3	3	34446,00	15499,00	49945,00	3444,60	325
CORONADO	5	H	PUR SANG	13	2	6	34445,00	15496,00	49941,00	2649,62	290
LOVING QUEEN	3	F	PUR SANG	11	3	6	34297,00	25722,00	60019,00	3117,91	360
J'AURAIS DU	10	H	PUR SANG	16	2	10	34292,00	15424,00	49716,00	2143,25	260
MOON TARGET	3	F	PUR SANG	1	0	1	34290,00	0,00	34290,00	34290,00	505
GOLD PLAYER	7	H	PUR SANG	8	1	3	34236,00	15404,00	49640,00	4279,50	355
TOPY'SIM	5	F	PUR SANG	6	1	3	34164,00	15372,00	49536,00	5694,00	355
SHEERAN	3	F	PUR SANG	6	2	2	34163,00	25621,00	59784,00	5693,83	415
NITY GALESTE	3	M	PUR SANG	6	1	5	34158,00	25618,00	59776,00	5693,00	410
HELLO CAREL	3	H	PUR SANG	10	3	5	34153,00	25038,00	59191,00	3415,30	385
STRAKO	6	H	PUR SANG	4	2	0	34150,00	15367,00	49517,00	8537,50	375
VICIOUS HARRY	6	M	PUR SANG	5	1	4	34084,00	15336,00	49420,00	6816,80	450
DARIUS CEN	4	M	PUR SANG	3	1	2	34060,00	15327,00	49387,00	11353,33	470
MORO	5	H	PUR SANG	9	3	5	33997,00	15296,00	49293,00	3777,44	340
BARZAMBITION	3	M	PUR SANG	6	1	4	33977,00	0,00	33977,00	5662,83	460
ITAEWON	6	M	PUR SANG	12	2	6	33955,00	15276,00	49231,00	2829,58	290
CENTAURI	3	H	PUR SANG	5	2	3	33851,00	25386,00	59237,00	6770,20	450
MAKAROV	4	H	PUR SANG	9	2	5	33787,00	15201,00	48988,00	3754,11	350
SKYLIGHT BROCHARD	5	H	PUR SANG	8	1	5	33709,00	0,00	33709,00	4213,63	430
SPLENDINO	6	H	PUR SANG	13	2	6	33679,00	15152,00	48831,00	2590,69	315
MARIE LA CROIX	3	F	PUR SANG	7	3	4	33658,00	25243,00	58901,00	4808,29	355
ECIJA	3	F	PUR SANG	4	1	3	33615,00	25210,00	58825,00	8403,75	445
FUCHSIA	9	F	PUR SANG	7	2	4	33601,00	0,00	33601,00	4800,14	305
DUBALAA	4	H	PUR SANG	7	0	6	33595,00	15113,00	48708,00	4799,29	370
DAMABIAH ANGEL	3	F	PUR SANG	7	2	5	33590,00	25188,00	58778,00	4798,57	340
KESKAVIEL	2	M	PUR SANG	4	0	4	33423,00	7516,00	40939,00	8355,75	400
SAINT HELLIER	7	H	PUR SANG	8	4	4	33264,00	14966,00	48230,00	4158,00	340
SASKATOON	5	H	PUR SANG	12	2	6	33240,00	14956,00	48196,00	2770,00	365
RIASSOU	5	F	PUR SANG	8	2	4	33198,00	14936,00	48134,00	4149,75	410
FLASH GIRL	3	F	PUR SANG	6	2	3	33195,00	24896,00	58091,00	5532,50	390
HARMONY	3	F	PUR SANG	14	8	6	33180,00	24885,00	58065,00	2370,00	645
ALOYSIUS	4	M	PUR SANG	7	1	4	33157,00	14917,00	48074,00	4736,71	400
RECOLETTY	6	F	PUR SANG	8	2	4	33118,00	14900,00	48018,00	4139,75	325
KINASANI	3	H	PUR SANG	3	2	1	33044,00	0,00	33044,00	11014,67	430
ASLAN SENORA	7	H	PUR SANG	8	3	4	33014,00	14853,00	47867,00	4126,75	315
AZURE DRAGON	3	M	PUR SANG	6	2	3	32935,00	24699,00	57634,00	5489,17	415
FAMOSO	6	H	PUR SANG	9	2	4	32909,00	14805,00	47714,00	3656,56	350
PRINCE AUBOIS	4	H	PUR SANG	7	1	3	32899,00	14803,00	47702,00	4699,86	390
TSAVERNA	3	F	PUR SANG	9	2	7	32830,00	24620,00	57450,00	3647,78	335
LAMIRAL DARHAAN	5	H	PUR SANG	15	2	11	32826,00	14765,00	47591,00	2188,40	290
TICKEA	3	F	PUR SANG	7	2	4	32810,00	24606,00	57416,00	4687,14	400
SAINT ELIGIUS	4	H	PUR SANG	6	1	4	32798,00	0,00	32798,00	5466,33	365
RIO	5	F	PUR SANG	8	2	6	32786,00	14751,00	47537,00	4098,25	320
MERVEILLE	3	F	PUR SANG	9	3	6	32759,00	24566,00	57325,00	3639,89	330
FIRE FLY	3	F	PUR SANG	6	1	4	32751,00	24559,00	57310,00	5458,50	420
NEW CHAPTER	3	H	PUR SANG	5	2	3	32704,00	24527,00	57231,00	6540,80	360
TESTIFY	3	H	PUR SANG	7	2	4	32680,00	24508,00	57188,00	4668,57	425
PURPLE BAY	3	H	PUR SANG	10	1	8	32679,00	24508,00	57187,00	3267,90	350
LONDONPOLO	4	M	PUR SANG	9	2	5	32655,00	14692,00	47347,00	3628,33	330
ORLHENA	5	F	PUR SANG	11	2	5	32524,00	14632,00	47156,00	2956,73	285
ARKANSAS	3	F	PUR SANG	2	1	1	32470,00	24352,00	56822,00	16235,00	455
HIGHARA	4	F	PUR SANG	6	2	3	32421,00	14588,00	47009,00	5403,50	415
BORN TO DARE	4	F	PUR SANG	13	3	9	32333,00	14545,00	46878,00	2487,15	300
ZACAPO	7	H	PUR SANG	14	2	8	32264,00	0,00	32264,00	2304,57	330
GREY REIGN	3	F	PUR SANG	9	3	5	32227,00	24168,00	56395,00	3580,78	310
MR LOPE CEN	3	M	PUR SANG	6	1	4	32190,00	24141,00	56331,00	5365,00	450
MERCI ELIE	6	H	PUR SANG	10	3	6	32171,00	14473,00	46644,00	3217,10	350
MIGHTY BOY	4	H	PUR SANG	8	1	6	32169,00	14473,00	46642,00	4021,13	370
ODEMAR	6	H	PUR SANG	7	3	3	32071,00	14430,00	46501,00	4581,57	380
CHECKERED FLAG	2	F	PUR SANG	5	2	3	32062,00	24044,00	56106,00	6412,40	410
RYMSKHAYA	2	F	PUR SANG	1	0	1	32000,00	0,00	32000,00	32000,00	
NOBLE TRAVELLER	2	M	PUR SANG	1	0	1	32000,00	0,00	32000,00	32000,00	
DON'T SHUT ME DOWN	4	H	PUR SANG	7	1	5	31932,00	14367,00	46299,00	4561,71	405
DREAMS	8	M	PUR SANG	6	2	4	31925,00	14365,00	46290,00	5320,83	335
CHICA SUERTE	3	F	PUR SANG	8	3	2	31858,00	23892,00	55750,00	3982,25	370
ZULU CHANT	3	H	PUR SANG	5	1	4	31845,00	23883,00	55728,00	6369,00	435
SPANISH PRINCE	4	H	PUR SANG	6	1	4	31804,00	14309,00	46113,00	5300,67	385
SHARP RISE	6	H	PUR SANG	6	3	3	31788,00	0,00	31788,00	5298,00	385
ABBEY ROAD	3	F	PUR SANG	6	1	3	31719,00	23788,00	55507,00	5286,50	460
CHARM KING	9	H	PUR SANG	12	3	6	31642,00	14235,00	45877,00	2636,83	265
MEMPHIS TENNESSEE	5	M	PUR SANG	9	1	3	31589,00	14212,00	45801,00	3509,89	345
BASHA	3	H	PUR SANG	4	2	2	31558,00	23668,00	55226,00	7889,50	450
PRINCESSE BLONDE	6	F	PUR SANG	7	2	5	31527,00	14184,00	45711,00	4503,86	310
CHAMALI	3	M	PUR SANG	4	1	3	31340,00	0,00	31340,00	7835,00	450
MISS OF CHANGE	4	F	PUR SANG	6	1	2	31305,00	14086,00	45391,00	5217,50	440
MAIAKOVSKA	2	F	PUR SANG	3	1	1	31085,00	23313,00	54398,00	10361,67	420
SENATRICE	3	F	PUR SANG	8	2	6	31082,00	23309,00	54391,00	3885,25	390
OSHIA	3	F	PUR SANG	10	1	8	31063,00	23295,00	54358,00	3106,30	360
NOVA HOPE	5	F	PUR SANG	9	2	4	31046,00	13969,00	45015,00	3449,56	370
JAGUARE PRECIEUSE	7	F	PUR SANG	10	3	2	30996,00	13946,00	44942,00	3099,60	325
BOOGIE	8	H	PUR SANG	10	2	6	30993,00	13944,00	44937,00	3099,30	375
TREVOR SENORA	6	H	PUR SANG	6	3	3	30914,00	13908,00	44822,00	5152,33	260
MARKSWOMAN	6	F	PUR SANG	12	2	8	30876,00	13890,00	44766,00	2573,00	265
ADONIDE	3	F	PUR SANG	6	1	2	30846,00	23134,00	53980,00	5141,00	390
AL MAX	4	H	PUR SANG	6	1	3	30834,00	13873,00	44707,00	5139,00	395
LEVER DE RIDEAU	3	H	PUR SANG	6	2	3	30828,00	23120,00	53948,00	5138,00	390
ALHAEBA	3	M	PUR SANG	6	2	2	30804,00	0,00	30804,00	5134,00	410
GILDED DRAGON	5	H	PUR SANG	5	1	2	30794,00	13856,00	44650,00	6158,80	410
SIR GARSING	5	H	PUR SANG	13	4	4	30667,00	13798,00	44465,00	2359,00	285
SIM CARD	8	H	PUR SANG	6	1	5	30643,00	13786,00	44429,00	5107,17	330
BELIEVER	5	M	PUR SANG	2	1	1	30582,00	13761,00	44343,00	15291,00	455
LE SAGE	6	H	PUR SANG	9	2	6	30576,00	13755,00	44331,00	3397,33	365
VIVE LA REINE	5	F	PUR SANG	11	3	7	30573,00	13755,00	44328,00	2779,36	325
SORBETTO	3	H	PUR SANG	4	1	3	30565,00	22922,00	53487,00	7641,25	450
AMOUAGE	5	H	PUR SANG	10	2	3	30531,00	13737,00	44268,00	3053,10	295
MAXIMILIEN	3	M	PUR SANG	6	2	4	30501,00	22874,00	53375,00	5083,50	420
CANNEZA	4	F	PUR SANG	5	1	2	30500,00	13724,00	44224,00	6100,00	450
MARCUS AURELIUS	6	H	PUR SANG	5	2	3	30455,00	13703,00	44158,00	6091,00	415
CAUDRY	3	F	PUR SANG	6	2	3	30418,00	22813,00	53231,00	5069,67	370
TAKE ME ON	3	M	PUR SANG	5	1	2	30405,00	0,00	30405,00	6081,00	470
WOFF	8	H	PUR SANG	17	1	15	30254,00	13606,00	43860,00	1779,65	300
RED SCOTCH	3	H	PUR SANG	10	1	8	30216,00	22661,00	52877,00	3021,60	335
TOMAKAY	5	H	PUR SANG	7	1	6	30214,00	13591,00	43805,00	4316,29	440
GO LOVE	7	H	PUR SANG	6	2	3	30179,00	13579,00	43758,00	5029,83	355
MARINALEDA	4	F	PUR SANG	6	0	5	30160,00	13568,00	43728,00	5026,67	360
REMENBER CHOPE	3	F	PUR SANG	7	2	3	30158,00	22617,00	52775,00	4308,29	365
CARCAGNY	3	F	PUR SANG	6	1	5	30143,00	22604,00	52747,00	5023,83	410
ALWAYS WELCOME	9	H	PUR SANG	4	2	1	30104,00	13546,00	43650,00	7526,00	425
AQUITAIN	4	H	PUR SANG	10	2	2	30088,00	13539,00	43627,00	3008,80	390
MEARAS STYLE	8	F	PUR SANG	17	3	11	30070,00	13527,00	43597,00	1768,82	240
PRINCESSE D'AMOUR	4	F	PUR SANG	5	2	2	30008,00	13501,00	43509,00	6001,60	370
EL KRAKEN	4	H	PUR SANG	12	1	8	29921,00	13461,00	43382,00	2493,42	285
VANVITELLI	3	M	PUR SANG	7	1	6	29919,00	22436,00	52355,00	4274,14	375
REVE DU FRAISSE	3	M	PUR SANG	7	1	6	29902,00	22424,00	52326,00	4271,71	360
PEINTRESSE	2	F	PUR SANG	3	2	1	29886,00	0,00	29886,00	9962,00	450
LORD POST OFFICE	7	M	PUR SANG	15	2	8	29760,00	13389,00	43149,00	1984,00	245
SAHIMAA	3	F	PUR SANG	5	2	3	29662,00	22246,00	51908,00	5932,40	410
USER KINDLY	7	M	PUR SANG	11	3	7	29660,00	0,00	29660,00	2696,36	290
KIEVSKY	6	H	PUR SANG	13	3	5	29557,00	13298,00	42855,00	2273,62	270
PERCEVAL	3	M	PUR SANG	11	1	10	29554,00	22164,00	51718,00	2686,73	310
A BEAUREGARD	5	H	PUR SANG	7	1	4	29520,00	13282,00	42802,00	4217,14	385
EXCEED THE STARS	3	F	PUR SANG	5	1	4	29506,00	22129,00	51635,00	5901,20	430
BASANTI	3	F	PUR SANG	8	1	5	29485,00	22113,00	51598,00	3685,63	385
CHARIBELLE	4	F	PUR SANG	5	1	2	29370,00	13216,00	42586,00	5874,00	465
WILD PACIFIC	3	F	PUR SANG	5	1	4	29326,00	0,00	29326,00	5865,20	410
UN INSTANT	5	M	PUR SANG	8	0	5	29324,00	13195,00	42519,00	3665,50	455
HYPERCORE	5	H	PUR SANG	6	1	4	29322,00	0,00	29322,00	4887,00	455
JULIAN SCHNABEL	2	M	PUR SANG	2	2	0	29250,00	0,00	29250,00	14625,00	
WILD MOOR	4	F	PUR SANG	10	1	8	29082,00	13082,00	42164,00	2908,20	285
PERSIS	3	F	PUR SANG	7	2	3	29011,00	21758,00	50769,00	4144,43	390
AMUSANTE	3	F	PUR SANG	8	1	6	28992,00	0,00	28992,00	3624,00	345
BAKLAWA	3	F	PUR SANG	6	1	1	28986,00	21739,00	50725,00	4831,00	435
GENTLEMANLIKE	3	H	PUR SANG	4	1	2	28966,00	21724,00	50690,00	7241,50	455
MONT DE SOLEIL	6	H	PUR SANG	6	1	4	28944,00	13023,00	41967,00	4824,00	465
TISSIMO	3	M	PUR SANG	5	1	3	28908,00	21681,00	50589,00	5781,60	420
DEMPY	5	H	PUR SANG	10	1	8	28865,00	12986,00	41851,00	2886,50	350
ZLATA	3	F	PUR SANG	4	0	3	28865,00	0,00	28865,00	7216,25	460
TRINQUETTE	3	M	PUR SANG	4	2	1	28780,00	21584,00	50364,00	7195,00	435
DIVIDE AND RULE	5	F	PUR SANG	5	1	2	28758,00	12940,00	41698,00	5751,60	415
SUMMER FLIRT	5	F	PUR SANG	7	3	2	28735,00	12929,00	41664,00	4105,00	265
MADAHA QUEEN	2	F	PUR SANG	4	2	2	28730,00	21547,00	50277,00	7182,50	410
INCREMENTAL	6	H	PUR SANG	12	1	8	28701,00	0,00	28701,00	2391,75	320
ANASHKAYA	3	F	PUR SANG	6	1	3	28665,00	0,00	28665,00	4777,50	420
MORE THUNDER	5	M	PUR SANG	1	0	1	28600,00	0,00	28600,00	28600,00	545
MR SAY	2	H	PUR SANG	12	1	10	28594,00	21442,00	50036,00	2382,83	340
GET SET	9	H	PUR SANG	6	2	4	28587,00	12862,00	41449,00	4764,50	385
CIELO DI ROMA	3	M	PUR SANG	5	0	4	28585,00	21437,00	50022,00	5717,00	460
SOSIE	5	M	PUR SANG	1	0	1	28575,00	5715,00	34290,00	28575,00	550
DARIYANGEL	7	H	PUR SANG	16	1	10	28564,00	12848,00	41412,00	1785,25	230
MARQUISAT	6	H	PUR SANG	2	1	1	28560,00	0,00	28560,00	14280,00	500
CARLSTON	5	H	PUR SANG	14	2	4	28542,00	12841,00	41383,00	2038,71	295
ANCTOT	7	H	PUR SANG	11	2	6	28527,00	12834,00	41361,00	2593,36	295
REUX	4	M	PUR SANG	17	2	11	28441,00	12792,00	41233,00	1673,00	280
MAY IT BE	5	F	PUR SANG	5	2	3	28432,00	12790,00	41222,00	5686,40	410
PURE LEGEND	4	H	PUR SANG	3	1	2	28420,00	12788,00	41208,00	9473,33	435
GUSTO	3	H	PUR SANG	5	1	2	28360,00	21269,00	49629,00	5672,00	455
MOOJEED	3	M	PUR SANG	4	0	4	28360,00	21270,00	49630,00	7090,00	460
REGAL RESOLVE	3	H	PUR SANG	3	0	3	28360,00	0,00	28360,00	9453,33	485
MISTY CITY	3	F	PUR SANG	16	1	10	28355,00	21263,00	49618,00	1772,19	290
JUMBOTRON	2	H	PUR SANG	3	2	1	28340,00	0,00	28340,00	9446,67	450
QUEENFLEUR	5	F	PUR SANG	14	1	12	28340,00	12749,00	41089,00	2024,29	255
CERAMIC	3	F	PUR SANG	4	0	4	28270,00	21202,00	49472,00	7067,50	470
PLOTINUS	7	H	PUR SANG	8	1	3	28238,00	12705,00	40943,00	3529,75	330
CITY SOLACE	3	H	PUR SANG	7	1	5	28210,00	21154,00	49364,00	4030,00	370
ABIAT	5	F	PUR SANG	7	1	4	28129,00	12655,00	40784,00	4018,43	375
RENCONTRE SPORTIVE	3	H	PUR SANG	3	0	2	28125,00	21093,00	49218,00	9375,00	465
PAMELA BOUM	5	F	PUR SANG	9	1	8	28105,00	12643,00	40748,00	3122,78	275
BEETLEJUICE	4	H	PUR SANG	9	1	5	28086,00	12636,00	40722,00	3120,67	320
HARMONY IN BLUE	2	F	PUR SANG	4	2	2	28055,00	21040,00	49095,00	7013,75	390
AMORCITA	5	F	PUR SANG	9	2	2	28048,00	12620,00	40668,00	3116,44	325
BABADOO	3	H	PUR SANG	7	2	3	28045,00	21033,00	49078,00	4006,43	320
TASHANKA	5	M	PUR SANG	8	2	5	27965,00	12582,00	40547,00	3495,63	400
USER AMISTOSO	5	H	PUR SANG	7	3	3	27899,00	12552,00	40451,00	3985,57	315
DUTY	4	H	PUR SANG	6	1	3	27895,00	12550,00	40445,00	4649,17	370
BLACKCLOVER	3	F	PUR SANG	6	2	2	27866,00	20899,00	48765,00	4644,33	420
IRBIS	7	H	PUR SANG	11	2	5	27842,00	12526,00	40368,00	2531,09	305
VOILA POURQUOI	9	H	PUR SANG	12	3	8	27824,00	12517,00	40341,00	2318,67	275
HOLLIE WOOD	3	F	PUR SANG	11	1	8	27811,00	20856,00	48667,00	2528,27	335
MIKEY	4	M	PUR SANG	8	2	3	27802,00	12508,00	40310,00	3475,25	370
TAXXI	2	F	PUR SANG	7	1	6	27802,00	20849,00	48651,00	3971,71	375
ALKIDAN	4	H	PUR SANG	12	1	9	27789,00	12501,00	40290,00	2315,75	325
SALAZAR	6	H	PUR SANG	6	3	3	27766,00	12492,00	40258,00	4627,67	250
PELIGROSO	3	H	PUR SANG	7	1	6	27704,00	20775,00	48479,00	3957,71	390
TIZIAN	4	H	PUR SANG	8	1	6	27687,00	12455,00	40142,00	3460,88	320
BARGING THRU	7	H	PUR SANG	7	2	2	27656,00	0,00	27656,00	3950,86	360
CICCIO BOY	8	M	PUR SANG	12	1	6	27607,00	12418,00	40025,00	2300,58	380
STRELLING	2	F	PUR SANG	5	2	3	27570,00	20676,00	48246,00	5514,00	390
VICTORIA COLONIA	3	F	PUR SANG	6	2	3	27564,00	20671,00	48235,00	4594,00	385
YOKEN	5	H	PUR SANG	5	2	2	27553,00	12397,00	39950,00	5510,60	385
SOFT DREAM	3	M	PUR SANG	6	2	2	27508,00	20631,00	48139,00	4584,67	360
SWEET FOR ME	3	F	PUR SANG	5	2	3	27486,00	20613,00	48099,00	5497,20	390
OZAN	8	H	PUR SANG	6	1	1	27486,00	12368,00	39854,00	4581,00	410
CHALDERO	6	H	PUR SANG	6	1	1	27486,00	12368,00	39854,00	4581,00	395
PURPLE LION	4	H	PUR SANG	3	1	1	27486,00	12368,00	39854,00	9162,00	425
SEONA	4	F	PUR SANG	9	0	7	27481,00	12363,00	39844,00	3053,44	380
NYMPHEAS	3	F	PUR SANG	10	3	4	27478,00	20608,00	48086,00	2747,80	290
SOUPIR	8	H	PUR SANG	10	2	8	27478,00	12363,00	39841,00	2747,80	230
NAY	3	F	PUR SANG	6	1	3	27453,00	20588,00	48041,00	4575,50	355
CROWNBREAKER	2	F	PUR SANG	1	1	0	27450,00	0,00	27450,00	27450,00	440
GREYMARA	4	H	PUR SANG	10	2	5	27402,00	12328,00	39730,00	2740,20	265
METS LE FEU	4	H	PUR SANG	9	3	3	27298,00	12282,00	39580,00	3033,11	350
MR FLEURANT	5	H	PUR SANG	7	2	5	27282,00	12275,00	39557,00	3897,43	405
AMOR A MANI	5	F	PUR SANG	15	0	11	27266,00	12266,00	39532,00	1817,73	215
SMILE FOR ME	4	F	PUR SANG	12	1	9	27262,00	12263,00	39525,00	2271,83	330
RUE DE L'ODEON	4	F	PUR SANG	15	2	6	27259,00	12265,00	39524,00	1817,27	255
ROMANCE MARINE	5	F	PUR SANG	13	1	8	27243,00	12254,00	39497,00	2095,62	270
SBIKHA	3	F	PUR SANG	11	2	7	27223,00	20414,00	47637,00	2474,82	330
FILIGRANE	3	F	PUR SANG	10	2	3	27136,00	20350,00	47486,00	2713,60	340
QUANTAS	3	M	PUR SANG	4	1	3	27104,00	0,00	27104,00	6776,00	440
SPIRIT OF ZARAK	3	F	PUR SANG	3	2	1	27094,00	20318,00	47412,00	9031,33	430
GARRIS	4	H	PUR SANG	8	2	5	27090,00	12186,00	39276,00	3386,25	325
FIREMAN	4	H	PUR SANG	8	3	2	27078,00	12184,00	39262,00	3384,75	310
WATT OHM	6	H	PUR SANG	11	1	9	27048,00	12166,00	39214,00	2458,91	275
MANEKI	4	M	PUR SANG	4	1	1	27000,00	12150,00	39150,00	6750,00	440
FASTER	7	F	PUR SANG	6	2	3	26997,00	12147,00	39144,00	4499,50	320
MONTE LINAS	6	H	PUR SANG	7	3	3	26992,00	0,00	26992,00	3856,00	315
WIND OF CHANGE	8	H	PUR SANG	11	1	6	26948,00	12123,00	39071,00	2449,82	290
L'ALTA ROCCA	3	M	PUR SANG	9	2	5	26933,00	20198,00	47131,00	2992,56	305
HAVIASSOR	8	H	PUR SANG	8	0	5	26892,00	12098,00	38990,00	3361,50	345
SAGANO	3	H	PUR SANG	3	2	1	26880,00	20160,00	47040,00	8960,00	430
LOVELY WARRIOR	2	M	PUR SANG	6	1	5	26845,00	17207,00	44052,00	4474,17	380
JOEY UP	8	H	PUR SANG	9	2	5	26844,00	12076,00	38920,00	2982,67	275
BEST SHALAA	5	F	PUR SANG	9	2	5	26807,00	12060,00	38867,00	2978,56	285
VICTORY PACE	3	F	PUR SANG	8	1	7	26736,00	20048,00	46784,00	3342,00	375
NOTIONI FAL	3	F	PUR SANG	7	1	6	26717,00	20036,00	46753,00	3816,71	340
SKYRIDGE	2	M	PUR SANG	3	1	2	26686,00	20014,00	46700,00	8895,33	430
AWAITING CHRISTMAS	4	H	PUR SANG	5	0	3	26660,00	11995,00	38655,00	5332,00	390
SOMETHING BLUE	4	F	PUR SANG	6	1	5	26600,00	11970,00	38570,00	4433,33	660
ALSABA	4	F	PUR SANG	4	1	2	26555,00	0,00	26555,00	6638,75	415
MUENCHEN	3	H	PUR SANG	4	1	3	26543,00	19907,00	46450,00	6635,75	380
PRIMETIME EMMY	2	F	PUR SANG	2	1	1	26510,00	0,00	26510,00	13255,00	
WILLY WINNER	6	H	PUR SANG	10	2	6	26501,00	11923,00	38424,00	2650,10	340
WEDGEWOOD PEARL	5	F	PUR SANG	2	1	1	26486,00	11918,00	38404,00	13243,00	375
MASTER PAT	5	H	PUR SANG	9	1	7	26454,00	11900,00	38354,00	2939,33	315
NOW FOR GLORY	3	M	PUR SANG	3	2	1	26430,00	0,00	26430,00	8810,00	405
ANOLANTE	3	H	PUR SANG	5	2	1	26410,00	19807,00	46217,00	5282,00	605
POLNOR	4	H	PUR SANG	8	2	2	26366,00	11864,00	38230,00	3295,75	275
THE MAGPIE	3	F	PUR SANG	8	1	6	26348,00	19758,00	46106,00	3293,50	330
FONROMY	3	F	PUR SANG	10	3	6	26331,00	12435,00	38766,00	2633,10	315
HUGO CABRET	3	H	PUR SANG	5	2	3	26304,00	19728,00	46032,00	5260,80	365
IN THE ARMY NOW	6	F	PUR SANG	9	3	4	26273,00	11822,00	38095,00	2919,22	260
ESTELLA MOBRAY	5	F	PUR SANG	6	3	3	26244,00	0,00	26244,00	4374,00	245
SPEEDSTER	5	H	PUR SANG	10	1	7	26242,00	11805,00	38047,00	2624,20	330
MICOLEO	7	H	PUR SANG	10	2	3	26241,00	11807,00	38048,00	2624,10	215
TANQUES	3	M	PUR SANG	6	1	5	26238,00	19676,00	45914,00	4373,00	385
MISS CHIQUITA	3	F	PUR SANG	6	1	4	26233,00	19674,00	45907,00	4372,17	425
KING OF CLOUGHAN	2	M	PUR SANG	1	0	1	26180,00	0,00	26180,00	26180,00	455
WALMA	4	F	PUR SANG	12	1	8	26179,00	11775,00	37954,00	2181,58	325
VARZUGA	3	F	PUR SANG	8	3	3	26173,00	19629,00	45802,00	3271,63	305
ANTICO	5	H	PUR SANG	12	2	4	26135,00	11758,00	37893,00	2177,92	245
FEARLESS CHEETAH	6	F	PUR SANG	8	1	4	26129,00	11755,00	37884,00	3266,13	365
MAROON SIX	7	M	PUR SANG	9	1	7	26122,00	11750,00	37872,00	2902,44	325
GOLDENSIM	6	H	PUR SANG	11	1	8	26104,00	11742,00	37846,00	2373,09	320
JOUKOVKA	4	F	PUR SANG	13	2	7	26088,00	11735,00	37823,00	2006,77	230
DREAM OF GLORY	2	F	PUR SANG	4	1	3	26083,00	0,00	26083,00	6520,75	395
SEESHAUPT	3	F	PUR SANG	8	2	5	26075,00	19555,00	45630,00	3259,38	345
INJU	3	F	PUR SANG	7	1	4	26039,00	0,00	26039,00	3719,86	420
PYRAMIDE	4	F	PUR SANG	3	1	1	25998,00	11698,00	37696,00	8666,00	435
ST GERMAIN	3	H	PUR SANG	7	2	5	25981,00	19483,00	45464,00	3711,57	305
MERANO	4	M	PUR SANG	5	1	2	25980,00	0,00	25980,00	5196,00	460
LOST IN MUSIC	5	H	PUR SANG	9	2	4	25952,00	11676,00	37628,00	2883,56	345
FOCUS	3	M	PUR SANG	3	0	3	25935,00	19450,00	45385,00	8645,00	460
LE ROI DAVID	7	H	PUR SANG	3	2	0	25900,00	11654,00	37554,00	8633,33	365
AMERICAN GLORY	5	F	PUR SANG	9	1	4	25900,00	11653,00	37553,00	2877,78	375
HUTTON	6	H	PUR SANG	9	4	4	25883,00	0,00	25883,00	2875,89	290
DACHKOVA	3	F	PUR SANG	4	1	2	25868,00	0,00	25868,00	6467,00	425
TANIS	5	F	PUR SANG	9	2	4	25802,00	11609,00	37411,00	2866,89	320
SORANO	3	M	PUR SANG	8	1	5	25759,00	19315,00	45074,00	3219,88	400
PROXIMA DU CENTAUR	3	F	PUR SANG	5	0	5	25710,00	19281,00	44991,00	5142,00	485
BURNING HEART	4	M	PUR SANG	14	0	11	25708,00	11559,00	37267,00	1836,29	290
KOVROV	6	H	PUR SANG	5	1	2	25704,00	11566,00	37270,00	5140,80	430
AMIE AMOUR	3	F	PUR SANG	6	1	5	25683,00	0,00	25683,00	4280,50	370
STAR CREEK	4	H	PUR SANG	10	1	7	25679,00	11551,00	37230,00	2567,90	290
ALEM	4	H	PUR SANG	7	0	6	25671,00	11550,00	37221,00	3667,29	430
WOOD MING	3	H	PUR SANG	5	2	2	25669,00	19251,00	44920,00	5133,80	350
INDALIMOS	4	F	PUR SANG	5	0	3	25665,00	11548,00	37213,00	5133,00	465
HATFAVILLE	5	F	PUR SANG	5	2	3	25656,00	11543,00	37199,00	5131,20	275
ILIANNABELLA	3	F	PUR SANG	7	1	6	25630,00	0,00	25630,00	3661,43	360
JOJO FANTAISIE	3	F	PUR SANG	10	3	4	25616,00	19210,00	44826,00	2561,60	290
LOVECAYAN	5	F	PUR SANG	11	3	5	25604,00	9158,00	34762,00	2327,64	235
LOUIS OTHON	4	H	PUR SANG	7	2	4	25578,00	11508,00	37086,00	3654,00	340
CHAUMIERE DE PRE	4	H	PUR SANG	5	2	1	25570,00	11505,00	37075,00	5114,00	410
FLAMINGWAY	6	H	PUR SANG	5	2	3	25567,00	11503,00	37070,00	5113,40	370
PREMONITION	4	F	PUR SANG	8	2	3	25567,00	11503,00	37070,00	3195,88	355
INGEBORG	3	F	PUR SANG	8	1	6	25567,00	19174,00	44741,00	3195,88	370
SIR TOMMY CEN	4	M	PUR SANG	5	2	2	25552,00	11497,00	37049,00	5110,40	470
MELBORA	6	F	PUR SANG	12	1	5	25544,00	11492,00	37036,00	2128,67	345
DOCTEUR TOURNESOL	6	H	PUR SANG	9	2	7	25474,00	11461,00	36935,00	2830,44	250
LOVE IS GOLD	6	H	PUR SANG	7	2	4	25449,00	11450,00	36899,00	3635,57	410
DON FALCO	7	H	PUR SANG	13	2	7	25445,00	11447,00	36892,00	1957,31	265
MAP OF STARS	5	H	PUR SANG	3	0	3	25440,00	11448,00	36888,00	8480,00	525
SHE'S BOX OFFICE	2	F	PUR SANG	8	3	3	25411,00	0,00	25411,00	3176,38	360
HAYA LAND	4	M	PUR SANG	6	2	4	25401,00	11428,00	36829,00	4233,50	335
HERBAL	4	M	PUR SANG	3	2	1	25360,00	0,00	25360,00	8453,33	465
DARK SECRET	4	M	PUR SANG	5	1	4	25349,00	11404,00	36753,00	5069,80	375
BABOSHKA	3	F	PUR SANG	4	3	1	25334,00	0,00	25334,00	6333,50	320
FOXEY LADY	6	F	PUR SANG	7	1	4	25332,00	11397,00	36729,00	3618,86	340
ASTREDARGENT	3	M	PUR SANG	8	2	5	25328,00	18996,00	44324,00	3166,00	330
THE ODYSSEY	3	M	PUR SANG	4	2	2	25285,00	18962,00	44247,00	6321,25	430
NOLITO	6	H	PUR SANG	8	1	5	25237,00	11353,00	36590,00	3154,63	370
ZASYMOKA	5	F	PUR SANG	9	1	4	25216,00	11345,00	36561,00	2801,78	320
ANSSIO	4	H	PUR SANG	4	0	4	25204,00	11338,00	36542,00	6301,00	420
PIERRE LE GRAND	7	H	PUR SANG	10	1	8	25183,00	11329,00	36512,00	2518,30	280
CANDYMAN	5	H	PUR SANG	6	2	4	25163,00	11320,00	36483,00	4193,83	345
DEMAH	3	F	PUR SANG	3	2	0	25150,00	18862,00	44012,00	8383,33	400
CANALEJAS	3	M	PUR SANG	5	1	0	25150,00	18862,00	44012,00	5030,00	455
BEHIKE	3	M	PUR SANG	1	1	0	25150,00	0,00	25150,00	25150,00	460
MOONLIT SUN	3	F	PUR SANG	1	1	0	25150,00	0,00	25150,00	25150,00	415
GANODIN	3	M	PUR SANG	7	2	3	25114,00	18835,00	43949,00	3587,71	365
ROYAL CHAPEL	3	F	PUR SANG	3	0	3	25070,00	0,00	25070,00	8356,67	455
OLYMPIC MESSAGE	6	H	PUR SANG	6	0	5	25050,00	11270,00	36320,00	4175,00	415
ESPRONCEDA	3	M	PUR SANG	11	2	9	25007,00	0,00	25007,00	2273,36	290
SATURDAY NIGHT	4	F	PUR SANG	10	1	6	24997,00	11245,00	36242,00	2499,70	315
LINARIA	5	F	PUR SANG	7	2	4	24978,00	11237,00	36215,00	3568,29	345
MILORD DU LEMO	7	H	PUR SANG	12	2	9	24977,00	11235,00	36212,00	2081,42	230
PARVAGE	3	H	PUR SANG	7	1	5	24976,00	18729,00	43705,00	3568,00	355
SPRING HEART	5	F	PUR SANG	7	1	4	24936,00	11219,00	36155,00	3562,29	320
AMRITA	7	H	PUR SANG	6	2	4	24934,00	11218,00	36152,00	4155,67	340
DUBAIEARTH	3	F	PUR SANG	4	2	2	24924,00	0,00	24924,00	6231,00	385
C'EST VRAI	4	M	PUR SANG	4	0	4	24918,00	11212,00	36130,00	6229,50	475
HAMILTON	6	H	PUR SANG	8	2	3	24912,00	11208,00	36120,00	3114,00	330
NATORSPEED ESSEF	3	M	PUR SANG	5	2	3	24894,00	18670,00	43564,00	4978,80	375
TAJLINA	4	F	PUR SANG	3	0	3	24885,00	11198,00	36083,00	8295,00	485
MATURE	3	M	PUR SANG	5	1	4	24829,00	18621,00	43450,00	4965,80	415
SISKA	3	F	PUR SANG	7	0	6	24768,00	18574,00	43342,00	3538,29	320
GRECIAN STAR	6	M	PUR SANG	9	3	1	24738,00	11130,00	35868,00	2748,67	395
TUDO BEM	10	H	PUR SANG	10	2	6	24716,00	11120,00	35836,00	2471,60	330
HOUVILLE	3	F	PUR SANG	5	1	3	24714,00	18534,00	43248,00	4942,80	415
DALYAMIX	4	F	PUR SANG	8	1	7	24635,00	11082,00	35717,00	3079,38	300
SPACE GOOD	3	H	PUR SANG	9	1	5	24594,00	18445,00	43039,00	2732,67	335
MAJESTIC HILL	4	F	PUR SANG	10	2	5	24576,00	11058,00	35634,00	2457,60	250
NO CURE NO PAY	6	H	PUR SANG	6	3	3	24560,00	11052,00	35612,00	4093,33	680
SHARPSHOOT	3	H	PUR SANG	4	2	2	24516,00	0,00	24516,00	6129,00	400
ALICANTO	6	H	PUR SANG	11	2	3	24512,00	11027,00	35539,00	2228,36	300
MISS TARKEN	4	F	PUR SANG	6	1	3	24512,00	11028,00	35540,00	4085,33	355
SAINTE SARAH	3	F	PUR SANG	10	3	5	24504,00	15562,00	40066,00	2450,40	300
ANTINEA	8	F	PUR SANG	10	2	4	24504,00	11025,00	35529,00	2450,40	245
KING HARTWOOD	10	H	PUR SANG	12	2	3	24485,00	11016,00	35501,00	2040,42	220
CURRAGH CAMP	4	H	PUR SANG	3	2	1	24420,00	10987,00	35407,00	8140,00	440
BOSIOH	9	M	PUR SANG	11	1	10	24406,00	10977,00	35383,00	2218,73	300
BOOMERANG	8	H	PUR SANG	13	2	9	24398,00	10975,00	35373,00	1876,77	250
SHANOUR	3	M	PUR SANG	4	1	2	24384,00	0,00	24384,00	6096,00	390
ROI DU CIEL	3	H	PUR SANG	14	1	9	24337,00	18250,00	42587,00	1738,36	265
CATHERINE LA MER	3	F	PUR SANG	8	1	6	24309,00	18231,00	42540,00	3038,63	320
MERIDYS	3	F	PUR SANG	5	1	4	24304,00	18225,00	42529,00	4860,80	390
SWIFT MAGIC	3	M	PUR SANG	6	1	4	24300,00	18223,00	42523,00	4050,00	400
ZELMAN	5	H	PUR SANG	9	2	5	24262,00	9116,00	33378,00	2695,78	390
WE'LL DEFEND	4	F	PUR SANG	3	1	1	24260,00	10916,00	35176,00	8086,67	460
GRECIAN BONANZA	6	M	PUR SANG	8	2	5	24252,00	10911,00	35163,00	3031,50	375
HASHTAG JOA	5	F	PUR SANG	11	3	5	24243,00	10908,00	35151,00	2203,91	215
STARLIGHT	5	F	PUR SANG	9	2	5	24243,00	10907,00	35150,00	2693,67	230
JOROLINA	2	F	PUR SANG	3	1	1	24234,00	18174,00	42408,00	8078,00	400
LADY FRANCA ROSA	3	F	PUR SANG	9	3	3	24228,00	16155,00	40383,00	2692,00	350
HELVETIOS	3	H	PUR SANG	3	2	1	24209,00	10956,00	35165,00	8069,67	450
SANGOMAR	3	F	PUR SANG	6	1	4	24194,00	18144,00	42338,00	4032,33	380
GOD SAVE THE QUEEN	7	F	PUR SANG	6	2	3	24176,00	10878,00	35054,00	4029,33	275
GALAGOS	4	M	PUR SANG	8	1	6	24127,00	10854,00	34981,00	3015,88	360
ALINKA	3	F	PUR SANG	15	1	10	24117,00	18086,00	42203,00	1607,80	285
MISTERWINNER	4	H	PUR SANG	7	1	5	24115,00	10849,00	34964,00	3445,00	370
SAN SEBASTIAN	5	H	PUR SANG	4	2	1	24072,00	10832,00	34904,00	6018,00	430
SAINT FIACRE	8	H	PUR SANG	5	2	3	24062,00	10825,00	34887,00	4812,40	295
HOMERE	3	H	PUR SANG	4	1	3	24034,00	0,00	24034,00	6008,50	410
MARKUS	4	H	PUR SANG	9	1	5	24018,00	10805,00	34823,00	2668,67	360
HEREWARD	2	M	PUR SANG	1	0	1	24000,00	0,00	24000,00	24000,00	
RING JOY	2	F	PUR SANG	1	0	1	24000,00	0,00	24000,00	24000,00	
GWADA CONCEPT	3	F	PUR SANG	6	2	3	23888,00	17541,00	41429,00	3981,33	355
VERNON	3	H	PUR SANG	4	1	3	23872,00	17903,00	41775,00	5968,00	415
ZAKKAN	2	M	PUR SANG	4	0	4	23858,00	17893,00	41751,00	5964,50	460
SANTA LUZIA	3	F	PUR SANG	8	1	6	23854,00	17889,00	41743,00	2981,75	330
MARCHEMALO	4	H	PUR SANG	8	1	5	23829,00	10720,00	34549,00	2978,63	360
ZARRAF	4	M	PUR SANG	3	1	0	23800,00	10710,00	34510,00	7933,33	470
MARAZION	4	F	PUR SANG	1	1	0	23800,00	0,00	23800,00	23800,00	400
BOURBON MOON	3	F	PUR SANG	7	2	2	23776,00	17831,00	41607,00	3396,57	335
MARTAGNY	3	H	PUR SANG	3	1	2	23760,00	17819,00	41579,00	7920,00	430
SKY DREAM	3	F	PUR SANG	6	1	4	23711,00	17781,00	41492,00	3951,83	365
VILLA MONCEAU	3	F	PUR SANG	5	1	3	23682,00	0,00	23682,00	4736,40	380
IRRESITIBLEMENT	3	H	PUR SANG	8	1	7	23674,00	17751,00	41425,00	2959,25	365
MURANO	6	H	PUR SANG	7	2	5	23668,00	10649,00	34317,00	3381,14	245
LOHENGREEN	3	M	PUR SANG	7	1	4	23660,00	17743,00	41403,00	3380,00	380
I AM MAELIA	3	F	PUR SANG	9	2	5	23644,00	17733,00	41377,00	2627,11	340
LOLLIPOP DES PINS	5	F	PUR SANG	8	2	4	23630,00	10631,00	34261,00	2953,75	290
GLOBAL HEALTH	5	H	PUR SANG	5	1	4	23630,00	10631,00	34261,00	4726,00	510
ABRASSO	8	H	PUR SANG	11	2	6	23624,00	10628,00	34252,00	2147,64	205
LELIO	4	H	PUR SANG	6	2	2	23587,00	10613,00	34200,00	3931,17	330
NELLIEDONADO	3	F	PUR SANG	8	1	5	23580,00	17683,00	41263,00	2947,50	380
BELLANO	5	H	PUR SANG	4	1	2	23543,00	10593,00	34136,00	5885,75	455
PADDINGTON	3	H	PUR SANG	6	2	2	23531,00	17647,00	41178,00	3921,83	325
FOR WIN	5	H	PUR SANG	5	2	3	23530,00	0,00	23530,00	4706,00	305
MON BLACK DU LIVET	4	H	PUR SANG	7	1	5	23526,00	10584,00	34110,00	3360,86	305
SIGRUNE	6	F	PUR SANG	10	4	5	23523,00	10582,00	34105,00	2352,30	240
PAUL DE TARSE	3	H	PUR SANG	8	1	7	23521,00	17640,00	41161,00	2940,13	320
GARIYANN	4	H	PUR SANG	8	2	3	23512,00	10579,00	34091,00	2939,00	285
GLORI LEADER	6	H	PUR SANG	10	1	6	23511,00	10576,00	34087,00	2351,10	310
DEEP HOPE	7	H	PUR SANG	4	2	1	23506,00	0,00	23506,00	5876,50	370
SILENT WARNING	3	M	PUR SANG	4	2	2	23492,00	0,00	23492,00	5873,00	430
MAGIC STARS	6	F	PUR SANG	12	3	3	23488,00	10568,00	34056,00	1957,33	270
FEL	3	M	PUR SANG	3	2	1	23486,00	17614,00	41100,00	7828,67	415
FLYING SPUR	2	F	PUR SANG	3	1	2	23486,00	17614,00	41100,00	7828,67	440
BABY HARTWOOD	4	M	PUR SANG	11	0	8	23473,00	10559,00	34032,00	2133,91	330
ROI TREZY	3	M	PUR SANG	7	1	4	23471,00	17601,00	41072,00	3353,00	345
SICILIANO	3	H	PUR SANG	4	1	2	23442,00	17581,00	41023,00	5860,50	445
LOVATREE PARIS	3	F	PUR SANG	10	1	8	23409,00	17556,00	40965,00	2340,90	330
MEASTER OWEN	5	H	PUR SANG	8	2	4	23391,00	10522,00	33913,00	2923,88	315
ZOLIA	4	F	PUR SANG	12	2	7	23382,00	10516,00	33898,00	1948,50	305
ESPOIR AVENIR	4	M	PUR SANG	5	0	3	23380,00	10520,00	33900,00	4676,00	495
TORNILLA	5	F	PUR SANG	5	2	3	23364,00	10511,00	33875,00	4672,80	345
CRACKING GOOD TIME	3	F	PUR SANG	5	2	2	23362,00	0,00	23362,00	4672,40	410
ROSA GALLICA	4	F	PUR SANG	6	2	3	23355,00	10508,00	33863,00	3892,50	340
BELL SONG	6	F	PUR SANG	9	2	7	23346,00	10501,00	33847,00	2594,00	270
APOLLON	7	H	PUR SANG	8	2	5	23346,00	0,00	23346,00	2918,25	300
VINGT SEPT	4	H	PUR SANG	5	2	3	23333,00	10497,00	33830,00	4666,60	320
FIRST CREATION	8	H	PUR SANG	10	2	8	23316,00	8801,00	32117,00	2331,60	250
LE CITADIN	3	H	PUR SANG	3	2	1	23298,00	17473,00	40771,00	7766,00	385
BRIGHT MILLIE	3	F	PUR SANG	4	2	1	23298,00	17473,00	40771,00	5824,50	420
SIMANCAS	6	F	PUR SANG	4	2	1	23272,00	10471,00	33743,00	5818,00	330
DORIANELLO	6	H	PUR SANG	9	2	6	23256,00	10463,00	33719,00	2584,00	300
CANNELLO	10	H	PUR SANG	12	2	4	23224,00	10449,00	33673,00	1935,33	285
MAX VERST	7	H	PUR SANG	11	0	7	23196,00	10435,00	33631,00	2108,73	370
MELANIES JOY	5	H	PUR SANG	11	1	5	23193,00	0,00	23193,00	2108,45	250
HALSEY	3	F	PUR SANG	15	1	13	23182,00	17384,00	40566,00	1545,47	295
MARIE DE PRUSSE	4	F	PUR SANG	12	0	9	23170,00	10422,00	33592,00	1930,83	230
CIACCINO	4	H	PUR SANG	20	0	14	23169,00	10421,00	33590,00	1158,45	190
SOCIANDO	3	H	PUR SANG	11	1	8	23113,00	17334,00	40447,00	2101,18	290
MARSIHO	4	H	PUR SANG	7	1	3	23108,00	10396,00	33504,00	3301,14	310
PERSIANROMY	3	F	PUR SANG	11	0	10	23108,00	17330,00	40438,00	2100,73	295
TOO DARN QUICK	3	M	PUR SANG	7	0	7	23107,00	0,00	23107,00	3301,00	360
ZAKHAROVA	4	F	PUR SANG	5	1	2	23100,00	10394,00	33494,00	4620,00	450
DIVA CHIQUITA	3	F	PUR SANG	13	1	7	23095,00	17320,00	40415,00	1776,54	295
MOONEY VISION	3	H	PUR SANG	6	1	5	23088,00	0,00	23088,00	3848,00	360
JIJI MY LOVE	5	F	PUR SANG	9	2	5	23068,00	10379,00	33447,00	2563,11	200
FALOU CHOPE	3	F	PUR SANG	3	2	1	23060,00	17294,00	40354,00	7686,67	345
ALREYYAH	4	F	PUR SANG	4	1	2	23060,00	0,00	23060,00	5765,00	450
QUIET STRENGTH	2	F	PUR SANG	6	1	4	23050,00	17285,00	40335,00	3841,67	340
EYE OF THE TIGER	4	H	PUR SANG	11	2	6	23046,00	10367,00	33413,00	2095,09	285
NABAB ' K	3	H	PUR SANG	3	2	1	23020,00	17264,00	40284,00	7673,33	400
COLBERT	3	M	PUR SANG	3	2	1	23017,00	17262,00	40279,00	7672,33	415
AGATHA SENORA	5	F	PUR SANG	7	2	1	22999,00	10348,00	33347,00	3285,57	305
PONNTOS	8	M	PUR SANG	5	0	3	22970,00	0,00	22970,00	4594,00	480
EDIBEST FAL	4	H	PUR SANG	8	1	4	22920,00	10311,00	33231,00	2865,00	310
SAUCEPOT	4	F	PUR SANG	5	1	3	22914,00	10309,00	33223,00	4582,80	400
DAPANGO	7	H	PUR SANG	5	2	3	22890,00	0,00	22890,00	4578,00	380
BIN ZARAK	4	M	PUR SANG	6	1	3	22890,00	10300,00	33190,00	3815,00	380
COMTE NOIR	5	H	PUR SANG	9	1	6	22873,00	10290,00	33163,00	2541,44	265
FANTASTIC STAR	4	H	PUR SANG	5	2	3	22870,00	10289,00	33159,00	4574,00	340
TOIMY SON	7	H	PUR SANG	9	1	7	22858,00	10284,00	33142,00	2539,78	380
MAYRA	2	F	PUR SANG	1	1	0	22850,00	17137,00	39987,00	22850,00	
TORTSANLOT	2	M	PUR SANG	1	1	0	22850,00	17137,00	39987,00	22850,00	
JUMEAU	2	M	PUR SANG	1	1	0	22850,00	17137,00	39987,00	22850,00	
BLEACH	2	F	PUR SANG	2	1	0	22850,00	0,00	22850,00	11425,00	
GARLABAN	2	F	PUR SANG	1	1	0	22850,00	0,00	22850,00	22850,00	
ROUHI	2	M	PUR SANG	2	1	0	22850,00	0,00	22850,00	11425,00	
HER CHRISTOPHER	5	H	PUR SANG	6	1	5	22844,00	10277,00	33121,00	3807,33	325
LADY MADELEINE	4	F	PUR SANG	6	0	6	22842,00	10274,00	33116,00	3807,00	315
LORD ASRIEL D ALME	5	H	PUR SANG	9	2	3	22833,00	10272,00	33105,00	2537,00	225
ZARWALYAH	3	F	PUR SANG	6	2	2	22800,00	17098,00	39898,00	3800,00	365
KEANU	4	M	PUR SANG	13	1	9	22794,00	10254,00	33048,00	1753,38	320
DSCHINGIS HEIGHTS	6	H	PUR SANG	9	2	5	22784,00	10249,00	33033,00	2531,56	285
TIMBALLINA	6	F	PUR SANG	15	1	10	22779,00	0,00	22779,00	1518,60	260
KING ROBBE	9	H	PUR SANG	11	2	4	22768,00	10242,00	33010,00	2069,82	340
MUST BE CRACKERS	3	H	PUR SANG	9	3	4	22684,00	17013,00	39697,00	2520,44	260
YAKFEEK	4	H	PUR SANG	7	1	4	22657,00	0,00	22657,00	3236,71	285
WINDJANA	8	F	PUR SANG	15	2	9	22606,00	10166,00	32772,00	1507,07	265
PRADARO	11	H	PUR SANG	10	1	5	22604,00	10170,00	32774,00	2260,40	315
FLEUR DE SEL	6	F	PUR SANG	8	2	3	22550,00	9471,00	32021,00	2818,75	295
GREAT ART	6	H	PUR SANG	11	1	7	22536,00	10136,00	32672,00	2048,73	305
FERRARI FEVER	5	H	PUR SANG	9	1	5	22531,00	10134,00	32665,00	2503,44	410
KHALINSKHA	3	F	PUR SANG	5	2	2	22500,00	16874,00	39374,00	4500,00	390
MAGIC TUNIS	6	H	PUR SANG	8	1	6	22483,00	10114,00	32597,00	2810,38	260
EMBIEZ	5	F	PUR SANG	5	2	3	22420,00	10087,00	32507,00	4484,00	305
ARANYANI	3	F	PUR SANG	4	1	3	22406,00	0,00	22406,00	5601,50	365
AL RATEEL	3	F	PUR SANG	3	2	0	22400,00	0,00	22400,00	7466,67	420
AUSTRALIAN ROMANCE	3	F	PUR SANG	10	0	9	22383,00	16783,00	39166,00	2238,30	280
MEXICAN DREAM	8	F	PUR SANG	12	2	3	22381,00	10069,00	32450,00	1865,08	295
SARASTRO	4	M	PUR SANG	5	1	2	22376,00	0,00	22376,00	4475,20	350
RIGEL BLUE	3	F	PUR SANG	6	1	3	22351,00	16762,00	39113,00	3725,17	350
LE DOC	3	H	PUR SANG	9	2	6	22312,00	16729,00	39041,00	2479,11	355
COGOLIN	8	H	PUR SANG	11	2	6	22311,00	10037,00	32348,00	2028,27	275
NOCE DE RUBIS	4	F	PUR SANG	7	0	7	22303,00	10032,00	32335,00	3186,14	340
SPRING EVE	6	F	PUR SANG	8	2	3	22283,00	10025,00	32308,00	2785,38	330
NEBUR	3	M	PUR SANG	8	1	5	22239,00	16676,00	38915,00	2779,88	385
QUEMAZAL	3	M	PUR SANG	7	1	5	22180,00	16634,00	38814,00	3168,57	375
AIMANT	8	H	PUR SANG	9	2	3	22170,00	9975,00	32145,00	2463,33	240
BODY PHYSICAL	2	F	PUR SANG	9	1	8	22154,00	16614,00	38768,00	2461,56	325
SOGYNT	7	H	PUR SANG	8	2	3	22124,00	9953,00	32077,00	2765,50	300
TOMOE GOZEN	3	F	PUR SANG	16	1	11	22119,00	16585,00	38704,00	1382,44	260
ARIA FRESCA	2	F	PUR SANG	5	2	2	22084,00	0,00	22084,00	4416,80	355
SAN GIORGIO	2	M	PUR SANG	3	1	2	22057,00	16542,00	38599,00	7352,33	420
QUINTE FLUSH AAS	2	M	PUR SANG	3	0	3	22042,00	0,00	22042,00	7347,33	380
AMINACO	4	M	PUR SANG	3	2	1	22036,00	0,00	22036,00	7345,33	375
TEUCH WIN	3	H	PUR SANG	7	1	5	22008,00	16505,00	38513,00	3144,00	350
CENTRICAL	8	H	PUR SANG	7	2	4	22001,00	9899,00	31900,00	3143,00	400
FIRST LADY STAR	3	F	PUR SANG	11	1	7	21980,00	16481,00	38461,00	1998,18	260
MANDANABA	4	F	PUR SANG	1	1	0	21950,00	9877,00	31827,00	21950,00	505
ROSENINSEL	3	F	PUR SANG	5	1	4	21938,00	16452,00	38390,00	4387,60	425
CIAO BELLO	2	M	PUR SANG	4	1	3	21938,00	16452,00	38390,00	5484,50	380
JOH SPIRIT	7	F	PUR SANG	9	1	5	21923,00	9862,00	31785,00	2435,89	385
MAINE	3	F	PUR SANG	5	1	3	21907,00	16429,00	38336,00	4381,40	390
SAMAGACE DU VIVIEN	12	H	PUR SANG	6	2	1	21898,00	9853,00	31751,00	3649,67	240
YAGGERA	3	F	PUR SANG	7	1	5	21898,00	16421,00	38319,00	3128,29	385
LIVRY	4	F	PUR SANG	3	2	1	21888,00	9849,00	31737,00	7296,00	365
QUIET KING	4	H	PUR SANG	5	0	4	21888,00	9846,00	31734,00	4377,60	420
WHAKA	3	F	PUR SANG	15	1	12	21884,00	10448,00	32332,00	1458,93	265
DEUX PONTS	3	M	PUR SANG	6	1	4	21857,00	0,00	21857,00	3642,83	370
STUDY OF CASE	3	M	PUR SANG	6	1	4	21816,00	16362,00	38178,00	3636,00	370
GOLDEN BROWN	4	H	PUR SANG	11	2	5	21782,00	9800,00	31582,00	1980,18	315
MENACANT	3	M	PUR SANG	7	2	1	21772,00	16329,00	38101,00	3110,29	360
PAINTELLO	5	H	PUR SANG	4	1	1	21722,00	9774,00	31496,00	5430,50	365
TAKE CHARGE STAR	3	M	PUR SANG	1	0	1	21698,00	0,00	21698,00	21698,00	500
SOUL AMBASSADOR	3	H	PUR SANG	4	1	3	21696,00	16271,00	37967,00	5424,00	380
GOLDY GLORY	2	F	PUR SANG	5	2	1	21690,00	16267,00	37957,00	4338,00	375
SPIRIT GREY	6	H	PUR SANG	10	1	8	21682,00	9754,00	31436,00	2168,20	235
CANENA	3	F	PUR SANG	5	2	2	21676,00	16257,00	37933,00	4335,20	385
LIBECCIO WIND	3	M	PUR SANG	4	0	4	21642,00	0,00	21642,00	5410,50	405
BIG JET PLANE	2	H	PUR SANG	6	1	4	21587,00	16188,00	37775,00	3597,83	395
XARUN	9	H	PUR SANG	16	2	10	21534,00	9687,00	31221,00	1345,88	260
SELF SOLUTION	5	H	PUR SANG	5	2	2	21471,00	0,00	21471,00	4294,20	360
NEKKETSU	3	H	PUR SANG	3	1	2	21412,00	16057,00	37469,00	7137,33	390
JONIN	5	F	PUR SANG	6	1	4	21393,00	0,00	21393,00	3565,50	310
KRASKHOV	4	H	PUR SANG	6	0	5	21377,00	9617,00	30994,00	3562,83	385
LITERARY SONG	2	H	PUR SANG	4	1	3	21369,00	16024,00	37393,00	5342,25	410
SIMPLY LOVELY	8	H	PUR SANG	7	1	2	21358,00	9610,00	30968,00	3051,14	365
PLEASING	5	F	PUR SANG	4	2	2	21282,00	9576,00	30858,00	5320,50	315
RADIANT	3	F	PUR SANG	4	1	1	21245,00	15933,00	37178,00	5311,25	465
ODIN NORMANDY	7	H	PUR SANG	6	3	1	21235,00	9555,00	30790,00	3539,17	290
ANODIAC	3	H	PUR SANG	7	2	3	21225,00	15918,00	37143,00	3032,14	330
MANA MAHA	8	F	PUR SANG	12	1	6	21216,00	9542,00	30758,00	1768,00	290
RUBENESQUE	3	F	PUR SANG	12	1	10	21211,00	15905,00	37116,00	1767,58	330
LA BONITA	5	F	PUR SANG	8	2	3	21182,00	9530,00	30712,00	2647,75	310
INMATE	4	H	PUR SANG	12	1	6	21161,00	0,00	21161,00	1763,42	230
PRESA DIRETTA	7	F	PUR SANG	4	0	4	21143,00	9512,00	30655,00	5285,75	385
GIORGIANA	6	F	PUR SANG	6	2	2	21130,00	9506,00	30636,00	3521,67	330
IPSO FACTO	4	H	PUR SANG	10	1	7	21127,00	9502,00	30629,00	2112,70	310
GOLDEN RUN	2	H	PUR SANG	5	1	4	21106,00	15828,00	36934,00	4221,20	360
SOLIGNY	4	H	PUR SANG	4	2	0	21100,00	9494,00	30594,00	5275,00	345
AVIDE	4	H	PUR SANG	3	0	3	21100,00	9495,00	30595,00	7033,33	445
LEPARD	7	M	PUR SANG	12	2	6	21082,00	9484,00	30566,00	1756,83	305
BALTA	3	H	PUR SANG	11	1	8	21048,00	15782,00	36830,00	1913,45	295
CUELLAR	3	H	PUR SANG	6	1	4	21047,00	15784,00	36831,00	3507,83	370
ZINGARELLE	5	F	PUR SANG	6	1	5	21042,00	9464,00	30506,00	3507,00	310
GRANDE BAIGNEUSE	3	F	PUR SANG	4	1	2	21040,00	0,00	21040,00	5260,00	440
MAINTAIN	3	F	PUR SANG	5	0	2	21040,00	0,00	21040,00	4208,00	460
BEWARE OF THE BEAR	3	M	PUR SANG	11	2	9	21037,00	0,00	21037,00	1912,45	300
SECOND TO NONE	8	H	PUR SANG	9	1	6	21028,00	0,00	21028,00	2336,44	195
ZAHYANA	6	F	PUR SANG	3	1	2	21024,00	9460,00	30484,00	7008,00	410
HELLO MASTER	3	H	PUR SANG	10	2	6	20987,00	15378,00	36365,00	2098,70	345
ELUSIVE NELSON	8	F	PUR SANG	11	2	8	20961,00	9430,00	30391,00	1905,55	245
RIVER DAVEN	7	F	PUR SANG	11	1	9	20924,00	9413,00	30337,00	1902,18	175
PALM SPRINGS	3	F	PUR SANG	6	1	4	20895,00	10419,00	31314,00	3482,50	375
RASHEED	3	M	PUR SANG	5	1	4	20880,00	15660,00	36540,00	4176,00	365
NAKED MEMORIES	4	H	PUR SANG	7	1	4	20877,00	9393,00	30270,00	2982,43	345
PORT SANTA PONSA	5	H	PUR SANG	9	2	4	20870,00	9389,00	30259,00	2318,89	250
VARENNE	4	H	PUR SANG	14	1	7	20869,00	8756,00	29625,00	1490,64	280
MIJAS	3	M	PUR SANG	6	1	2	20864,00	15648,00	36512,00	3477,33	430
NADIR	3	H	PUR SANG	6	1	5	20840,00	15628,00	36468,00	3473,33	345
WAYBREAKER	3	H	PUR SANG	3	0	3	20815,00	15611,00	36426,00	6938,33	480
ALMAROMY	4	F	PUR SANG	10	1	7	20768,00	9342,00	30110,00	2076,80	350
SHOWPOWER	5	H	PUR SANG	6	2	4	20762,00	0,00	20762,00	3460,33	350
FAVORY CHOP	5	H	PUR SANG	6	1	2	20753,00	9337,00	30090,00	3458,83	310
LA CRACK PRECIEUSE	5	F	PUR SANG	11	2	6	20751,00	9335,00	30086,00	1886,45	200
CAMBREMER	4	F	PUR SANG	6	1	3	20751,00	9336,00	30087,00	3458,50	350
SPOTTED TAIL	3	F	PUR SANG	5	2	2	20722,00	15541,00	36263,00	4144,40	340
HOT AND BEAUTY	4	F	PUR SANG	12	1	7	20661,00	9294,00	29955,00	1721,75	285
FORCE TRANQUILLE	7	F	PUR SANG	15	1	11	20648,00	9288,00	29936,00	1376,53	245
CHIRICCO	5	H	PUR SANG	7	1	4	20618,00	9276,00	29894,00	2945,43	380
JOUR DE COEUR	3	F	PUR SANG	12	2	8	20570,00	15426,00	35996,00	1714,17	280
TIBERIANA	4	F	PUR SANG	9	2	6	20549,00	9244,00	29793,00	2283,22	255
JOHNNY DRIVE	3	H	PUR SANG	13	2	8	20535,00	15399,00	35934,00	1579,62	250
MOONLABEL	3	F	PUR SANG	5	1	3	20525,00	15392,00	35917,00	4105,00	430
WATHAB	5	H	PUR SANG	11	3	4	20518,00	9232,00	29750,00	1865,27	250
JUST IN TIME GAME	7	M	PUR SANG	11	2	3	20510,00	9227,00	29737,00	1864,55	330
IT'S PISTACHIO	3	H	PUR SANG	5	2	2	20499,00	15373,00	35872,00	4099,80	375
ATLANTIC WAYS	5	F	PUR SANG	7	1	6	20487,00	9217,00	29704,00	2926,71	290
ORANGE VIF	7	H	PUR SANG	10	2	3	20482,00	9215,00	29697,00	2048,20	240
DERBYCAT	3	F	PUR SANG	5	1	4	20478,00	0,00	20478,00	4095,60	345
IMMATIN STORM	2	F	PUR SANG	5	0	5	20474,00	10480,00	30954,00	4094,80	370
UPPERCUT	4	H	PUR SANG	13	2	6	20463,00	7405,00	27868,00	1574,08	295
POLO BABY	4	H	PUR SANG	12	1	6	20446,00	9197,00	29643,00	1703,83	185
LA ALMADIA	3	F	PUR SANG	15	2	7	20441,00	15327,00	35768,00	1362,73	265
KOYA	3	F	PUR SANG	7	1	6	20440,00	15329,00	35769,00	2920,00	355
JUBBAH	5	F	PUR SANG	12	3	5	20419,00	7612,00	28031,00	1701,58	220
NUMERUS BORGET	8	H	PUR SANG	11	0	7	20417,00	9183,00	29600,00	1856,09	275
KOMET CHOP	3	M	PUR SANG	7	1	3	20386,00	15289,00	35675,00	2912,29	375
SAN TEODORICO	7	H	PUR SANG	8	2	4	20360,00	9160,00	29520,00	2545,00	290
ELAUNEIL	6	F	PUR SANG	13	3	7	20358,00	8482,00	28840,00	1566,00	250
TREATWOOD	6	H	PUR SANG	7	2	2	20340,00	9151,00	29491,00	2905,71	345
DICANTO	2	M	PUR SANG	10	1	7	20322,00	15240,00	35562,00	2032,20	335
LIKE LINDY	3	F	PUR SANG	8	0	5	20308,00	0,00	20308,00	2538,50	365
SUMACO	3	M	PUR SANG	4	1	3	20291,00	0,00	20291,00	5072,75	395
ZASTER FOR ALL	8	F	PUR SANG	8	2	3	20248,00	9111,00	29359,00	2531,00	205
RUE POUSSIN	4	F	PUR SANG	9	1	3	20247,00	9108,00	29355,00	2249,67	290
MARTIAL ART	7	H	PUR SANG	6	1	2	20203,00	9089,00	29292,00	3367,17	290
APPLICATION	2	F	PUR SANG	5	1	3	20203,00	15151,00	35354,00	4040,60	380
MAROONED	4	F	PUR SANG	5	1	3	20202,00	9090,00	29292,00	4040,40	370
SWEET DIANA	6	F	PUR SANG	4	2	1	20181,00	0,00	20181,00	5045,25	335
SY LY	3	F	PUR SANG	10	3	7	20180,00	15135,00	35315,00	2018,00	680
VERY PRETTY	3	F	PUR SANG	7	0	7	20180,00	15132,00	35312,00	2882,86	360
MANDEGA	6	H	PUR SANG	8	2	5	20160,00	9069,00	29229,00	2520,00	290
PISORNO	8	H	PUR SANG	10	2	6	20150,00	9065,00	29215,00	2015,00	240
LOYAL PRINCE	5	M	PUR SANG	13	1	6	20150,00	9064,00	29214,00	1550,00	200
HUR CAT	9	H	PUR SANG	12	1	8	20138,00	9060,00	29198,00	1678,17	215
DOUBLE EFFECT	6	F	PUR SANG	7	1	4	20130,00	9056,00	29186,00	2875,71	275
FREJULFE	3	F	PUR SANG	7	2	4	20122,00	13290,00	33412,00	2874,57	285
KOZLOVSKHA	3	F	PUR SANG	5	0	2	20120,00	15090,00	35210,00	4024,00	430
CITY QUEEN	3	F	PUR SANG	3	0	3	20120,00	0,00	20120,00	6706,67	440
PITCH PERFECT	3	H	PUR SANG	4	1	2	20110,00	15081,00	35191,00	5027,50	445
VICKY	4	F	PUR SANG	7	1	4	20107,00	9046,00	29153,00	2872,43	305
MARBELLESA	3	F	PUR SANG	6	0	6	20096,00	15071,00	35167,00	3349,33	370
RUSH TO WAIT	3	F	PUR SANG	6	2	2	20088,00	15066,00	35154,00	3348,00	340
QUALIAND	6	H	PUR SANG	6	2	3	20042,00	9017,00	29059,00	3340,33	335
GOOD BYE DAVIER	3	M	PUR SANG	9	1	7	20036,00	15027,00	35063,00	2226,22	340
LA BELLE ISOLA	2	F	PUR SANG	4	1	3	20021,00	15015,00	35036,00	5005,25	400
ZAHARA	3	F	PUR SANG	6	1	2	20018,00	15013,00	35031,00	3336,33	370
FERNANDO	6	H	PUR SANG	11	2	5	20010,00	9003,00	29013,00	1819,09	225
DEFINING	3	H	PUR SANG	4	1	3	20009,00	15005,00	35014,00	5002,25	415
TURBULENTE	3	F	PUR SANG	5	1	3	20005,00	15003,00	35008,00	4001,00	410
MAN'S BEST FRIEND	2	M	PUR SANG	1	0	1	19985,00	0,00	19985,00	19985,00	495
TREASURE KEEPER	8	M	PUR SANG	7	1	4	19972,00	8985,00	28957,00	2853,14	345
DISTURBED	5	H	PUR SANG	5	1	3	19950,00	8975,00	28925,00	3990,00	360
CHANSON DOUCE	2	F	PUR SANG	4	2	1	19940,00	14954,00	34894,00	4985,00	410
ZVALIKOVA	5	F	PUR SANG	8	2	4	19932,00	8967,00	28899,00	2491,50	325
ETERNITYS GREY	4	F	PUR SANG	6	1	3	19920,00	8962,00	28882,00	3320,00	325
BIG BOOTS	10	H	PUR SANG	10	1	5	19897,00	0,00	19897,00	1989,70	200
TEMAPICA	3	F	PUR SANG	3	1	1	19895,00	14920,00	34815,00	6631,67	440
MANNE	9	F	PUR SANG	9	1	7	19883,00	8943,00	28826,00	2209,22	275
LADY SOFIA	3	F	PUR SANG	8	0	6	19842,00	14879,00	34721,00	2480,25	300
EQUULEUS	3	H	PUR SANG	5	1	3	19836,00	14876,00	34712,00	3967,20	370
WONDER BOY	11	H	PUR SANG	6	1	5	19800,00	8908,00	28708,00	3300,00	320
GAILLARD	6	H	PUR SANG	9	1	6	19792,00	8903,00	28695,00	2199,11	345
MEMORY	3	H	PUR SANG	5	1	4	19789,00	14839,00	34628,00	3957,80	370
WALIBI CHOP	4	M	PUR SANG	9	2	6	19780,00	8901,00	28681,00	2197,78	670
JESS LIVERMORE	5	H	PUR SANG	7	1	3	19770,00	8894,00	28664,00	2824,29	270
LE TYCOON	4	H	PUR SANG	7	1	5	19724,00	8873,00	28597,00	2817,71	275
STARZO FAL	5	M	PUR SANG	9	1	7	19723,00	8874,00	28597,00	2191,44	660
HAZA	4	H	PUR SANG	8	1	5	19673,00	8851,00	28524,00	2459,13	375
BRIGHT LIGHT	3	M	PUR SANG	2	1	1	19660,00	7545,00	27205,00	9830,00	470
RISING WATER	3	F	PUR SANG	6	1	5	19653,00	14738,00	34391,00	3275,50	340
ANDEOL	3	M	PUR SANG	5	1	1	19632,00	14724,00	34356,00	3926,40	380
WEEKEN	3	H	PUR SANG	6	1	3	19628,00	14721,00	34349,00	3271,33	405
DIVO	3	H	PUR SANG	7	1	4	19627,00	14719,00	34346,00	2803,86	330
QUIET WIFE	4	F	PUR SANG	11	1	8	19614,00	8823,00	28437,00	1783,09	330
ZARAMIX	3	H	PUR SANG	5	1	2	19603,00	14701,00	34304,00	3920,60	420
VINO	5	F	PUR SANG	19	0	16	19597,00	8812,00	28409,00	1031,42	175
GO JOHNNY GO GO GO	6	F	PUR SANG	11	1	8	19592,00	8813,00	28405,00	1781,09	210
SIR CRATER	4	M	PUR SANG	6	2	1	19572,00	8807,00	28379,00	3262,00	360
SALALAH	5	F	PUR SANG	8	0	5	19572,00	8803,00	28375,00	2446,50	370
ETINCELLE	3	F	PUR SANG	4	1	2	19559,00	14667,00	34226,00	4889,75	420
NO TIME	6	F	PUR SANG	8	2	2	19555,00	8799,00	28354,00	2444,38	290
MAGNETIQUE	11	H	PUR SANG	12	1	4	19532,00	0,00	19532,00	1627,67	175
WOODCHUCK	6	H	PUR SANG	2	0	2	19512,00	8780,00	28292,00	9756,00	510
MARKOS	3	M	PUR SANG	8	3	4	19484,00	14611,00	34095,00	2435,50	300
HEROISTE	3	F	PUR SANG	3	1	1	19476,00	14606,00	34082,00	6492,00	385
EXPERTISE	6	F	PUR SANG	11	1	6	19475,00	8762,00	28237,00	1770,45	285
RENOUVEAU	2	F	PUR SANG	5	0	5	19472,00	14602,00	34074,00	3894,40	360
BEST LOOKING	5	F	PUR SANG	6	2	4	19469,00	8759,00	28228,00	3244,83	320
I AM STILL STANDING	3	F	PUR SANG	9	1	5	19461,00	14593,00	34054,00	2162,33	295
ONE REPUBLIK	3	F	PUR SANG	13	3	10	19460,00	14594,00	34054,00	1496,92	640
INDIAN PACIFIC	10	H	PUR SANG	8	2	6	19459,00	8754,00	28213,00	2432,38	300
ETCHEBASTER	3	H	PUR SANG	5	0	5	19456,00	14592,00	34048,00	3891,20	380
CAVANI KAIZEN	8	H	PUR SANG	6	2	3	19451,00	8752,00	28203,00	3241,83	295
KELLY KEY	6	F	PUR SANG	14	1	10	19440,00	8742,00	28182,00	1388,57	265
LIARMA	3	F	PUR SANG	3	1	2	19438,00	0,00	19438,00	6479,33	400
PURPLE MOOD	5	H	PUR SANG	11	1	6	19437,00	8744,00	28181,00	1767,00	285
SEVENDAY	5	H	PUR SANG	14	1	9	19433,00	8740,00	28173,00	1388,07	320
MYKISS	9	H	PUR SANG	7	1	3	19392,00	8724,00	28116,00	2770,29	335
CARTAAM	4	H	PUR SANG	7	1	4	19383,00	8720,00	28103,00	2769,00	270
PERSIAN GRACE	3	F	PUR SANG	5	1	3	19380,00	14533,00	33913,00	3876,00	380
PAOLINO	4	H	PUR SANG	5	1	2	19358,00	8710,00	28068,00	3871,60	375
SAINT LAURENT	3	H	PUR SANG	9	1	7	19332,00	14498,00	33830,00	2148,00	300
EKLLEEL	3	F	PUR SANG	4	1	2	19324,00	0,00	19324,00	4831,00	430
BURATTINA	8	F	PUR SANG	10	2	3	19323,00	0,00	19323,00	1932,30	275
NO LIMIT DREAM	6	H	PUR SANG	10	0	6	19315,00	8688,00	28003,00	1931,50	375
SCHUMAN	4	M	PUR SANG	9	0	6	19311,00	8687,00	27998,00	2145,67	380
VENEZIA QUEEN	2	F	PUR SANG	3	1	2	19298,00	14473,00	33771,00	6432,67	395
ALBERTINELLI	7	H	PUR SANG	6	1	3	19261,00	8665,00	27926,00	3210,17	260
SOLEIL SUISSE	3	F	PUR SANG	9	1	5	19252,00	10687,00	29939,00	2139,11	330
NARGIZ	4	F	PUR SANG	5	2	1	19231,00	8652,00	27883,00	3846,20	350
LILLY'S LIGHT	3	F	PUR SANG	5	2	2	19224,00	14416,00	33640,00	3844,80	300
FEELGOOD	3	F	PUR SANG	2	2	0	19200,00	14400,00	33600,00	9600,00	390
NEVER COME BACK	10	H	PUR SANG	6	2	4	19167,00	8622,00	27789,00	3194,50	265
CHILL Y FLAMA	3	F	PUR SANG	7	1	3	19166,00	0,00	19166,00	2738,00	385
GOLDFIELD	5	H	PUR SANG	8	2	1	19164,00	8623,00	27787,00	2395,50	320
SIJOUX	5	F	PUR SANG	8	1	5	19163,00	0,00	19163,00	2395,38	310
ROMAN FORUM	4	H	PUR SANG	5	1	2	19162,00	8622,00	27784,00	3832,40	395
LADY OSPREY	2	F	PUR SANG	8	1	7	19133,00	14348,00	33481,00	2391,63	335
LE ROI LEON	4	H	PUR SANG	11	0	7	19116,00	8597,00	27713,00	1737,82	320
EPHESUS	4	H	PUR SANG	3	1	2	19080,00	8584,00	27664,00	6360,00	425
MISTER JULES	5	H	PUR SANG	10	1	7	19074,00	8580,00	27654,00	1907,40	270
SWIFT FLIGHT	8	H	PUR SANG	8	1	5	19061,00	8575,00	27636,00	2382,63	325
ETERNEL	6	H	PUR SANG	12	1	8	19049,00	8567,00	27616,00	1587,42	310
SELENITE	3	F	PUR SANG	7	1	5	19027,00	14269,00	33296,00	2718,14	360
SWEET CHOP	4	M	PUR SANG	4	0	4	19019,00	8556,00	27575,00	4754,75	415
COOLMEEN ROYAL	7	H	PUR SANG	11	1	4	19003,00	8549,00	27552,00	1727,55	280
KOLPLET	6	H	PUR SANG	10	2	1	18978,00	8539,00	27517,00	1897,80	260
VALDERRAMA	3	F	PUR SANG	5	1	4	18974,00	14227,00	33201,00	3794,80	310
THE CAT'S	5	H	PUR SANG	9	1	6	18960,00	8529,00	27489,00	2106,67	245
WATCH HIM	8	M	PUR SANG	6	0	4	18947,00	8523,00	27470,00	3157,83	400
APPEN	2	F	PUR SANG	7	1	5	18933,00	14198,00	33131,00	2704,71	350
ASPRILA	3	F	PUR SANG	10	1	7	18933,00	0,00	18933,00	1893,30	250
COCO LIGHT	8	H	PUR SANG	9	2	4	18926,00	8515,00	27441,00	2102,89	200
SULEYMAN	6	H	PUR SANG	9	1	4	18907,00	8505,00	27412,00	2100,78	295
ROSZAL	2	M	PUR SANG	2	1	1	18906,00	14179,00	33085,00	9453,00	
CICERON	2	M	PUR SANG	2	1	1	18906,00	14179,00	33085,00	9453,00	
SAFRAN DORE	3	H	PUR SANG	4	1	3	18895,00	14170,00	33065,00	4723,75	400
HARRISON POINT	9	H	PUR SANG	11	1	7	18865,00	8486,00	27351,00	1715,00	285
EXHIT	7	H	PUR SANG	5	2	3	18848,00	8479,00	27327,00	3769,60	290
HOLSTOMER	3	H	PUR SANG	4	1	3	18838,00	14127,00	32965,00	4709,50	390
MIUCCIA	3	F	PUR SANG	6	0	5	18812,00	0,00	18812,00	3135,33	400
NOBLE D'ARGENT	3	H	PUR SANG	4	1	1	18806,00	14104,00	32910,00	4701,50	405
WILD WEST	6	M	PUR SANG	11	1	7	18797,00	8275,00	27072,00	1708,82	325
SHABAZI	2	F	PUR SANG	3	2	1	18796,00	14097,00	32893,00	6265,33	390
OLAF THE BIG ONE	7	H	PUR SANG	13	2	4	18794,00	8456,00	27250,00	1445,69	220
MOABI	4	F	PUR SANG	9	1	8	18794,00	8454,00	27248,00	2088,22	280
MOOREA	4	F	PUR SANG	8	1	7	18755,00	8436,00	27191,00	2344,38	295
MISTER POWER	6	H	PUR SANG	12	1	8	18732,00	8425,00	27157,00	1561,00	250
LADY MARA	3	F	PUR SANG	2	1	1	18730,00	14047,00	32777,00	9365,00	420
SONO IO	3	H	PUR SANG	7	1	4	18689,00	14015,00	32704,00	2669,86	355
POSSENHOFEN	3	H	PUR SANG	7	1	6	18682,00	14010,00	32692,00	2668,86	345
VAN BLUTCH	3	M	PUR SANG	5	0	5	18678,00	14008,00	32686,00	3735,60	410
RABBAH	7	H	PUR SANG	15	1	10	18655,00	8393,00	27048,00	1243,67	240
BLANQUETTE	3	F	PUR SANG	10	1	7	18653,00	13987,00	32640,00	1865,30	305
REMAMA	6	F	PUR SANG	5	1	3	18647,00	8389,00	27036,00	3729,40	295
BELLA MEMORIA	4	F	PUR SANG	7	1	2	18635,00	8384,00	27019,00	2662,14	345
MAPLE GIRL	7	F	PUR SANG	9	2	4	18620,00	8376,00	26996,00	2068,89	215
MISSION SECRETE	5	F	PUR SANG	6	2	2	18600,00	8368,00	26968,00	3100,00	320
GAIDAR	7	H	PUR SANG	9	2	4	18599,00	0,00	18599,00	2066,56	320
LIGHT L'AUDRIELLE	3	M	PUR SANG	3	1	2	18588,00	13939,00	32527,00	6196,00	375
TWO TWO TWO	6	F	PUR SANG	12	1	9	18570,00	8352,00	26922,00	1547,50	180
CAPITANO	6	H	PUR SANG	3	1	2	18568,00	8355,00	26923,00	6189,33	370
ALGECIRAS	7	F	PUR SANG	15	1	10	18559,00	8347,00	26906,00	1237,27	230
HIGHBARI	9	H	PUR SANG	6	0	6	18558,00	8347,00	26905,00	3093,00	340
AMICO PIETRO	3	H	PUR SANG	9	1	6	18556,00	13916,00	32472,00	2061,78	270
NEYSHAPUR	4	F	PUR SANG	11	1	7	18552,00	8346,00	26898,00	1686,55	270
LA CARMEN	2	F	PUR SANG	3	1	2	18538,00	13900,00	32438,00	6179,33	385
LIGHTNING RAID	4	M	PUR SANG	6	1	4	18536,00	0,00	18536,00	3089,33	310
COUNSELOR	3	M	PUR SANG	9	1	7	18528,00	13896,00	32424,00	2058,67	340
MONTSECRET	3	H	PUR SANG	3	0	3	18525,00	13893,00	32418,00	6175,00	460
AFFECTION	3	F	PUR SANG	4	2	2	18523,00	13891,00	32414,00	4630,75	375
EPIFAGNA	2	F	PUR SANG	4	1	3	18473,00	13853,00	32326,00	4618,25	405
LIMPIDE	3	F	PUR SANG	5	1	4	18469,00	13850,00	32319,00	3693,80	375
BLUE OCEAN DREAM	5	H	PUR SANG	10	1	6	18469,00	0,00	18469,00	1846,90	280
PLUMBAGO	6	H	PUR SANG	8	1	6	18466,00	8306,00	26772,00	2308,25	270
MUNCH	2	H	PUR SANG	2	0	2	18466,00	1849,00	20315,00	9233,00	
LIGHTIANA	3	F	PUR SANG	12	3	8	18446,00	13832,00	32278,00	1537,17	250
LOREEN	5	F	PUR SANG	5	1	4	18446,00	0,00	18446,00	3689,20	315
MACKAYA	3	F	PUR SANG	5	1	3	18438,00	13826,00	32264,00	3687,60	380
SALITOS	3	M	PUR SANG	2	1	1	18430,00	0,00	18430,00	9215,00	400
DOLLAR DES BOIS	3	H	PUR SANG	6	1	5	18424,00	13816,00	32240,00	3070,67	335
NEPALAIS	8	H	PUR SANG	10	0	8	18424,00	8288,00	26712,00	1842,40	330
VOTRE AMI	3	H	PUR SANG	5	1	4	18394,00	10793,00	29187,00	3678,80	290
SONATINE	3	F	PUR SANG	5	1	2	18390,00	13792,00	32182,00	3678,00	425
RENAD	3	F	PUR SANG	5	1	3	18386,00	0,00	18386,00	3677,20	335
RAFAGA	2	F	PUR SANG	4	1	2	18336,00	13751,00	32087,00	4584,00	365
BALAGAN	7	F	PUR SANG	7	2	4	18335,00	8249,00	26584,00	2619,29	260
RASTAGORA	2	H	PUR SANG	5	1	4	18333,00	13749,00	32082,00	3666,60	400
BONNY GLITTERS	7	F	PUR SANG	3	2	1	18326,00	8246,00	26572,00	6108,67	365
POET'S LYRICS	3	F	PUR SANG	6	1	4	18312,00	13734,00	32046,00	3052,00	370
BOUSSANT	4	H	PUR SANG	7	1	6	18307,00	8236,00	26543,00	2615,29	280
CAMPACITE	3	M	PUR SANG	4	0	2	18300,00	13725,00	32025,00	4575,00	490
ONKEL VOLLI	8	H	PUR SANG	7	1	4	18284,00	0,00	18284,00	2612,00	365
FIRST ONE	5	H	PUR SANG	4	2	1	18282,00	8226,00	26508,00	4570,50	265
PIYANGO	3	H	PUR SANG	8	0	7	18272,00	13701,00	31973,00	2284,00	330
BEAUTIFUL MEMORY	6	F	PUR SANG	11	1	4	18236,00	8204,00	26440,00	1657,82	290
TERRITOIRE	3	H	PUR SANG	10	1	6	18236,00	13675,00	31911,00	1823,60	330
DRACO	5	H	PUR SANG	12	1	7	18233,00	8202,00	26435,00	1519,42	255
BAKHCHISARAY	8	H	PUR SANG	7	3	1	18226,00	8201,00	26427,00	2603,71	255
ASTREA	3	F	PUR SANG	11	1	8	18218,00	13662,00	31880,00	1656,18	320
AMORE MIA	4	F	PUR SANG	12	1	6	18216,00	8194,00	26410,00	1518,00	235
NEVER LOST	3	F	PUR SANG	9	1	7	18214,00	13657,00	31871,00	2023,78	290
KNOSSINGTON	4	H	PUR SANG	8	2	2	18208,00	8193,00	26401,00	2276,00	285
VIRIMOON ETOILE	8	F	PUR SANG	10	1	7	18207,00	8191,00	26398,00	1820,70	255
PIC DU MIDI	5	H	PUR SANG	5	2	0	18200,00	8190,00	26390,00	3640,00	290
ZENADIA	3	F	PUR SANG	6	1	3	18158,00	13617,00	31775,00	3026,33	345
AVANT NOUS	4	F	PUR SANG	8	0	6	18158,00	8167,00	26325,00	2269,75	335
WATERFALL BLUES	3	M	PUR SANG	5	1	3	18154,00	13614,00	31768,00	3630,80	330
ZELZANA	3	F	PUR SANG	12	0	12	18148,00	13606,00	31754,00	1512,33	250
MAGDA	3	M	PUR SANG	6	1	3	18139,00	13602,00	31741,00	3023,17	365
GRIS DE PERLES	6	H	PUR SANG	10	2	4	18132,00	8157,00	26289,00	1813,20	285
GOLDENPALM	3	H	PUR SANG	6	1	5	18123,00	13590,00	31713,00	3020,50	315
LEMPIRA	6	H	PUR SANG	16	2	7	18107,00	8145,00	26252,00	1131,69	250
ARISTOS	4	H	PUR SANG	7	1	4	18106,00	8147,00	26253,00	2586,57	250
BLEU NUIT	3	H	PUR SANG	9	0	8	18102,00	13575,00	31677,00	2011,33	340
SECRET FEELING	7	F	PUR SANG	9	2	4	18100,00	8144,00	26244,00	2011,11	245
YACHT SHOW	4	H	PUR SANG	10	1	8	18063,00	8123,00	26186,00	1806,30	280
ANDOUINS	5	H	PUR SANG	6	1	3	18056,00	8124,00	26180,00	3009,33	295
JIVEDA	3	F	PUR SANG	10	1	7	18038,00	13528,00	31566,00	1803,80	290
MIRAGE BLOU	4	M	PUR SANG	9	3	4	18032,00	6032,00	24064,00	2003,56	260
MENNULA	3	F	PUR SANG	5	1	2	18032,00	13522,00	31554,00	3606,40	380
KISS ME CHOP	4	H	PUR SANG	11	2	9	18020,00	8109,00	26129,00	1638,18	645
KING MOTIF	8	H	PUR SANG	8	2	4	18019,00	6306,00	24325,00	2252,38	300
BEDDA VITA	3	F	PUR SANG	5	3	1	18018,00	0,00	18018,00	3603,60	320
PUPPET	3	F	PUR SANG	5	1	4	18018,00	13513,00	31531,00	3603,60	320
YELLOW HAWK	4	H	PUR SANG	10	2	5	18015,00	8103,00	26118,00	1801,50	290
DIXMUDE	4	H	PUR SANG	3	1	2	18007,00	8101,00	26108,00	6002,33	390
DREAM IN NORMANDY	10	H	PUR SANG	8	1	5	17998,00	8098,00	26096,00	2249,75	180
LILAS TREZY	4	F	PUR SANG	9	1	2	17982,00	8091,00	26073,00	1998,00	280
ANNABEL'S GHOST	5	H	PUR SANG	4	1	2	17977,00	0,00	17977,00	4494,25	410
ORANGETTE	2	F	PUR SANG	6	1	5	17969,00	13475,00	31444,00	2994,83	365
GIN GEMBRE	9	H	PUR SANG	13	0	10	17968,00	8081,00	26049,00	1382,15	155
WAITARA	6	F	PUR SANG	9	1	6	17938,00	8068,00	26006,00	1993,11	310
MAPAQUITA	3	F	PUR SANG	6	2	2	17936,00	6252,00	24188,00	2989,33	370
EL CANEY	8	H	PUR SANG	16	1	6	17921,00	0,00	17921,00	1120,06	355
CHEERIO	3	M	PUR SANG	3	2	1	17914,00	13435,00	31349,00	5971,33	405
TOP TOWN TELL TALE	4	M	PUR SANG	6	1	3	17901,00	8054,00	25955,00	2983,50	360
FORZA SEDACA	9	H	PUR SANG	7	1	6	17897,00	8050,00	25947,00	2556,71	310
TIMBER LIGHT	5	H	PUR SANG	11	2	7	17892,00	6249,00	24141,00	1626,55	300
BLANC CARAT	3	H	PUR SANG	4	1	2	17888,00	13415,00	31303,00	4472,00	370
ELUSIVE FOOT	9	H	PUR SANG	4	1	2	17873,00	8041,00	25914,00	4468,25	345
VALTRADA	3	F	PUR SANG	7	1	6	17866,00	13399,00	31265,00	2552,29	340
NEAR FLY	3	H	PUR SANG	10	1	4	17855,00	13391,00	31246,00	1785,50	290
MORPHEWAN	6	M	PUR SANG	7	1	4	17837,00	8024,00	25861,00	2548,14	405
D DAY MAN	7	H	PUR SANG	10	1	4	17829,00	8021,00	25850,00	1782,90	240
BOGLIASCO	3	M	PUR SANG	4	1	2	17824,00	13368,00	31192,00	4456,00	365
KRITIC	2	F	PUR SANG	2	1	1	17813,00	13359,00	31172,00	8906,50	
GOT FLOWER	4	F	PUR SANG	14	0	7	17798,00	8006,00	25804,00	1271,29	265
PHOENIX BAY	2	F	PUR SANG	4	1	3	17796,00	0,00	17796,00	4449,00	370
BLANCHE DE MEDICIS	3	F	PUR SANG	4	0	4	17795,00	13346,00	31141,00	4448,75	460
NOOTKA BAY	5	H	PUR SANG	11	0	8	17790,00	8003,00	25793,00	1617,27	290
DALKOLA	3	F	PUR SANG	3	2	1	17788,00	0,00	17788,00	5929,33	380
NEBULAE	3	F	PUR SANG	5	1	3	17787,00	13338,00	31125,00	3557,40	360
SWISS MONEY	6	H	PUR SANG	7	1	6	17786,00	8001,00	25787,00	2540,86	340
THE MAGIC MAN	9	H	PUR SANG	10	2	6	17728,00	6288,00	24016,00	1772,80	215
MAAVAH	9	F	PUR SANG	9	1	5	17711,00	7966,00	25677,00	1967,89	290
CLAVIS AUREA	4	F	PUR SANG	4	1	2	17710,00	7969,00	25679,00	4427,50	370
YO SOY	3	H	PUR SANG	5	1	3	17664,00	13248,00	30912,00	3532,80	355
MISS HENGE	3	F	PUR SANG	8	2	4	17638,00	9365,00	27003,00	2204,75	280
LA MARITZA	3	F	PUR SANG	9	1	5	17633,00	13222,00	30855,00	1959,22	290
POKROV	4	H	PUR SANG	14	0	8	17624,00	7928,00	25552,00	1258,86	225
MISTRALOU	3	H	PUR SANG	10	1	5	17615,00	13211,00	30826,00	1761,50	270
GRAND CHELEM	4	H	PUR SANG	8	1	5	17607,00	7920,00	25527,00	2200,88	335
MEISHO VELITE	5	F	PUR SANG	7	1	3	17597,00	7917,00	25514,00	2513,86	305
KOVEL	5	M	PUR SANG	4	1	3	17597,00	0,00	17597,00	4399,25	430
CHARLESQUINT	9	H	PUR SANG	13	1	5	17594,00	7915,00	25509,00	1353,38	285
ALLA STELLA	4	F	PUR SANG	2	0	2	17560,00	0,00	17560,00	8780,00	450
SCAPIN	2	H	PUR SANG	3	0	3	17550,00	13161,00	30711,00	5850,00	430
THE HIGHLIGHT	2	M	PUR SANG	2	1	1	17536,00	13152,00	30688,00	8768,00	
CATHERINE'S GIFT	4	F	PUR SANG	13	1	10	17531,00	5859,00	23390,00	1348,54	250
AUTOROUTE	3	F	PUR SANG	7	1	4	17528,00	9396,00	26924,00	2504,00	315
ACARY	3	H	PUR SANG	5	1	3	17517,00	13137,00	30654,00	3503,40	395
DEAL	3	M	PUR SANG	3	2	1	17506,00	13129,00	30635,00	5835,33	410
IL MAGISTERO	3	H	PUR SANG	5	2	3	17496,00	13121,00	30617,00	3499,20	330
AKSAKOVA	3	F	PUR SANG	8	1	4	17490,00	13117,00	30607,00	2186,25	295
AU DELA DES MERS	3	M	PUR SANG	6	1	4	17472,00	13104,00	30576,00	2912,00	350
EUGENE SMITH	5	H	PUR SANG	5	2	3	17470,00	7861,00	25331,00	3494,00	680
PALAIS BYZANTIN	2	M	PUR SANG	3	0	3	17431,00	13072,00	30503,00	5810,33	420
WESTMINSTER CHERRY	3	M	PUR SANG	5	1	2	17414,00	0,00	17414,00	3482,80	385
DRUIDE	6	H	PUR SANG	13	0	12	17406,00	7826,00	25232,00	1338,92	290
ALABAMA MOON	5	F	PUR SANG	6	2	0	17400,00	7830,00	25230,00	2900,00	360
SKYTREE	4	M	PUR SANG	1	1	0	17400,00	7830,00	25230,00	17400,00	485
ELUFAN	4	H	PUR SANG	6	2	1	17378,00	7819,00	25197,00	2896,33	315
SINILEO	4	H	PUR SANG	2	1	1	17370,00	7816,00	25186,00	8685,00	495
ELLE ECLIPSE	3	F	PUR SANG	3	1	1	17370,00	0,00	17370,00	5790,00	445
GODSPEED	4	F	PUR SANG	3	0	2	17360,00	5667,00	23027,00	5786,67	500
STREET SHOW	3	H	PUR SANG	4	0	2	17356,00	13017,00	30373,00	4339,00	460
KUMRAN	6	H	PUR SANG	6	2	2	17352,00	7807,00	25159,00	2892,00	285
HOWITZER	3	M	PUR SANG	7	1	2	17352,00	13014,00	30366,00	2478,86	345
WAZIERS	6	F	PUR SANG	11	0	8	17352,00	7804,00	25156,00	1577,45	340
EFFIRA	5	F	PUR SANG	5	1	3	17347,00	7804,00	25151,00	3469,40	325
SEDSER	5	F	PUR SANG	6	1	4	17324,00	7794,00	25118,00	2887,33	235
TULPAR	4	H	PUR SANG	6	1	4	17318,00	0,00	17318,00	2886,33	350
DECLA	3	H	PUR SANG	12	0	12	17317,00	11785,00	29102,00	1443,08	255
BLACK SOLEA	3	F	PUR SANG	7	1	5	17278,00	0,00	17278,00	2468,29	340
FRENCH COLORADO	3	M	PUR SANG	9	0	9	17267,00	12947,00	30214,00	1918,56	375
GOLDEN SAVIOR	2	F	PUR SANG	4	2	2	17262,00	0,00	17262,00	4315,50	390
SUMMER SAIL	4	M	PUR SANG	5	1	1	17222,00	0,00	17222,00	3444,40	425
VINICIUS	3	H	PUR SANG	2	1	1	17214,00	12910,00	30124,00	8607,00	
COMMANDER TUNG	3	H	PUR SANG	2	1	1	17214,00	12910,00	30124,00	8607,00	
ROSALIE	8	H	PUR SANG	6	4	2	17205,00	5547,00	22752,00	2867,50	215
ENORA SENORA	5	F	PUR SANG	8	1	6	17204,00	7740,00	24944,00	2150,50	180
ALPHA SPIRIT	6	H	PUR SANG	8	2	3	17202,00	7740,00	24942,00	2150,25	235
KENZAL	8	H	PUR SANG	11	1	7	17197,00	7735,00	24932,00	1563,36	305
CHAI D'OEUVRE	5	H	PUR SANG	8	1	4	17184,00	7731,00	24915,00	2148,00	355
AGOUREIL	7	H	PUR SANG	11	2	6	17182,00	7729,00	24911,00	1562,00	250
SHALAZI	3	H	PUR SANG	5	0	5	17112,00	0,00	17112,00	3422,40	375
FRIENDS DREAM	5	F	PUR SANG	7	1	5	17092,00	7689,00	24781,00	2441,71	230
MAZATLAN	2	F	PUR SANG	9	0	8	17079,00	12807,00	29886,00	1897,67	340
LAMEGO	2	H	PUR SANG	7	1	5	17071,00	0,00	17071,00	2438,71	335
RENELLE	3	F	PUR SANG	4	1	2	17068,00	0,00	17068,00	4267,00	365
MONSIEUR DUPONT	5	H	PUR SANG	9	2	4	17058,00	7674,00	24732,00	1895,33	250
LOVE ADDICT	3	F	PUR SANG	12	1	10	17054,00	12789,00	29843,00	1421,17	285
DENNIS THE MENACE	3	H	PUR SANG	6	0	5	17046,00	12782,00	29828,00	2841,00	370
ANNO SOLERO	3	H	PUR SANG	4	1	2	17045,00	0,00	17045,00	4261,25	440
TCHIRIKHOVA	3	F	PUR SANG	4	1	1	17044,00	12781,00	29825,00	4261,00	400
MORSAN	10	H	PUR SANG	15	1	11	17002,00	7645,00	24647,00	1133,47	260
HALL OF FAME	4	H	PUR SANG	14	1	7	16994,00	7644,00	24638,00	1213,86	270
MARHARRY	5	H	PUR SANG	5	1	3	16985,00	7641,00	24626,00	3397,00	345
VASIGREEN	7	F	PUR SANG	10	1	6	16980,00	7638,00	24618,00	1698,00	295
GALLIUS	4	H	PUR SANG	13	1	6	16979,00	7637,00	24616,00	1306,08	320
OLYMPIQUE	2	F	PUR SANG	7	0	6	16978,00	12732,00	29710,00	2425,43	350
PLAY THE GAME	3	F	PUR SANG	11	1	7	16977,00	12731,00	29708,00	1543,36	270
REGAL CHIME	3	F	PUR SANG	3	1	2	16966,00	0,00	16966,00	5655,33	380
IMPERIOR	3	M	PUR SANG	5	1	1	16965,00	12723,00	29688,00	3393,00	450
SAINT MONCHIK	3	H	PUR SANG	6	1	4	16955,00	12716,00	29671,00	2825,83	350
PEARL SPIRIT	4	F	PUR SANG	10	0	9	16946,00	7619,00	24565,00	1694,60	275
RIO GRANDE	6	H	PUR SANG	10	2	3	16943,00	7623,00	24566,00	1694,30	295
NICE RULER	5	H	PUR SANG	11	1	6	16939,00	7620,00	24559,00	1539,91	275
PERFECTO	10	H	PUR SANG	13	2	7	16927,00	4746,00	21673,00	1302,08	190
LOPPELA	2	F	PUR SANG	2	0	2	16919,00	12688,00	29607,00	8459,50	
CLEAN BOWLED	4	H	PUR SANG	4	1	3	16916,00	7610,00	24526,00	4229,00	250
NAZGUL BLOU	3	M	PUR SANG	4	1	1	16908,00	12680,00	29588,00	4227,00	300
WINTERSONNE	3	F	PUR SANG	2	2	0	16900,00	0,00	16900,00	8450,00	
AUTUMN TWILIGHT	8	M	PUR SANG	15	1	6	16896,00	0,00	16896,00	1126,40	195
ARGYRON	10	H	PUR SANG	11	1	6	16889,00	7598,00	24487,00	1535,36	250
PAGANY	5	F	PUR SANG	10	4	4	16885,00	7598,00	24483,00	1688,50	560
AMADEO	3	H	PUR SANG	5	1	3	16876,00	12657,00	29533,00	3375,20	370
HUNDER THE MOON	2	F	PUR SANG	4	1	2	16867,00	12648,00	29515,00	4216,75	380
SEEYOUGO	4	H	PUR SANG	6	1	3	16859,00	7584,00	24443,00	2809,83	270
OCEAN STAR	3	H	PUR SANG	12	0	9	16848,00	12633,00	29481,00	1404,00	315
CEDRUS	5	H	PUR SANG	11	1	6	16839,00	7574,00	24413,00	1530,82	310
DARLINGHURST	5	H	PUR SANG	8	1	5	16835,00	0,00	16835,00	2104,38	365
JAMINUS	2	M	PUR SANG	11	0	9	16830,00	0,00	16830,00	1530,00	315
BRUNETTE COLEMAN	3	F	PUR SANG	5	1	3	16824,00	12618,00	29442,00	3364,80	365
VEGA MEMORIES	3	F	PUR SANG	8	1	5	16820,00	12613,00	29433,00	2102,50	345
AZAMITA	3	F	PUR SANG	3	1	2	16809,00	0,00	16809,00	5603,00	430
MUELHEIMER PERLE	8	F	PUR SANG	7	1	4	16805,00	0,00	16805,00	2400,71	335
YOGUI	4	H	PUR SANG	8	1	7	16800,00	7556,00	24356,00	2100,00	310
PINGO	8	F	PUR SANG	10	0	7	16785,00	7550,00	24335,00	1678,50	280
NURLAT	3	H	PUR SANG	3	1	2	16768,00	12576,00	29344,00	5589,33	420
UN JOUR POUR MOI	4	H	PUR SANG	3	2	1	16766,00	7543,00	24309,00	5588,67	340
OUREA	4	F	PUR SANG	6	4	2	16760,00	7542,00	24302,00	2793,33	620
FAST RAAJ	8	H	PUR SANG	7	0	6	16746,00	7533,00	24279,00	2392,29	415
TIEGO THE FIRST	4	M	PUR SANG	6	0	4	16736,00	7529,00	24265,00	2789,33	435
MADIGAN	6	H	PUR SANG	10	2	5	16727,00	7525,00	24252,00	1672,70	225
JOYEUSE SAGE	7	F	PUR SANG	9	1	4	16722,00	7523,00	24245,00	1858,00	300
RASHFORD	6	M	PUR SANG	3	0	2	16660,00	7497,00	24157,00	5553,33	480
STAN LE GRAND	3	H	PUR SANG	6	1	3	16651,00	12487,00	29138,00	2775,17	350
ALMIRO	6	H	PUR SANG	9	0	5	16637,00	7484,00	24121,00	1848,56	380
AVEC DES SI	3	F	PUR SANG	13	1	6	16617,00	12462,00	29079,00	1278,23	275
MICKAEL D'OO	3	H	PUR SANG	5	1	4	16616,00	12461,00	29077,00	3323,20	330
KEEN APPROACH	5	F	PUR SANG	8	1	4	16613,00	7473,00	24086,00	2076,63	285
CHIRIMIRI	8	H	PUR SANG	9	1	5	16603,00	0,00	16603,00	1844,78	340
IDOLE DU FRAISSE	3	M	PUR SANG	7	2	1	16600,00	12450,00	29050,00	2371,43	320
DAMIETTA	3	F	PUR SANG	5	1	3	16599,00	12449,00	29048,00	3319,80	370
FLOWER CELEBRATION	3	F	PUR SANG	5	1	3	16591,00	12442,00	29033,00	3318,20	360
LIVERPOOL	3	H	PUR SANG	3	2	1	16588,00	0,00	16588,00	5529,33	355
BOULDER	2	M	PUR SANG	3	1	2	16577,00	12432,00	29009,00	5525,67	380
FRANCISCANO	4	H	PUR SANG	10	1	6	16576,00	7456,00	24032,00	1657,60	315
BRIONA	5	F	PUR SANG	4	1	3	16556,00	7448,00	24004,00	4139,00	305
TROPHANE	5	F	PUR SANG	6	1	2	16552,00	7447,00	23999,00	2758,67	355
TOKYO DREAMER	5	F	PUR SANG	11	0	8	16545,00	0,00	16545,00	1504,09	250
YOHIO	3	M	PUR SANG	8	1	7	16538,00	7903,00	24441,00	2067,25	315
DIRE LA VERITE	6	H	PUR SANG	9	1	6	16524,00	7432,00	23956,00	1836,00	275
CONSPIRATOR	3	M	PUR SANG	4	1	2	16516,00	12386,00	28902,00	4129,00	365
ORION ROCK	6	H	PUR SANG	6	1	5	16505,00	7424,00	23929,00	2750,83	340
SUNDARA	3	F	PUR SANG	4	1	3	16503,00	0,00	16503,00	4125,75	365
RHIPPER	4	M	PUR SANG	13	1	7	16501,00	7422,00	23923,00	1269,31	240
KAVAKNEY	10	M	PUR SANG	9	1	5	16464,00	0,00	16464,00	1829,33	170
SENA IULIA	3	F	PUR SANG	7	1	3	16461,00	2409,00	18870,00	2351,57	350
LADY LUCK	4	F	PUR SANG	8	1	4	16440,00	7396,00	23836,00	2055,00	215
ROULETTE	4	H	PUR SANG	6	2	2	16436,00	7395,00	23831,00	2739,33	315
HARPER	8	M	PUR SANG	6	1	3	16434,00	0,00	16434,00	2739,00	370
EVERILLO	7	H	PUR SANG	6	1	4	16430,00	7393,00	23823,00	2738,33	380
AXIOKERSA	3	F	PUR SANG	5	1	3	16418,00	12313,00	28731,00	3283,60	340
ATALAYA	3	F	PUR SANG	14	1	10	16412,00	12308,00	28720,00	1172,29	260
THE FIST	3	H	PUR SANG	7	1	3	16406,00	12303,00	28709,00	2343,71	295
HAMAVI	5	H	PUR SANG	4	1	2	16402,00	7379,00	23781,00	4100,50	430
ALL IN PINK	3	M	PUR SANG	10	0	8	16398,00	12296,00	28694,00	1639,80	300
BELLA CIAO	6	F	PUR SANG	10	1	6	16381,00	7368,00	23749,00	1638,10	195
APAX	6	H	PUR SANG	8	1	4	16375,00	7366,00	23741,00	2046,88	410
ASTIRA	3	F	PUR SANG	3	1	2	16370,00	12277,00	28647,00	5456,67	405
MIA LOT	3	M	PUR SANG	5	1	4	16367,00	12275,00	28642,00	3273,40	370
NIOUININON	3	H	PUR SANG	14	1	7	16326,00	12243,00	28569,00	1166,14	240
STARECTO	5	H	PUR SANG	9	2	4	16323,00	7344,00	23667,00	1813,67	230
ESTIVALE	3	F	PUR SANG	4	1	2	16322,00	0,00	16322,00	4080,50	380
TIAMOWAY	4	H	PUR SANG	5	1	2	16320,00	7344,00	23664,00	3264,00	365
LLANDUDNO	3	H	PUR SANG	4	0	4	16305,00	0,00	16305,00	4076,25	375
TOPINAMBUR	9	H	PUR SANG	12	1	6	16298,00	7332,00	23630,00	1358,17	230
MAGELLAN	6	H	PUR SANG	5	2	2	16296,00	7331,00	23627,00	3259,20	395
MALICIA	4	F	PUR SANG	7	2	2	16241,00	7308,00	23549,00	2320,14	255
TRIPTAJIKA	7	F	PUR SANG	16	2	2	16236,00	7304,00	23540,00	1014,75	215
HOWABOUTHATNOW	4	H	PUR SANG	10	2	4	16224,00	7298,00	23522,00	1622,40	280
COME TI AMO	6	F	PUR SANG	9	1	5	16208,00	7292,00	23500,00	1800,89	270
POCA GEN	7	H	PUR SANG	8	1	3	16192,00	7284,00	23476,00	2024,00	395
UMAMI	4	F	PUR SANG	11	1	5	16192,00	7285,00	23477,00	1472,00	250
WINDBURN	5	F	PUR SANG	5	1	3	16184,00	7282,00	23466,00	3236,80	300
MEDRONHO	2	M	PUR SANG	5	1	2	16182,00	12135,00	28317,00	3236,40	410
JARKI	4	H	PUR SANG	7	1	6	16180,00	7278,00	23458,00	2311,43	275
SOUFINA	2	F	PUR SANG	2	1	1	16166,00	0,00	16166,00	8083,00	
SHELBYLANDOR	6	F	PUR SANG	11	2	4	16163,00	7271,00	23434,00	1469,36	235
TINMANDER	3	H	PUR SANG	7	0	6	16150,00	12111,00	28261,00	2307,14	330
NAVACERRADA	3	F	PUR SANG	9	1	5	16130,00	12097,00	28227,00	1792,22	290
PODIA DAZ	7	F	PUR SANG	5	2	1	16128,00	7257,00	23385,00	3225,60	240
SENEQUE	3	M	PUR SANG	4	0	4	16126,00	12094,00	28220,00	4031,50	430
RIDWAAN	9	H	PUR SANG	18	0	8	16118,00	7249,00	23367,00	895,44	220
BRECKENBROUGH	4	F	PUR SANG	3	0	3	16100,00	0,00	16100,00	5366,67	445
PAIUTE	3	F	PUR SANG	3	1	2	16093,00	0,00	16093,00	5364,33	370
MARASI DRIVE	3	H	PUR SANG	8	1	6	16065,00	12048,00	28113,00	2008,13	330
TOOCOOLFORSCHOOL	7	F	PUR SANG	13	1	8	16049,00	7219,00	23268,00	1234,54	220
LEHA	3	F	PUR SANG	8	1	5	16038,00	12027,00	28065,00	2004,75	330
YOUM IN LOVE	9	H	PUR SANG	8	1	5	16032,00	7213,00	23245,00	2004,00	195
PERSIANA	3	F	PUR SANG	7	1	5	16031,00	12023,00	28054,00	2290,14	350
LISEO	7	H	PUR SANG	7	1	5	16031,00	0,00	16031,00	2290,14	310
LAUGH IS ENOUGH	2	F	PUR SANG	6	0	5	16030,00	12021,00	28051,00	2671,67	370
VESINABA	10	H	PUR SANG	11	1	6	16021,00	7206,00	23227,00	1456,45	180
RAKHIM	4	H	PUR SANG	5	1	3	16009,00	7203,00	23212,00	3201,80	385
THE DOCTOR	4	H	PUR SANG	10	0	9	16007,00	7199,00	23206,00	1600,70	360
MALA	2	F	PUR SANG	1	0	1	16000,00	0,00	16000,00	16000,00	
ARTILLEUR	3	M	PUR SANG	4	0	4	15989,00	11991,00	27980,00	3997,25	425
HAUSSEZ	7	H	PUR SANG	6	2	2	15944,00	7173,00	23117,00	2657,33	350
KAWAALOT	4	H	PUR SANG	9	1	3	15936,00	7171,00	23107,00	1770,67	300
TAXI ROSE	3	H	PUR SANG	2	1	1	15934,00	11950,00	27884,00	7967,00	
COLOMBY	3	H	PUR SANG	2	1	1	15934,00	11950,00	27884,00	7967,00	
DALIASIR	3	H	PUR SANG	3	1	2	15921,00	0,00	15921,00	5307,00	395
MAHIYA	4	F	PUR SANG	5	0	3	15920,00	7163,00	23083,00	3184,00	450
MONSIEURVALCHOP	7	H	PUR SANG	11	1	4	15919,00	7161,00	23080,00	1447,18	250
NEUSCHWANSTEIN	4	H	PUR SANG	12	0	7	15908,00	7156,00	23064,00	1325,67	260
VIKTHOR	4	H	PUR SANG	7	2	3	15904,00	7156,00	23060,00	2272,00	250
SCARLET VALENTINE	4	F	PUR SANG	7	2	3	15892,00	7150,00	23042,00	2270,29	290
STEPASIDE BELL	8	M	PUR SANG	10	3	7	15882,00	6890,00	22772,00	1588,20	200
UTXA	3	F	PUR SANG	4	1	3	15854,00	0,00	15854,00	3963,50	305
ROYAL ENCLOSURE	4	H	PUR SANG	12	1	4	15852,00	0,00	15852,00	1321,00	255
UNE AVENTURE	3	M	PUR SANG	10	0	8	15847,00	11882,00	27729,00	1584,70	290
MANOUIA	3	F	PUR SANG	13	2	11	15830,00	11872,00	27702,00	1217,69	560
SIR WALTER	6	H	PUR SANG	5	1	2	15829,00	7121,00	22950,00	3165,80	335
DANZICA GIRL	4	F	PUR SANG	9	1	6	15824,00	7119,00	22943,00	1758,22	265
ULTRASOUND	7	H	PUR SANG	8	1	5	15815,00	7116,00	22931,00	1976,88	195
MAUI	3	H	PUR SANG	2	1	1	15808,00	11855,00	27663,00	7904,00	375
VADIROUMA	3	F	PUR SANG	3	1	1	15808,00	11855,00	27663,00	5269,33	380
RUMPUMPEL	3	F	PUR SANG	2	1	1	15808,00	11855,00	27663,00	7904,00	
MOON RIDER	6	H	PUR SANG	14	0	9	15803,00	7107,00	22910,00	1128,79	255
LEGAL EAGLE	4	H	PUR SANG	10	1	5	15799,00	7107,00	22906,00	1579,90	235
SELVO	3	M	PUR SANG	5	1	3	15780,00	9819,00	25599,00	3156,00	375
NICK BOUTIQUE	4	H	PUR SANG	13	0	8	15775,00	7096,00	22871,00	1213,46	265
LES TROIS VALLEES	6	H	PUR SANG	13	1	4	15770,00	7095,00	22865,00	1213,08	225
DIVINA FE	2	F	PUR SANG	3	0	3	15769,00	0,00	15769,00	5256,33	400
SYDNEY MOON	2	H	PUR SANG	4	1	3	15749,00	11811,00	27560,00	3937,25	390
STORIA DI ROMA	4	H	PUR SANG	7	1	5	15738,00	7080,00	22818,00	2248,29	345
FINEPAL FAL	3	M	PUR SANG	5	1	4	15720,00	11790,00	27510,00	3144,00	340
MAIZIERES	5	F	PUR SANG	10	1	5	15714,00	7069,00	22783,00	1571,40	295
KASSAB	2	M	PUR SANG	7	0	6	15714,00	11782,00	27496,00	2244,86	360
SPIRITO	3	H	PUR SANG	6	1	4	15713,00	11207,00	26920,00	2618,83	370
HAPPY LADY	4	F	PUR SANG	7	0	6	15706,00	7063,00	22769,00	2243,71	300
OASIS BAY	6	H	PUR SANG	11	0	8	15703,00	7062,00	22765,00	1427,55	245
LEIA ORGANA	3	F	PUR SANG	7	0	7	15701,00	11774,00	27475,00	2243,00	335
FASHION CITY	3	F	PUR SANG	4	1	2	15699,00	11774,00	27473,00	3924,75	470
WETTERKOPF	4	M	PUR SANG	6	1	4	15698,00	0,00	15698,00	2616,33	235
ABRONZAL	3	H	PUR SANG	9	0	8	15696,00	11019,00	26715,00	1744,00	270
SILVAROLE FAL	3	F	PUR SANG	10	1	5	15678,00	10257,00	25935,00	1567,80	290
SUDDEN DEATH	8	H	PUR SANG	9	1	8	15665,00	6708,00	22373,00	1740,56	180
REINE ESTHER	2	F	PUR SANG	4	1	2	15663,00	11747,00	27410,00	3915,75	385
AVALON	3	H	PUR SANG	5	1	3	15658,00	11742,00	27400,00	3131,60	320
ADICTA	3	F	PUR SANG	3	1	2	15658,00	11743,00	27401,00	5219,33	340
BOSQUET	5	H	PUR SANG	10	1	5	15635,00	7034,00	22669,00	1563,50	210
CANDY CHERIE	4	F	PUR SANG	9	1	6	15635,00	7033,00	22668,00	1737,22	255
ANOTHER LIGHT	4	F	PUR SANG	4	1	1	15622,00	0,00	15622,00	3905,50	355
KIZMAMBO	6	H	PUR SANG	6	0	6	15578,00	0,00	15578,00	2596,33	340
MY WAY	3	H	PUR SANG	9	0	7	15577,00	11681,00	27258,00	1730,78	375
SEDITION	4	F	PUR SANG	13	1	7	15576,00	7006,00	22582,00	1198,15	235
MAD WHIP	8	H	PUR SANG	7	1	5	15550,00	6995,00	22545,00	2221,43	335
MEDITERANNIO	4	F	PUR SANG	3	1	1	15550,00	6997,00	22547,00	5183,33	445
SPARKS OF LOVE	3	F	PUR SANG	13	1	7	15549,00	11659,00	27208,00	1196,08	280
CHARISMATIC CHICK	4	F	PUR SANG	16	1	6	15541,00	0,00	15541,00	971,31	240
AQUA AURA	3	F	PUR SANG	8	1	5	15522,00	11639,00	27161,00	1940,25	280
BOB LA BIDOUILLE	7	H	PUR SANG	15	0	9	15498,00	6970,00	22468,00	1033,20	200
ARNAY LE DUC	4	H	PUR SANG	6	1	4	15493,00	6970,00	22463,00	2582,17	380
GALA QUEEN	3	F	PUR SANG	9	1	3	15492,00	11617,00	27109,00	1721,33	285
CASCADEO	5	H	PUR SANG	9	1	7	15490,00	6967,00	22457,00	1721,11	250
BAWE ISLAND	5	F	PUR SANG	12	2	4	15487,00	6968,00	22455,00	1290,58	190
IMPITOYABLE	7	H	PUR SANG	12	1	7	15483,00	6964,00	22447,00	1290,25	290
MLLE ANDROMAQUE	2	F	PUR SANG	3	1	2	15481,00	11610,00	27091,00	5160,33	390
GOUTTES DE DIEU	3	H	PUR SANG	7	1	2	15480,00	11610,00	27090,00	2211,43	335
SILVER ARROW	4	H	PUR SANG	4	1	3	15470,00	0,00	15470,00	3867,50	350
INDY B	3	F	PUR SANG	6	1	4	15458,00	0,00	15458,00	2576,33	365
BON ESPRIT	7	M	PUR SANG	7	1	5	15453,00	5895,00	21348,00	2207,57	295
RINASCERO	4	H	PUR SANG	6	1	4	15447,00	6949,00	22396,00	2574,50	330
VIOLET LEDUC	3	M	PUR SANG	6	0	6	15444,00	0,00	15444,00	2574,00	350
RISKI CHOPE	6	F	PUR SANG	9	1	6	15443,00	6947,00	22390,00	1715,89	225
GOOD TO SEE YOU	4	H	PUR SANG	7	1	6	15432,00	6942,00	22374,00	2204,57	305
HOTISSIMO	3	H	PUR SANG	3	1	2	15420,00	0,00	15420,00	5140,00	380
WHEELER	4	M	PUR SANG	7	1	2	15392,00	6925,00	22317,00	2198,86	335
IMDALA	3	F	PUR SANG	4	1	3	15379,00	11532,00	26911,00	3844,75	360
DERAWAR	3	M	PUR SANG	6	1	2	15377,00	0,00	15377,00	2562,83	360
MON RICIN	7	H	PUR SANG	4	1	1	15376,00	6918,00	22294,00	3844,00	390
MERKUR	6	M	PUR SANG	5	1	2	15376,00	6918,00	22294,00	3075,20	380
VALLOIRE	3	F	PUR SANG	8	1	4	15375,00	11530,00	26905,00	1921,88	295
BEVAN	7	H	PUR SANG	4	0	3	15375,00	6918,00	22293,00	3843,75	460
PRINCESS ZALTANA	3	F	PUR SANG	12	0	11	15350,00	11509,00	26859,00	1279,17	305
OLIVA	7	F	PUR SANG	8	1	4	15328,00	6424,00	21752,00	1916,00	220
IVRA CHOPE	3	F	PUR SANG	7	1	4	15327,00	11493,00	26820,00	2189,57	260
BEDAIO	3	M	PUR SANG	12	1	9	15312,00	11482,00	26794,00	1276,00	240
DERNI CHOP	3	H	PUR SANG	7	0	7	15294,00	11470,00	26764,00	2184,86	320
DSCHINGIS NECKARA	3	F	PUR SANG	6	2	4	15280,00	11458,00	26738,00	2546,67	335
BALAKOVNA	6	F	PUR SANG	8	0	6	15275,00	6870,00	22145,00	1909,38	315
REKHALE	5	H	PUR SANG	10	1	6	15270,00	6870,00	22140,00	1527,00	260
CHICA DE CIUDAD	5	F	PUR SANG	4	0	3	15254,00	0,00	15254,00	3813,50	450
ANDY'S SPIRIT	4	H	PUR SANG	10	0	9	15240,00	6853,00	22093,00	1524,00	260
ARTEMISE	3	F	PUR SANG	5	1	3	15239,00	11429,00	26668,00	3047,80	310
RUBIS GOLD	8	M	PUR SANG	8	0	6	15234,00	6853,00	22087,00	1904,25	185
ALHAMA RIVER	3	M	PUR SANG	4	1	2	15228,00	0,00	15228,00	3807,00	390
ROUVRAY	8	M	PUR SANG	6	1	5	15222,00	6847,00	22069,00	2537,00	220
LACALAS	3	F	PUR SANG	8	1	3	15211,00	11407,00	26618,00	1901,38	320
LIKE IT OR NOT	4	H	PUR SANG	6	1	5	15207,00	6840,00	22047,00	2534,50	330
SAGARMATHA	3	F	PUR SANG	5	1	3	15198,00	11397,00	26595,00	3039,60	375
ASKAM CHOPE	2	F	PUR SANG	3	1	1	15194,00	11394,00	26588,00	5064,67	410
OVER THE CLOUDS	4	M	PUR SANG	8	1	4	15155,00	6818,00	21973,00	1894,38	285
DELAJA	3	F	PUR SANG	7	0	6	15152,00	11362,00	26514,00	2164,57	365
LA SAUZEE	7	F	PUR SANG	6	2	2	15128,00	6805,00	21933,00	2521,33	290
PRIORY ROSE	3	F	PUR SANG	8	0	6	15128,00	11344,00	26472,00	1891,00	315
GENERAL CHOP	3	M	PUR SANG	12	1	9	15109,00	11331,00	26440,00	1259,08	275
PICNIC ROYAL	10	H	PUR SANG	11	1	6	15096,00	6791,00	21887,00	1372,36	240
NO BAY	5	H	PUR SANG	5	1	3	15093,00	6791,00	21884,00	3018,60	345
JAGDA	6	F	PUR SANG	7	1	4	15091,00	6789,00	21880,00	2155,86	265
ZARAXIA	3	F	PUR SANG	4	0	2	15090,00	11317,00	26407,00	3772,50	460
AGRI	6	H	PUR SANG	8	1	4	15084,00	6785,00	21869,00	1885,50	245
VIZINDI	6	H	PUR SANG	5	2	2	15065,00	6779,00	21844,00	3013,00	260
DAMN PRECIOUS	3	M	PUR SANG	7	1	4	15065,00	11296,00	26361,00	2152,14	345
EL VEGAS	3	M	PUR SANG	12	0	11	15046,00	11283,00	26329,00	1253,83	315
GAVIAL	7	H	PUR SANG	5	2	2	15038,00	6765,00	21803,00	3007,60	260
CHOP VAL	9	H	PUR SANG	12	0	8	15026,00	6756,00	21782,00	1252,17	305
RAQEEBB	6	H	PUR SANG	7	1	3	15024,00	6760,00	21784,00	2146,29	345
BEAUTIFOAL	5	F	PUR SANG	9	1	5	15011,00	6753,00	21764,00	1667,89	250
SUN PROJECT	5	H	PUR SANG	9	1	4	15009,00	6752,00	21761,00	1667,67	220
NEROKAS	8	H	PUR SANG	9	2	5	15001,00	6748,00	21749,00	1666,78	210
STARAC	4	H	PUR SANG	9	1	5	14986,00	6741,00	21727,00	1665,11	340
STORMRIDER	3	M	PUR SANG	5	1	2	14976,00	11232,00	26208,00	2995,20	375
DEVIL'STORY	3	H	PUR SANG	9	0	8	14969,00	11225,00	26194,00	1663,22	295
MUNGASHA	4	H	PUR SANG	8	1	3	14960,00	6731,00	21691,00	1870,00	300
TEMPLE GATE	7	H	PUR SANG	6	1	3	14944,00	6722,00	21666,00	2490,67	315
RITMICA	3	F	PUR SANG	9	0	7	14940,00	11202,00	26142,00	1660,00	290
CHUNKA WAKAN	5	H	PUR SANG	14	1	7	14928,00	6716,00	21644,00	1066,29	185
WHATAHERO	4	H	PUR SANG	12	1	6	14928,00	0,00	14928,00	1244,00	260
MISTER BRYAN	4	H	PUR SANG	13	1	6	14876,00	6692,00	21568,00	1144,31	220
OCTANE	4	H	PUR SANG	4	1	3	14871,00	0,00	14871,00	3717,75	300
ANANTEAL	4	H	PUR SANG	7	1	4	14852,00	6681,00	21533,00	2121,71	350
GOOD BOY	2	M	PUR SANG	6	1	4	14842,00	11131,00	25973,00	2473,67	350
CAHAGNES	4	F	PUR SANG	6	1	3	14841,00	6676,00	21517,00	2473,50	325
JOHNNY HAMMER	5	H	PUR SANG	6	0	4	14840,00	6676,00	21516,00	2473,33	415
POSCHIAVO	4	H	PUR SANG	7	0	6	14837,00	6675,00	21512,00	2119,57	430
MASCIA MAGIQUE	3	F	PUR SANG	5	1	4	14817,00	11112,00	25929,00	2963,40	360
CIEL DE PARIS	4	H	PUR SANG	5	1	1	14810,00	6664,00	21474,00	2962,00	395
VIBRATO	5	H	PUR SANG	11	0	7	14804,00	6657,00	21461,00	1345,82	250
VIVRE LIBRE	4	H	PUR SANG	6	2	3	14794,00	5935,00	20729,00	2465,67	335
NOBLE APPROACH	3	F	PUR SANG	5	1	4	14780,00	9585,00	24365,00	2956,00	310
SANSURO	3	M	PUR SANG	6	0	6	14770,00	0,00	14770,00	2461,67	350
PENSE A MOI	6	F	PUR SANG	7	2	1	14760,00	6642,00	21402,00	2108,57	210
WINE PALACE	3	M	PUR SANG	2	1	1	14744,00	11056,00	25800,00	7372,00	
ADLAN SENORA	5	M	PUR SANG	6	1	3	14705,00	6616,00	21321,00	2450,83	305
HENDRIXX	3	H	PUR SANG	6	1	2	14684,00	11011,00	25695,00	2447,33	370
BELLA D'ANJOU	4	F	PUR SANG	8	1	4	14671,00	6601,00	21272,00	1833,88	345
MA MOME	5	F	PUR SANG	7	1	3	14666,00	6597,00	21263,00	2095,14	295
JEZQAZGAN	3	H	PUR SANG	5	1	4	14660,00	10994,00	25654,00	2932,00	330
SILK ROADSTER	3	H	PUR SANG	2	1	1	14660,00	0,00	14660,00	7330,00	400
WEST WIND BLOWS	7	H	PUR SANG	1	0	1	14640,00	0,00	14640,00	14640,00	535
NATIVE WARRIOR	5	H	PUR SANG	1	0	1	14640,00	0,00	14640,00	14640,00	495
AZIMPOUR	4	H	PUR SANG	2	0	1	14640,00	0,00	14640,00	7320,00	500
MY HIGHNESS	3	F	PUR SANG	1	0	1	14640,00	0,00	14640,00	14640,00	495
ESNA	3	F	PUR SANG	2	0	1	14640,00	0,00	14640,00	7320,00	475
GRAND SON OF DARK	3	M	PUR SANG	1	0	1	14640,00	0,00	14640,00	14640,00	490
AGAMEMNON	2	M	PUR SANG	1	0	1	14640,00	0,00	14640,00	14640,00	435
SILVER DOMINION	2	M	PUR SANG	1	0	1	14640,00	0,00	14640,00	14640,00	460
CAYSSIE MA STAR	4	F	PUR SANG	5	1	4	14630,00	6581,00	21211,00	2926,00	290
ALPENVEILCHEN	3	F	PUR SANG	2	1	1	14630,00	10972,00	25602,00	7315,00	400
LA CARRIERE	3	F	PUR SANG	3	1	1	14630,00	0,00	14630,00	4876,67	395
ALTER MEISTER	3	M	PUR SANG	2	1	1	14630,00	0,00	14630,00	7315,00	
NOBLE AMBER	8	F	PUR SANG	10	1	7	14621,00	6576,00	21197,00	1462,10	305
STORY WAY	3	F	PUR SANG	4	0	4	14584,00	10933,00	25517,00	3646,00	350
ALMARIS	3	F	PUR SANG	5	0	4	14574,00	10928,00	25502,00	2914,80	355
CHARMING ZEL	3	F	PUR SANG	3	1	1	14573,00	10929,00	25502,00	4857,67	415
TIC TAC	5	H	PUR SANG	7	1	3	14559,00	6550,00	21109,00	2079,86	305
HARDWEL	2	M	PUR SANG	5	0	5	14546,00	10908,00	25454,00	2909,20	380
ON LOCKDOWN	7	H	PUR SANG	6	1	4	14536,00	6539,00	21075,00	2422,67	340
SELF CONTROL	3	F	PUR SANG	10	0	8	14535,00	10899,00	25434,00	1453,50	295
DENIA	8	F	PUR SANG	8	0	4	14524,00	6533,00	21057,00	1815,50	310
SARDINIAN RULER	3	M	PUR SANG	4	1	2	14513,00	10884,00	25397,00	3628,25	340
ZIGGY STAR	4	M	PUR SANG	6	0	4	14506,00	6526,00	21032,00	2417,67	375
MAGNUS	3	H	PUR SANG	6	0	5	14502,00	10872,00	25374,00	2417,00	370
NEW RISK	3	M	PUR SANG	9	1	5	14496,00	10872,00	25368,00	1610,67	310
ESKANDANI	5	H	PUR SANG	10	1	4	14494,00	6520,00	21014,00	1449,40	230
TIMES JUBILEE	3	F	PUR SANG	5	0	5	14494,00	0,00	14494,00	2898,80	385
KHAROVSKAYA	2	F	PUR SANG	4	1	1	14490,00	10867,00	25357,00	3622,50	400
SONNAZ	4	H	PUR SANG	5	1	3	14488,00	6519,00	21007,00	2897,60	305
ROCKY RUN	4	M	PUR SANG	7	0	3	14464,00	6507,00	20971,00	2066,29	345
CHESTER SKY	5	H	PUR SANG	11	1	5	14451,00	6500,00	20951,00	1313,73	285
LE CONQUERANT	4	H	PUR SANG	4	1	2	14448,00	6501,00	20949,00	3612,00	360
KIMBIA	4	F	PUR SANG	7	1	4	14436,00	6494,00	20930,00	2062,29	335
NIGHT ACTION	5	H	PUR SANG	7	1	4	14430,00	6492,00	20922,00	2061,43	240
COSMIC FRONT	5	F	PUR SANG	2	1	0	14400,00	6480,00	20880,00	7200,00	375
AME D'OR	4	F	PUR SANG	2	1	0	14400,00	6480,00	20880,00	7200,00	370
SAMWEST	4	H	PUR SANG	6	1	4	14397,00	6476,00	20873,00	2399,50	335
INSTRUIT	9	H	PUR SANG	9	2	4	14374,00	6466,00	20840,00	1597,11	295
QUIET SEA	4	H	PUR SANG	6	1	4	14374,00	6465,00	20839,00	2395,67	310
ROUGEGARDE	9	H	PUR SANG	4	1	1	14336,00	6450,00	20786,00	3584,00	360
BE MY FRIEND	2	M	PUR SANG	2	1	1	14336,00	10752,00	25088,00	7168,00	
LE SENONNAIS	3	M	PUR SANG	8	1	5	14312,00	10732,00	25044,00	1789,00	300
ARBUS	3	F	PUR SANG	2	1	1	14294,00	0,00	14294,00	7147,00	
LA MAZZI GOGO	5	F	PUR SANG	8	0	6	14286,00	6425,00	20711,00	1785,75	335
LAST SINN	8	H	PUR SANG	8	1	4	14283,00	6425,00	20708,00	1785,38	265
SARMAD	2	M	PUR SANG	3	1	2	14280,00	10710,00	24990,00	4760,00	380
FRISSONANTE	2	F	PUR SANG	3	1	2	14280,00	0,00	14280,00	4760,00	380
QILIN QUEEN	4	F	PUR SANG	2	0	1	14275,00	0,00	14275,00	7137,50	475
HOLY SPIRIT	3	H	PUR SANG	5	1	3	14269,00	10700,00	24969,00	2853,80	365
CROCUS BORGET	8	H	PUR SANG	8	1	5	14246,00	6410,00	20656,00	1780,75	250
SACRIFICE	3	H	PUR SANG	3	1	2	14240,00	10678,00	24918,00	4746,67	395
JUST INSPIRATION	3	F	PUR SANG	4	1	3	14239,00	0,00	14239,00	3559,75	340
LETTY'S MARVEL	11	H	PUR SANG	8	1	1	14222,00	6399,00	20621,00	1777,75	345
ROSE PRAIRIE	3	F	PUR SANG	13	2	7	14215,00	9460,00	23675,00	1093,46	250
AFTERGLOW	7	F	PUR SANG	10	1	5	14208,00	6392,00	20600,00	1420,80	225
EUSKADI	4	H	PUR SANG	4	1	3	14208,00	6393,00	20601,00	3552,00	410
CIAO NENE	3	H	PUR SANG	6	0	6	14208,00	10656,00	24864,00	2368,00	335
FUNTANO	6	H	PUR SANG	8	1	4	14204,00	6390,00	20594,00	1775,50	215
HELLO VEGA	3	F	PUR SANG	9	1	3	14195,00	10644,00	24839,00	1577,22	305
DAKOTA GIRL	5	F	PUR SANG	7	2	4	14190,00	0,00	14190,00	2027,14	290
REDRUNNER	6	F	PUR SANG	11	1	5	14190,00	6384,00	20574,00	1290,00	190
DRAGON LOVE	10	H	PUR SANG	9	0	9	14185,00	6379,00	20564,00	1576,11	240
ALLURRE	7	F	PUR SANG	5	1	1	14183,00	6381,00	20564,00	2836,60	380
VAZIRPOUR	6	H	PUR SANG	5	1	1	14181,00	6381,00	20562,00	2836,20	385
MOUSTIQUE	3	H	PUR SANG	7	0	7	14178,00	10632,00	24810,00	2025,43	290
FEEL WELL	2	F	PUR SANG	6	0	6	14175,00	10629,00	24804,00	2362,50	350
ULYMINE	3	H	PUR SANG	4	1	2	14164,00	10623,00	24787,00	3541,00	425
AMEDRAS	9	H	PUR SANG	9	0	5	14163,00	6371,00	20534,00	1573,67	370
NORTHERN TERRITORY	3	M	PUR SANG	2	1	1	14160,00	10620,00	24780,00	7080,00	370
JUSEARTH FAL	4	H	PUR SANG	6	1	5	14159,00	6369,00	20528,00	2359,83	410
RUN VICTORIA	3	F	PUR SANG	10	1	3	14144,00	10607,00	24751,00	1414,40	305
CELESTIAL ROSE	3	F	PUR SANG	3	1	2	14136,00	0,00	14136,00	4712,00	370
ELEGANZ	4	F	PUR SANG	3	0	3	14123,00	0,00	14123,00	4707,67	455
BACHEROVKA	3	F	PUR SANG	6	1	4	14115,00	10584,00	24699,00	2352,50	310
LE TOLIER	4	H	PUR SANG	7	1	4	14113,00	6349,00	20462,00	2016,14	305
KALEOBAYANE	6	F	PUR SANG	11	1	7	14108,00	6346,00	20454,00	1282,55	210
VICTORY CALL	4	F	PUR SANG	5	0	3	14097,00	6342,00	20439,00	2819,40	435
ZILYA	7	F	PUR SANG	7	1	4	14094,00	6340,00	20434,00	2013,43	375
EOSTRE	3	F	PUR SANG	3	1	1	14084,00	0,00	14084,00	4694,67	410
VANINA RUNAWAY	3	F	PUR SANG	11	1	7	14069,00	10549,00	24618,00	1279,00	280
ALEXEI	4	H	PUR SANG	8	1	5	14067,00	6328,00	20395,00	1758,38	255
STELLAR CHOP	4	H	PUR SANG	8	1	5	14052,00	6321,00	20373,00	1756,50	295
PESTACLE	5	H	PUR SANG	8	1	5	14026,00	6309,00	20335,00	1753,25	340
LEDESMA	3	H	PUR SANG	5	0	5	14022,00	10516,00	24538,00	2804,40	355
HONEY PEARL	3	F	PUR SANG	7	1	3	14020,00	10515,00	24535,00	2002,86	375
HURLEVENT	4	H	PUR SANG	10	2	5	14012,00	6304,00	20316,00	1401,20	250
MOZART DES BRIERES	6	H	PUR SANG	12	0	8	13992,00	6293,00	20285,00	1166,00	325
SWEEP AWAY	6	H	PUR SANG	13	0	9	13982,00	6286,00	20268,00	1075,54	280
LINDEN BLOSSOM	3	H	PUR SANG	13	0	9	13974,00	9728,00	23702,00	1074,92	230
QUEEN SINGER	5	F	PUR SANG	7	1	5	13973,00	6285,00	20258,00	1996,14	290
VALDORCIA	3	F	PUR SANG	7	0	5	13967,00	0,00	13967,00	1995,29	400
BASILICO	2	M	PUR SANG	2	1	1	13958,00	10468,00	24426,00	6979,00	
KIARO	5	M	PUR SANG	5	1	3	13952,00	6277,00	20229,00	2790,40	380
MAURICIA	3	F	PUR SANG	7	1	3	13935,00	10450,00	24385,00	1990,71	320
REACH THE SKY	4	M	PUR SANG	4	0	4	13926,00	6265,00	20191,00	3481,50	440
SHAPESMITH	3	M	PUR SANG	5	0	3	13900,00	0,00	13900,00	2780,00	380
AMNESIA	2	F	PUR SANG	2	0	2	13890,00	10416,00	24306,00	6945,00	
ZITOLOGUE	3	H	PUR SANG	2	1	1	13870,00	10401,00	24271,00	6935,00	
VALIENTE	3	M	PUR SANG	7	1	4	13869,00	10401,00	24270,00	1981,29	635
DISILLUSION	6	M	PUR SANG	3	1	2	13861,00	0,00	13861,00	4620,33	390
QUARTZ DU HOULEY	6	H	PUR SANG	4	0	3	13858,00	6234,00	20092,00	3464,50	340
VALENTINE DAY	4	F	PUR SANG	5	1	3	13852,00	6233,00	20085,00	2770,40	260
GREY BELLE	7	F	PUR SANG	13	1	7	13849,00	6228,00	20077,00	1065,31	260
SUNNY QUEEN	2	F	PUR SANG	5	0	5	13846,00	10383,00	24229,00	2769,20	370
PONTOS	4	H	PUR SANG	5	1	3	13845,00	6228,00	20073,00	2769,00	315
ORYA	3	F	PUR SANG	5	1	3	13810,00	10357,00	24167,00	2762,00	350
MEAUTIS	5	H	PUR SANG	7	0	6	13796,00	6205,00	20001,00	1970,86	325
QUEEN LAGERTHA	2	F	PUR SANG	3	1	2	13789,00	10341,00	24130,00	4596,33	350
LE FUTUR	3	M	PUR SANG	7	1	2	13784,00	10338,00	24122,00	1969,14	370
COUR DU ROI	7	H	PUR SANG	10	0	6	13778,00	6198,00	19976,00	1377,80	265
MR HARPIN	4	H	PUR SANG	15	1	7	13764,00	6190,00	19954,00	917,60	240
THE PISTOL STAR	3	F	PUR SANG	5	1	3	13764,00	10321,00	24085,00	2752,80	350
ADICCION	3	H	PUR SANG	12	1	6	13753,00	10314,00	24067,00	1146,08	265
MASINDHAL	4	H	PUR SANG	13	1	8	13751,00	6183,00	19934,00	1057,77	270
OPIUM OF SUCCESS	2	H	PUR SANG	9	0	7	13719,00	10288,00	24007,00	1524,33	335
YAKAMOUN	5	F	PUR SANG	12	1	5	13703,00	6164,00	19867,00	1141,92	280
VIVA LA SKIDS	3	F	PUR SANG	4	1	0	13700,00	10275,00	23975,00	3425,00	425
VIGNELLI	2	M	PUR SANG	1	1	0	13700,00	10275,00	23975,00	13700,00	
WHISKEY BENT	2	M	PUR SANG	1	1	0	13700,00	10275,00	23975,00	13700,00	
ANNA GLORIA	2	F	PUR SANG	1	1	0	13700,00	10275,00	23975,00	13700,00	
CATCH MY EYE	2	M	PUR SANG	2	1	0	13700,00	10275,00	23975,00	6850,00	
UN VRAI VENUSIEN	2	M	PUR SANG	2	1	0	13700,00	10275,00	23975,00	6850,00	
MAI DIRE MAI	3	H	PUR SANG	4	1	0	13700,00	10275,00	23975,00	3425,00	400
ALLELA	2	F	PUR SANG	1	1	0	13700,00	10275,00	23975,00	13700,00	
TUESDAY'S GONE	2	F	PUR SANG	1	1	0	13700,00	10275,00	23975,00	13700,00	
LANCELOT BROWN	2	M	PUR SANG	1	1	0	13700,00	0,00	13700,00	13700,00	
AMUSINGLY	2	F	PUR SANG	1	1	0	13700,00	0,00	13700,00	13700,00	
IMAGINE	3	M	PUR SANG	2	1	0	13700,00	0,00	13700,00	6850,00	450
KALIMAAT	2	F	PUR SANG	1	1	0	13700,00	0,00	13700,00	13700,00	
NEW RUN	3	M	PUR SANG	5	1	3	13698,00	10273,00	23971,00	2739,60	385
QAMRAN	3	H	PUR SANG	7	1	6	13696,00	0,00	13696,00	1956,57	345
FIRST CUNCERT	4	F	PUR SANG	8	3	2	13692,00	6161,00	19853,00	1711,50	250
LOUIZA	3	F	PUR SANG	4	1	3	13684,00	10261,00	23945,00	3421,00	360
ARCUBIATU	6	H	PUR SANG	10	1	5	13681,00	6153,00	19834,00	1368,10	270
SLEIPNIR NORMANDY	5	H	PUR SANG	5	1	2	13680,00	6154,00	19834,00	2736,00	300
INTUITION	5	F	PUR SANG	11	1	3	13678,00	6154,00	19832,00	1243,45	250
FASOLDOFA	3	F	PUR SANG	8	1	5	13666,00	9124,00	22790,00	1708,25	290
GOLDEN DISC	4	F	PUR SANG	5	1	3	13656,00	6143,00	19799,00	2731,20	330
DIYAA	4	F	PUR SANG	12	0	8	13654,00	6142,00	19796,00	1137,83	185
SOLAIRE	6	F	PUR SANG	9	2	3	13642,00	6138,00	19780,00	1515,78	225
OPERATOR	3	H	PUR SANG	2	1	1	13634,00	10225,00	23859,00	6817,00	
DO FOR LOVE	3	F	PUR SANG	3	1	2	13630,00	0,00	13630,00	4543,33	395
KEEN LADY	4	F	PUR SANG	9	0	8	13613,00	6120,00	19733,00	1512,56	250
PALLADIO	3	M	PUR SANG	6	0	4	13612,00	10206,00	23818,00	2268,67	370
NEOWISE	6	F	PUR SANG	8	1	3	13610,00	0,00	13610,00	1701,25	210
CANADIAN	3	M	PUR SANG	4	1	2	13607,00	0,00	13607,00	3401,75	385
DANCING FLOWER	3	F	PUR SANG	4	1	1	13600,00	0,00	13600,00	3400,00	440
ZEOLAKIS	5	H	PUR SANG	10	1	5	13579,00	6108,00	19687,00	1357,90	300
EVEROSE	3	F	PUR SANG	12	1	7	13577,00	0,00	13577,00	1131,42	240
LOOK	3	F	PUR SANG	7	0	5	13558,00	9418,00	22976,00	1936,86	310
EKTORIA	6	F	PUR SANG	10	1	6	13542,00	6091,00	19633,00	1354,20	250
VALLANDO	8	H	PUR SANG	6	1	4	13537,00	0,00	13537,00	2256,17	255
PRETTY STORM	5	F	PUR SANG	8	1	2	13536,00	6090,00	19626,00	1692,00	340
LOOK OF CECCA	4	H	PUR SANG	7	1	2	13536,00	6090,00	19626,00	1933,71	240
LUNE ROUGE	5	F	PUR SANG	5	2	2	13532,00	6088,00	19620,00	2706,40	215
BORN TO WIN	5	M	PUR SANG	9	1	3	13531,00	6087,00	19618,00	1503,44	240
RENVERSANTE	3	F	PUR SANG	11	0	8	13528,00	10144,00	23672,00	1229,82	275
TAMYZ	5	H	PUR SANG	4	0	4	13511,00	6077,00	19588,00	3377,75	340
STATISTIC	3	F	PUR SANG	2	1	1	13508,00	10130,00	23638,00	6754,00	390
KYOTO SPIRIT	3	M	PUR SANG	3	1	1	13508,00	0,00	13508,00	4502,67	
BELCHA	10	H	PUR SANG	9	2	6	13500,00	6072,00	19572,00	1500,00	195
VALERTA	5	F	PUR SANG	6	1	3	13498,00	6073,00	19571,00	2249,67	295
SHALOM	2	F	PUR SANG	5	1	3	13452,00	10088,00	23540,00	2690,40	330
INTELLITA	5	F	PUR SANG	2	2	0	13450,00	6052,00	19502,00	6725,00	270
IKKO	4	H	PUR SANG	7	0	5	13443,00	6047,00	19490,00	1920,43	345
DANICA	3	F	PUR SANG	6	2	1	13438,00	10078,00	23516,00	2239,67	305
POP LIFE	7	F	PUR SANG	10	1	8	13428,00	6038,00	19466,00	1342,80	275
LIGHT WAKEUP	8	H	PUR SANG	13	1	3	13420,00	0,00	13420,00	1032,31	255
EASY AS PIE	3	F	PUR SANG	4	1	1	13420,00	0,00	13420,00	3355,00	375
QUEEN MEKHTAAL	3	F	PUR SANG	4	1	3	13413,00	10059,00	23472,00	3353,25	350
CASSIUS	6	M	PUR SANG	5	1	3	13400,00	6028,00	19428,00	2680,00	425
AMELIA	3	F	PUR SANG	11	0	8	13382,00	10034,00	23416,00	1216,55	285
AGIOTA	3	H	PUR SANG	4	1	2	13378,00	10033,00	23411,00	3344,50	430
ALTO BLUES	3	H	PUR SANG	2	1	1	13374,00	10030,00	23404,00	6687,00	
GLOBAL ASSET	3	F	PUR SANG	2	1	1	13374,00	10030,00	23404,00	6687,00	390
BOCCA AL LUPO	3	H	PUR SANG	3	1	1	13374,00	10030,00	23404,00	4458,00	390
THREE DREAMS	6	F	PUR SANG	9	1	6	13350,00	6005,00	19355,00	1483,33	275
PIETER DE HOOCH	7	H	PUR SANG	7	1	3	13346,00	6005,00	19351,00	1906,57	250
THE BEST GLORY	3	F	PUR SANG	5	1	2	13338,00	10003,00	23341,00	2667,60	380
MODELLING	3	F	PUR SANG	5	1	2	13336,00	0,00	13336,00	2667,20	325
EMINENCE GRISE	4	H	PUR SANG	7	1	2	13334,00	5999,00	19333,00	1904,86	275
ZILCOVER	7	H	PUR SANG	7	1	4	13327,00	5996,00	19323,00	1903,86	240
DADDY JOY	5	H	PUR SANG	5	1	1	13324,00	5995,00	19319,00	2664,80	300
TORRONE	4	H	PUR SANG	8	0	4	13323,00	5992,00	19315,00	1665,38	320
EAGLE TREE	3	F	PUR SANG	12	1	8	13312,00	9982,00	23294,00	1109,33	260
THE TINKER	3	M	PUR SANG	7	1	3	13312,00	9984,00	23296,00	1901,71	360
ARAYA	3	F	PUR SANG	4	1	3	13310,00	9981,00	23291,00	3327,50	360
PORTUCALE	5	F	PUR SANG	8	1	3	13303,00	5986,00	19289,00	1662,88	340
PRIMA LUCE	3	F	PUR SANG	6	1	2	13286,00	9963,00	23249,00	2214,33	335
AURA	4	F	PUR SANG	5	1	1	13281,00	5976,00	19257,00	2656,20	330
DISSEMBLE	3	F	PUR SANG	4	1	2	13278,00	9958,00	23236,00	3319,50	380
AGELKA	6	F	PUR SANG	9	2	5	13262,00	4391,00	17653,00	1473,56	235
MARDAD FAL	3	M	PUR SANG	5	1	3	13262,00	2746,00	16008,00	2652,40	405
GRAY D'ALBION	6	H	PUR SANG	7	1	5	13254,00	5963,00	19217,00	1893,43	215
FREEZE THE MOMENT	3	M	PUR SANG	5	1	2	13252,00	9939,00	23191,00	2650,40	365
MR FILERIN	4	H	PUR SANG	11	0	9	13250,00	5149,00	18399,00	1204,55	275
LADY MANA	5	F	PUR SANG	12	1	5	13243,00	5957,00	19200,00	1103,58	260
DONNALUCATA	3	F	PUR SANG	8	0	6	13243,00	9931,00	23174,00	1655,38	270
AMITY	4	F	PUR SANG	11	1	3	13232,00	5952,00	19184,00	1202,91	250
GOLDEN HIND	3	H	PUR SANG	7	0	5	13222,00	9914,00	23136,00	1888,86	335
PRINCESS OF HABO	3	F	PUR SANG	4	1	3	13208,00	0,00	13208,00	3302,00	340
AMETIS CHOPE	2	F	PUR SANG	3	1	2	13191,00	9892,00	23083,00	4397,00	385
ROUDOUDOU	5	H	PUR SANG	8	1	3	13179,00	5929,00	19108,00	1647,38	330
LISA	5	F	PUR SANG	15	1	9	13176,00	5926,00	19102,00	878,40	165
KARAMA AL LEITH	3	F	PUR SANG	5	0	4	13176,00	0,00	13176,00	2635,20	340
DESERT SPRING	4	F	PUR SANG	4	0	3	13170,00	0,00	13170,00	3292,50	445
REVE BLEU	3	F	PUR SANG	5	0	3	13168,00	9876,00	23044,00	2633,60	395
THARPE	5	H	PUR SANG	8	0	7	13157,00	5917,00	19074,00	1644,63	245
FATA MORGANA	3	F	PUR SANG	5	0	3	13152,00	9864,00	23016,00	2630,40	355
WESTMINSTER COYOTE	3	M	PUR SANG	8	0	5	13150,00	0,00	13150,00	1643,75	325
MAIA STAR	5	F	PUR SANG	4	0	2	13130,00	5907,00	19037,00	3282,50	380
SUMMER WAY	7	F	PUR SANG	4	1	3	13128,00	5905,00	19033,00	3282,00	300
WORLD VISION	5	F	PUR SANG	5	1	3	13127,00	0,00	13127,00	2625,40	340
TCHIKITA	3	F	PUR SANG	9	1	5	13119,00	9839,00	22958,00	1457,67	310
SPIRIT GIRL	3	F	PUR SANG	5	1	4	13112,00	9832,00	22944,00	2622,40	320
MY HABITUDE	3	H	PUR SANG	7	1	3	13094,00	9819,00	22913,00	1870,57	290
NALON RIVER	3	M	PUR SANG	4	1	2	13092,00	9819,00	22911,00	3273,00	380
MONA MALPIC	5	F	PUR SANG	9	2	6	13090,00	5890,00	18980,00	1454,44	570
BAILEYS BACHELOR	5	H	PUR SANG	9	0	4	13089,00	5887,00	18976,00	1454,33	365
ORAGEUX	4	H	PUR SANG	3	2	1	13086,00	5887,00	18973,00	4362,00	340
SULLY	3	H	PUR SANG	6	1	5	13066,00	9797,00	22863,00	2177,67	620
TULSA KING	3	M	PUR SANG	5	1	3	13054,00	9790,00	22844,00	2610,80	320
SOMEONE	2	M	PUR SANG	3	1	2	13038,00	9778,00	22816,00	4346,00	400
ZOUBAREVA	6	F	PUR SANG	11	1	4	13035,00	5864,00	18899,00	1185,00	160
PLANCKEINSTEIN	4	H	PUR SANG	7	1	5	13035,00	5863,00	18898,00	1862,14	335
EUROPE	2	F	PUR SANG	7	1	6	13031,00	9772,00	22803,00	1861,57	620
SQUARE CARNOT	4	M	PUR SANG	2	1	1	13025,00	5861,00	18886,00	6512,50	390
MON SIOUX	6	H	PUR SANG	7	1	4	13008,00	5852,00	18860,00	1858,29	225
ANIMA SANA	4	F	PUR SANG	11	1	6	13004,00	5849,00	18853,00	1182,18	275
STAR FIXX	3	F	PUR SANG	7	0	4	12997,00	9745,00	22742,00	1856,71	300
LADY AGATA	4	F	PUR SANG	6	0	5	12993,00	0,00	12993,00	2165,50	280
REVUELTO	3	M	PUR SANG	3	1	1	12988,00	9741,00	22729,00	4329,33	350
ALTAZIA AS	4	F	PUR SANG	11	3	2	12985,00	5673,00	18658,00	1180,45	210
OPIANA	6	F	PUR SANG	10	1	5	12982,00	5840,00	18822,00	1298,20	265
RETIRO	4	M	PUR SANG	3	1	2	12982,00	5841,00	18823,00	4327,33	405
KEY TO VICTORY	4	F	PUR SANG	6	1	1	12972,00	5836,00	18808,00	2162,00	245
SCAT LADY	6	F	PUR SANG	10	0	8	12969,00	5833,00	18802,00	1296,90	250
FAITH IN YOU	3	F	PUR SANG	6	0	6	12960,00	0,00	12960,00	2160,00	335
MISTER SOCKS	3	H	PUR SANG	4	1	3	12959,00	9719,00	22678,00	3239,75	330
LA DO RE	5	F	PUR SANG	10	0	9	12953,00	5825,00	18778,00	1295,30	280
D'ORSAY	4	H	PUR SANG	5	1	0	12950,00	5827,00	18777,00	2590,00	195
INTERSTELLA	8	F	PUR SANG	7	1	5	12945,00	0,00	12945,00	1849,29	300
LITTORAL NORD	3	M	PUR SANG	4	1	3	12942,00	9705,00	22647,00	3235,50	380
PASAND	4	H	PUR SANG	8	2	2	12932,00	4019,00	16951,00	1616,50	300
PINK VALENTINE	7	F	PUR SANG	3	1	1	12928,00	5817,00	18745,00	4309,33	240
CLEMENZA	6	F	PUR SANG	8	1	6	12921,00	5812,00	18733,00	1615,13	220
DAISY DAISY	3	F	PUR SANG	6	0	5	12913,00	0,00	12913,00	2152,17	340
NIPPE DE STAR	4	H	PUR SANG	9	0	6	12901,00	0,00	12901,00	1433,44	270
POTEMKINE	5	H	PUR SANG	4	1	3	12892,00	5799,00	18691,00	3223,00	430
MATAURI QUEEN	3	F	PUR SANG	4	1	2	12888,00	9666,00	22554,00	3222,00	370
THIBERVILLE	3	H	PUR SANG	8	0	6	12888,00	9664,00	22552,00	1611,00	320
CHARMING CECILIA	3	F	PUR SANG	8	0	8	12881,00	9660,00	22541,00	1610,13	315
PENNSYLVANIA	4	F	PUR SANG	4	1	2	12870,00	5790,00	18660,00	3217,50	325
POLMINHAC	7	H	PUR SANG	3	1	2	12864,00	5788,00	18652,00	4288,00	245
MONONOF	6	H	PUR SANG	5	0	5	12861,00	5787,00	18648,00	2572,20	370
CARIFTA	5	F	PUR SANG	10	2	8	12860,00	5786,00	18646,00	1286,00	535
AURORA BEAU REAL	3	F	PUR SANG	3	0	3	12846,00	0,00	12846,00	4282,00	400
STUNNING HERO	4	H	PUR SANG	10	1	5	12839,00	5775,00	18614,00	1283,90	305
SERENISSIMUS	4	H	PUR SANG	5	1	3	12836,00	5775,00	18611,00	2567,20	370
LADIVA	6	F	PUR SANG	12	0	7	12836,00	5774,00	18610,00	1069,67	150
ROMAN BOY	3	M	PUR SANG	10	0	6	12835,00	9624,00	22459,00	1283,50	295
ZANGAR	4	H	PUR SANG	5	1	2	12828,00	5771,00	18599,00	2565,60	345
CITY BABE	4	F	PUR SANG	6	1	3	12827,00	5770,00	18597,00	2137,83	330
IDAHO JAMES	8	M	PUR SANG	13	0	10	12816,00	5764,00	18580,00	985,85	230
HANSOTTOGRUBER	5	H	PUR SANG	4	1	2	12815,00	0,00	12815,00	3203,75	300
PIC PEN	4	H	PUR SANG	6	2	2	12813,00	5765,00	18578,00	2135,50	270
FROMONTINE	4	F	PUR SANG	6	1	4	12810,00	5762,00	18572,00	2135,00	305
TIPERE	2	M	PUR SANG	4	0	4	12810,00	0,00	12810,00	3202,50	375
HISTOIREDEMARS	5	F	PUR SANG	7	2	3	12807,00	5762,00	18569,00	1829,57	245
FRANKISH	3	M	PUR SANG	2	1	1	12804,00	0,00	12804,00	6402,00	
WOOTTON CENTURION	3	M	PUR SANG	3	1	0	12800,00	9600,00	22400,00	4266,67	435
EVERSTAR	5	H	PUR SANG	7	0	6	12797,00	5757,00	18554,00	1828,14	370
NOBLE COTAI	5	M	PUR SANG	8	1	3	12794,00	0,00	12794,00	1599,25	240
MISS PARANO	5	F	PUR SANG	17	2	3	12791,00	5755,00	18546,00	752,41	195
RAPIDO PRESTO	8	H	PUR SANG	8	1	4	12786,00	5750,00	18536,00	1598,25	315
LUNALA	6	F	PUR SANG	16	0	9	12781,00	5747,00	18528,00	798,81	215
THE CHARM	7	H	PUR SANG	11	1	3	12769,00	5745,00	18514,00	1160,82	220
PASSAGE VALLET	2	M	PUR SANG	3	1	2	12760,00	9569,00	22329,00	4253,33	405
VIOLIN	4	F	PUR SANG	9	1	5	12741,00	5730,00	18471,00	1415,67	270
SODA ZABEEL	3	F	PUR SANG	6	0	5	12737,00	9550,00	22287,00	2122,83	330
KIANDA	3	F	PUR SANG	3	1	1	12734,00	9550,00	22284,00	4244,67	375
PARTENIT	8	M	PUR SANG	9	1	5	12723,00	5723,00	18446,00	1413,67	325
SEVENSIX	2	F	PUR SANG	2	1	1	12723,00	0,00	12723,00	6361,50	
LIGHTED GLORY	7	F	PUR SANG	15	0	7	12722,00	5723,00	18445,00	848,13	150
POLYSPEED	5	H	PUR SANG	10	1	3	12690,00	5709,00	18399,00	1269,00	240
ALEKSINE	4	M	PUR SANG	3	1	1	12688,00	5709,00	18397,00	4229,33	350
GOWAY	5	H	PUR SANG	10	1	2	12670,00	5700,00	18370,00	1267,00	335
BOURGOIN	3	M	PUR SANG	7	0	3	12670,00	9502,00	22172,00	1810,00	410
LA JUSTICIERE	3	F	PUR SANG	7	0	6	12663,00	0,00	12663,00	1809,00	320
AIR CHIEF AMOUR	9	F	PUR SANG	10	2	7	12660,00	5697,00	18357,00	1266,00	610
APPLEBLOSSOMWHITE	4	F	PUR SANG	7	1	5	12657,00	0,00	12657,00	1808,14	255
PARISIAN BELLE	8	F	PUR SANG	4	1	2	12634,00	5684,00	18318,00	3158,50	175
SMOOKIE	4	F	PUR SANG	13	1	12	12625,00	5681,00	18306,00	971,15	470
SICILIA	7	F	PUR SANG	8	1	3	12610,00	5673,00	18283,00	1576,25	240
AIX LES BAINS	2	F	PUR SANG	2	1	1	12596,00	9447,00	22043,00	6298,00	
ZELRYA	2	F	PUR SANG	2	1	1	12596,00	9447,00	22043,00	6298,00	
SACREE PHILOMENE	2	F	PUR SANG	5	1	2	12596,00	9446,00	22042,00	2519,20	375
CAMPELO	5	H	PUR SANG	3	1	2	12596,00	0,00	12596,00	4198,67	360
THE SNARK	4	H	PUR SANG	7	1	3	12580,00	5660,00	18240,00	1797,14	340
ROMANTICON	3	M	PUR SANG	4	0	2	12575,00	0,00	12575,00	3143,75	435
CRYSTAL BAY	3	H	PUR SANG	4	1	3	12552,00	9413,00	21965,00	3138,00	380
GOOD MEMORY	4	F	PUR SANG	4	1	2	12541,00	5643,00	18184,00	3135,25	240
LOVELY ANGEL	8	F	PUR SANG	2	1	1	12539,00	5642,00	18181,00	6269,50	290
DARLYVI	8	F	PUR SANG	7	0	6	12535,00	5637,00	18172,00	1790,71	305
HOT COLD	4	H	PUR SANG	7	1	3	12526,00	5635,00	18161,00	1789,43	280
ADVENTURA	3	F	PUR SANG	9	0	6	12526,00	9393,00	21919,00	1391,78	260
SOUS LA NEIGE	6	H	PUR SANG	6	0	3	12525,00	5634,00	18159,00	2087,50	370
VITUS BERING	5	H	PUR SANG	10	1	7	12521,00	5632,00	18153,00	1252,10	210
EXCESSIVENESS	5	F	PUR SANG	5	1	2	12507,00	5627,00	18134,00	2501,40	315
PERSIAN IMP CEN	3	H	PUR SANG	5	0	3	12504,00	9376,00	21880,00	2500,80	420
COETZEE	5	H	PUR SANG	1	1	0	12500,00	0,00	12500,00	12500,00	445
NEXT MINE	4	M	PUR SANG	1	0	1	12495,00	0,00	12495,00	12495,00	500
BEIBHINN	2	F	PUR SANG	1	0	1	12495,00	0,00	12495,00	12495,00	430
RIGOLETTOS	4	M	PUR SANG	5	1	3	12492,00	5621,00	18113,00	2498,40	350
HY DREAM	8	F	PUR SANG	11	0	9	12489,00	5616,00	18105,00	1135,36	245
FANZI CHOP	3	H	PUR SANG	7	1	3	12480,00	9359,00	21839,00	1782,86	300
RHEINLAND	4	F	PUR SANG	13	0	7	12475,00	5611,00	18086,00	959,62	220
TOUQUETOISE	5	F	PUR SANG	14	1	7	12469,00	5609,00	18078,00	890,64	195
TEARDROP EXPLODES	5	F	PUR SANG	5	1	3	12467,00	5609,00	18076,00	2493,40	315
RED GUST	4	H	PUR SANG	8	0	7	12448,00	5598,00	18046,00	1556,00	250
KOUTSOUNAKOS	11	H	PUR SANG	6	1	3	12436,00	0,00	12436,00	2072,67	300
MONARCO	3	H	PUR SANG	8	1	4	12432,00	9323,00	21755,00	1554,00	320
AITUTAKI	3	F	PUR SANG	3	1	2	12423,00	0,00	12423,00	4141,00	350
SALAMANQUE	3	F	PUR SANG	9	0	8	12411,00	7056,00	19467,00	1379,00	290
BRIDEGO BRIDGE	11	H	PUR SANG	8	3	3	12400,00	5580,00	17980,00	1550,00	495
CRACK CITY	6	H	PUR SANG	9	1	2	12394,00	5576,00	17970,00	1377,11	205
SOONAK	2	F	PUR SANG	3	1	1	12390,00	9292,00	21682,00	4130,00	380
BALTIMORE	4	H	PUR SANG	11	1	5	12376,00	5568,00	17944,00	1125,09	210
PAY TO LEARN	5	H	PUR SANG	1	1	0	12350,00	5557,00	17907,00	12350,00	430
DNIPRO	3	H	PUR SANG	1	1	0	12350,00	9262,00	21612,00	12350,00	
DANTE NONANTAIS	3	H	PUR SANG	1	1	0	12350,00	9262,00	21612,00	12350,00	
HARISSA	3	F	PUR SANG	1	1	0	12350,00	9262,00	21612,00	12350,00	
KHOZAN	3	H	PUR SANG	3	1	0	12350,00	0,00	12350,00	4116,67	
TIMIDE	2	M	PUR SANG	2	1	0	12350,00	0,00	12350,00	6175,00	
PIOTR	3	M	PUR SANG	1	1	0	12350,00	0,00	12350,00	12350,00	
ROSTAK	3	H	PUR SANG	1	1	0	12350,00	0,00	12350,00	12350,00	
RECOLLECT	3	H	PUR SANG	1	1	0	12350,00	0,00	12350,00	12350,00	
SCUTARI	3	M	PUR SANG	1	1	0	12350,00	0,00	12350,00	12350,00	370
LIFE STUDY	3	F	PUR SANG	2	1	0	12350,00	0,00	12350,00	6175,00	
MARYLENE DU SERRE	3	F	PUR SANG	4	0	2	12350,00	9262,00	21612,00	3087,50	440
PEARL HARBOUR	6	F	PUR SANG	5	1	1	12336,00	5551,00	17887,00	2467,20	290
VENTS CONTRAIRES	8	H	PUR SANG	10	0	6	12332,00	5547,00	17879,00	1233,20	310
GOLDEN BEACH	7	H	PUR SANG	8	1	4	12308,00	0,00	12308,00	1538,50	255
SILVER BEAUTY	6	F	PUR SANG	5	1	2	12300,00	5533,00	17833,00	2460,00	305
BAIGNADE	5	F	PUR SANG	5	1	1	12298,00	0,00	12298,00	2459,60	295
VOLCANO	4	H	PUR SANG	6	1	2	12291,00	5530,00	17821,00	2048,50	335
OUT OF AFRICA	4	F	PUR SANG	5	2	2	12288,00	3729,00	16017,00	2457,60	365
LE CORSAIRE	6	H	PUR SANG	4	1	1	12278,00	5524,00	17802,00	3069,50	300
LA DOLOISE	5	F	PUR SANG	5	1	1	12278,00	5524,00	17802,00	2455,60	255
EMPRESS OF LIGHT	3	F	PUR SANG	5	1	4	12274,00	0,00	12274,00	2454,80	330
PHANTOM FLAME	3	H	PUR SANG	2	1	1	12273,00	9204,00	21477,00	6136,50	
LITTLE OCEAN	3	F	PUR SANG	11	1	10	12257,00	9191,00	21448,00	1114,27	230
QUEEN D'AUNOU	4	F	PUR SANG	9	1	6	12246,00	5508,00	17754,00	1360,67	290
MALENA	3	F	PUR SANG	10	0	9	12219,00	8264,00	20483,00	1221,90	315
READY TO GO	4	F	PUR SANG	10	1	4	12215,00	5495,00	17710,00	1221,50	250
COCO VANILLE	3	F	PUR SANG	3	1	2	12207,00	9155,00	21362,00	4069,00	370
HEUREUSE	3	F	PUR SANG	7	1	5	12200,00	0,00	12200,00	1742,86	300
VALASARA	3	F	PUR SANG	2	0	2	12192,00	9144,00	21336,00	6096,00	440
NEPETA	3	F	PUR SANG	4	1	3	12188,00	9141,00	21329,00	3047,00	370
MIA JULIA	4	F	PUR SANG	4	0	4	12148,00	5464,00	17612,00	3037,00	320
RIYAK	8	H	PUR SANG	9	0	7	12137,00	5459,00	17596,00	1348,56	305
DSCHINGIS ANGEL	5	F	PUR SANG	11	0	7	12127,00	5455,00	17582,00	1102,45	155
SHERA	3	F	PUR SANG	7	1	4	12116,00	9087,00	21203,00	1730,86	310
JANGIR	3	H	PUR SANG	3	1	1	12115,00	9086,00	21201,00	4038,33	400
LHASA	5	F	PUR SANG	8	0	7	12115,00	5450,00	17565,00	1514,38	155
NIGHT MARY	3	F	PUR SANG	4	1	3	12114,00	9085,00	21199,00	3028,50	315
LAVIS	4	H	PUR SANG	13	1	7	12112,00	3423,00	15535,00	931,69	200
TOUNSBY	3	H	PUR SANG	4	1	2	12096,00	9072,00	21168,00	3024,00	345
BOLROL FAL	2	M	PUR SANG	3	1	1	12090,00	9067,00	21157,00	4030,00	390
BARBADIN	9	H	PUR SANG	8	0	5	12075,00	5433,00	17508,00	1509,38	270
SI CAPO SI	5	H	PUR SANG	10	0	7	12073,00	5430,00	17503,00	1207,30	210
LILY OFTHE KINGDON	5	F	PUR SANG	16	1	9	12058,00	4915,00	16973,00	753,63	150
NEKOLETO	6	H	PUR SANG	8	1	3	12055,00	5424,00	17479,00	1506,88	265
AL ALAALI	6	H	PUR SANG	11	1	5	12055,00	5424,00	17479,00	1095,91	235
MARQUISE VERA	5	F	PUR SANG	11	0	10	12053,00	5421,00	17474,00	1095,73	170
AL ALMARCHAL	5	M	PUR SANG	3	0	2	12048,00	0,00	12048,00	4016,00	340
GLENMORE	3	H	PUR SANG	8	1	5	12037,00	5277,00	17314,00	1504,63	300
LOUIS D'ALICE	5	H	PUR SANG	4	2	1	12032,00	3726,00	15758,00	3008,00	280
GARIGLIANO	9	H	PUR SANG	8	1	4	12032,00	5411,00	17443,00	1504,00	230
ZADE	3	M	PUR SANG	3	0	3	12032,00	0,00	12032,00	4010,67	405
HEY MAN	8	H	PUR SANG	9	1	6	12020,00	5406,00	17426,00	1335,56	225
ROI DE LA LIBERTE	3	H	PUR SANG	2	0	2	12014,00	0,00	12014,00	6007,00	455
WALDKAUZ	9	H	PUR SANG	12	0	6	12012,00	5402,00	17414,00	1001,00	305
AME DIVINE	4	F	PUR SANG	8	1	3	11991,00	5394,00	17385,00	1498,88	265
MIA GRANDE	5	H	PUR SANG	5	1	2	11970,00	0,00	11970,00	2394,00	245
LOGIS	5	H	PUR SANG	12	1	5	11962,00	5380,00	17342,00	996,83	190
GALASSI	3	H	PUR SANG	5	0	4	11958,00	8967,00	20925,00	2391,60	335
KUPKA	4	H	PUR SANG	9	1	5	11950,00	5374,00	17324,00	1327,78	255
KALAFA	4	F	PUR SANG	5	1	2	11940,00	5372,00	17312,00	2388,00	300
SEU JO	3	M	PUR SANG	3	1	2	11940,00	0,00	11940,00	3980,00	375
CUREJ	6	H	PUR SANG	5	1	2	11939,00	0,00	11939,00	2387,80	330
SHAMBHALLA	3	F	PUR SANG	6	0	6	11932,00	8948,00	20880,00	1988,67	330
VIDEO GAMES	3	H	PUR SANG	9	1	6	11921,00	8938,00	20859,00	1324,56	250
BREIZHY BOY	4	H	PUR SANG	4	1	2	11918,00	5362,00	17280,00	2979,50	385
LADY CHNAK	2	F	PUR SANG	2	1	1	11911,00	8933,00	20844,00	5955,50	
DIVINE CHRISNAT	6	F	PUR SANG	8	0	2	11910,00	3572,00	15482,00	1488,75	420
UNKNOWN TERRITORY	3	F	PUR SANG	7	1	4	11906,00	5179,00	17085,00	1700,86	305
AMERICANO	6	H	PUR SANG	7	1	4	11902,00	5354,00	17256,00	1700,29	280
MASSKO	4	H	PUR SANG	11	1	6	11885,00	5346,00	17231,00	1080,45	250
DSCHINGIS ARROW	5	H	PUR SANG	13	0	10	11884,00	5345,00	17229,00	914,15	190
TASTEFUL	3	F	PUR SANG	5	0	4	11868,00	8901,00	20769,00	2373,60	340
DROGO	8	H	PUR SANG	8	1	2	11866,00	5339,00	17205,00	1483,25	315
THE BLACK VELVET	3	F	PUR SANG	12	0	8	11863,00	8896,00	20759,00	988,58	245
ENEA	4	H	PUR SANG	2	1	1	11859,00	5336,00	17195,00	5929,50	440
CAZADERO	4	H	PUR SANG	11	1	7	11854,00	4792,00	16646,00	1077,64	260
ENCORE RIDGE	3	H	PUR SANG	5	1	2	11853,00	8889,00	20742,00	2370,60	330
HUNGRY HEART	5	H	PUR SANG	9	0	6	11853,00	5331,00	17184,00	1317,00	330
RONNIE ROCKET	6	H	PUR SANG	11	1	9	11840,00	5328,00	17168,00	1076,36	610
ANDARTIS	5	H	PUR SANG	7	1	2	11834,00	0,00	11834,00	1690,57	305
WALDNEBEL	4	M	PUR SANG	2	0	2	11834,00	0,00	11834,00	5917,00	465
MISSOURI	6	H	PUR SANG	10	0	9	11832,00	0,00	11832,00	1183,20	235
SET APART	3	M	PUR SANG	2	1	1	11823,00	0,00	11823,00	5911,50	
HEAVEN CITY	9	H	PUR SANG	5	1	1	11818,00	5317,00	17135,00	2363,60	345
KING WOOD	3	H	PUR SANG	9	2	4	11815,00	8861,00	20676,00	1312,78	250
QUE BELLA	4	F	PUR SANG	3	1	1	11813,00	0,00	11813,00	3937,67	305
MEDITERRANEA BLUES	9	H	PUR SANG	7	1	3	11786,00	5303,00	17089,00	1683,71	265
GOLDEN STATE	5	H	PUR SANG	10	1	5	11784,00	5300,00	17084,00	1178,40	235
MOUTRAKI	8	H	PUR SANG	7	1	4	11784,00	0,00	11784,00	1683,43	255
PRAY FOR HOPE	4	F	PUR SANG	12	1	8	11770,00	5294,00	17064,00	980,83	170
BELLA CRACK	3	F	PUR SANG	9	0	8	11765,00	8822,00	20587,00	1307,22	285
FLOWERY COAST	4	F	PUR SANG	7	1	3	11760,00	5291,00	17051,00	1680,00	215
AUSTRALASIA	3	F	PUR SANG	2	1	1	11760,00	8820,00	20580,00	5880,00	365
BOJANGLES	5	H	PUR SANG	4	1	3	11752,00	5288,00	17040,00	2938,00	215
OFFICINE	2	F	PUR SANG	3	1	1	11744,00	8808,00	20552,00	3914,67	375
LA VALE	5	F	PUR SANG	8	2	4	11736,00	5280,00	17016,00	1467,00	565
OBLINSKHA	2	F	PUR SANG	3	1	2	11734,00	8799,00	20533,00	3911,33	360
LA BELLE OTERO	3	F	PUR SANG	9	1	4	11732,00	8797,00	20529,00	1303,56	260
WAYZATA MIST	3	H	PUR SANG	6	0	5	11732,00	8797,00	20529,00	1955,33	350
SEE THE LIGHT	6	H	PUR SANG	7	0	6	11706,00	5264,00	16970,00	1672,29	300
DSCHINGIS DREAM	5	M	PUR SANG	5	1	2	11701,00	5265,00	16966,00	2340,20	385
MARQUISE DES ILES	3	F	PUR SANG	6	2	4	11700,00	8775,00	20475,00	1950,00	550
ARTURO	7	H	PUR SANG	7	1	3	11694,00	5261,00	16955,00	1670,57	295
MIMOSA DES SOURCES	4	H	PUR SANG	7	1	6	11694,00	3821,00	15515,00	1670,57	280
TENYEARSAFTER	5	H	PUR SANG	16	0	8	11689,00	5257,00	16946,00	730,56	190
EN CHANTANT	2	F	PUR SANG	5	1	2	11688,00	8765,00	20453,00	2337,60	380
HARMATTAN	6	H	PUR SANG	7	1	5	11687,00	5258,00	16945,00	1669,57	245
WALLY	9	H	PUR SANG	4	1	2	11687,00	5257,00	16944,00	2921,75	410
GYPSEA	2	F	PUR SANG	6	2	3	11685,00	8763,00	20448,00	1947,50	340
NOVA LUXOR	3	H	PUR SANG	4	0	4	11685,00	8762,00	20447,00	2921,25	370
LUCAS TREZY	7	H	PUR SANG	10	1	6	11675,00	5252,00	16927,00	1167,50	190
RASSENI CHOP	3	H	PUR SANG	6	1	3	11670,00	8752,00	20422,00	1945,00	340
MASTER CATH	4	M	PUR SANG	6	0	6	11665,00	5245,00	16910,00	1944,17	405
CHARM WRENS	7	F	PUR SANG	6	1	3	11664,00	5248,00	16912,00	1944,00	225
LOUIS SKI	7	H	PUR SANG	3	1	1	11648,00	5241,00	16889,00	3882,67	305
GRAND TERROIR	4	M	PUR SANG	4	1	3	11647,00	5239,00	16886,00	2911,75	315
SILVER CONDOR	10	H	PUR SANG	13	1	3	11646,00	5240,00	16886,00	895,85	165
ECLAIR DE VATI	8	H	PUR SANG	8	1	5	11646,00	5238,00	16884,00	1455,75	155
MARTIN	5	H	PUR SANG	9	1	4	11644,00	5239,00	16883,00	1293,78	325
THE LITTLE SWAN	3	F	PUR SANG	6	0	5	11628,00	8719,00	20347,00	1938,00	355
I LIKED IT	3	H	PUR SANG	9	1	3	11625,00	8718,00	20343,00	1291,67	265
RISING UP	6	M	PUR SANG	10	1	5	11622,00	5228,00	16850,00	1162,20	235
REVEUR	3	H	PUR SANG	4	1	2	11616,00	8712,00	20328,00	2904,00	345
SHATIVA	3	F	PUR SANG	9	1	5	11612,00	8707,00	20319,00	1290,22	255
LAILISSA	2	F	PUR SANG	2	0	2	11604,00	8702,00	20306,00	5802,00	
AMIRLAN	3	H	PUR SANG	8	0	7	11591,00	0,00	11591,00	1448,88	305
BECHO	8	F	PUR SANG	12	1	6	11589,00	5212,00	16801,00	965,75	190
CHARMING CAT	3	M	PUR SANG	7	1	2	11584,00	8686,00	20270,00	1654,86	280
STARNBERG	4	H	PUR SANG	8	0	7	11582,00	5210,00	16792,00	1447,75	380
BOIS REGNY	4	H	PUR SANG	8	1	6	11574,00	5205,00	16779,00	1446,75	320
LONG KE WAN	6	F	PUR SANG	7	1	4	11570,00	5204,00	16774,00	1652,86	300
MAKING WAVES	4	F	PUR SANG	5	1	4	11566,00	5204,00	16770,00	2313,20	230
AIR DE SAMBA	4	F	PUR SANG	11	0	5	11557,00	5198,00	16755,00	1050,64	220
BELBEST FAL	3	F	PUR SANG	8	2	2	11550,00	8662,00	20212,00	1443,75	250
LA PORTUGAISE	5	F	PUR SANG	13	1	4	11550,00	5197,00	16747,00	888,46	180
ROYAL ETINCELLE	6	H	PUR SANG	5	3	1	11540,00	5193,00	16733,00	2308,00	585
BLANC BLEU	8	H	PUR SANG	12	1	3	11537,00	5191,00	16728,00	961,42	260
BAIKAL	9	H	PUR SANG	6	2	2	11530,00	3613,00	15143,00	1921,67	270
KATA TJUTA	2	F	PUR SANG	6	0	6	11528,00	8644,00	20172,00	1921,33	375
BOAVISTA	4	F	PUR SANG	11	0	8	11501,00	5173,00	16674,00	1045,55	255
SENORITO	4	H	PUR SANG	6	1	3	11500,00	5174,00	16674,00	1916,67	365
GALA	4	F	PUR SANG	5	1	2	11496,00	5172,00	16668,00	2299,20	380
SHARK SAMURAI	7	H	PUR SANG	4	1	3	11489,00	5169,00	16658,00	2872,25	345
GOKITA	2	F	PUR SANG	6	0	5	11489,00	8615,00	20104,00	1914,83	340
TRUST ON	4	M	PUR SANG	4	0	2	11485,00	5168,00	16653,00	2871,25	495
LHOMMAIZE	6	H	PUR SANG	3	1	2	11467,00	5158,00	16625,00	3822,33	295
UNFURLED	4	H	PUR SANG	10	0	7	11462,00	5154,00	16616,00	1146,20	285
MUHAARIA	3	F	PUR SANG	5	0	4	11456,00	8592,00	20048,00	2291,20	350
POET'S BLACK	9	H	PUR SANG	14	1	6	11452,00	5151,00	16603,00	818,00	150
TESTIPEDRO	8	H	PUR SANG	6	1	4	11449,00	5151,00	16600,00	1908,17	195
ARKEN	3	F	PUR SANG	5	0	5	11443,00	8582,00	20025,00	2288,60	295
FAIRY GLEN	5	F	PUR SANG	1	0	1	11440,00	0,00	11440,00	11440,00	505
LAMBOURN	4	M	PUR SANG	1	0	1	11440,00	0,00	11440,00	11440,00	540
THOR LIGHTNING	5	M	PUR SANG	3	1	1	11431,00	5143,00	16574,00	3810,33	420
J'AIME MA REINE	7	F	PUR SANG	6	2	4	11430,00	5143,00	16573,00	1905,00	550
CEMBALLO	5	H	PUR SANG	4	0	4	11424,00	0,00	11424,00	2856,00	230
SANDRO GOLD	6	H	PUR SANG	10	2	6	11420,00	5138,00	16558,00	1142,00	570
MARTAGHALYA	3	F	PUR SANG	6	1	2	11412,00	7434,00	18846,00	1902,00	335
NYMPHENBURG	2	M	PUR SANG	6	1	4	11391,00	8542,00	19933,00	1898,50	330
OTOMAI	4	M	PUR SANG	10	0	5	11390,00	5123,00	16513,00	1139,00	325
BON DERNIER	4	M	PUR SANG	6	0	5	11389,00	5122,00	16511,00	1898,17	310
ZELICA	5	F	PUR SANG	14	0	11	11388,00	4952,00	16340,00	813,43	175
ALEKSANDROVKA	3	F	PUR SANG	11	1	8	11374,00	8528,00	19902,00	1034,00	240
IT'S EAGLE	5	H	PUR SANG	3	0	3	11358,00	5109,00	16467,00	3786,00	310
BENIMARU	5	H	PUR SANG	8	1	2	11353,00	5107,00	16460,00	1419,13	280
WICKBURY	4	F	PUR SANG	12	1	4	11352,00	5107,00	16459,00	946,00	265
BANKHOVSKI	3	H	PUR SANG	8	0	7	11339,00	8502,00	19841,00	1417,38	330
SCHACHEN	3	F	PUR SANG	6	0	5	11329,00	0,00	11329,00	1888,17	350
GO GO BLITZ	7	H	PUR SANG	3	1	2	11326,00	5096,00	16422,00	3775,33	160
MAITRE D'ARMES	5	H	PUR SANG	5	1	2	11321,00	5093,00	16414,00	2264,20	280
ZYGFRYD	8	H	PUR SANG	12	0	7	11315,00	5089,00	16404,00	942,92	160
MAHJOUBA	4	F	PUR SANG	13	0	8	11310,00	5086,00	16396,00	870,00	240
MARTINELLI	3	F	PUR SANG	8	0	5	11300,00	8100,00	19400,00	1412,50	340
KISSAKO	4	F	PUR SANG	4	1	2	11273,00	5072,00	16345,00	2818,25	295
NASHOBA	3	H	PUR SANG	6	1	3	11263,00	8446,00	19709,00	1877,17	350
SARI MAN	3	H	PUR SANG	8	0	8	11250,00	3468,00	14718,00	1406,25	250
COMME QUOI	5	H	PUR SANG	7	0	6	11249,00	5059,00	16308,00	1607,00	380
GUINESS STAR	6	M	PUR SANG	3	0	3	11247,00	5059,00	16306,00	3749,00	365
WHY AM I BEAUTIFUL	3	F	PUR SANG	7	0	6	11236,00	8427,00	19663,00	1605,14	315
LA GUERCHE	5	F	PUR SANG	6	0	5	11232,00	5052,00	16284,00	1872,00	350
IN CARE OF	3	M	PUR SANG	6	0	6	11227,00	8419,00	19646,00	1871,17	340
READY KING	5	H	PUR SANG	10	1	5	11212,00	5042,00	16254,00	1121,20	240
MY DARLING	7	F	PUR SANG	10	0	10	11208,00	5041,00	16249,00	1120,80	205
SIGHISH	3	F	PUR SANG	4	0	4	11190,00	8389,00	19579,00	2797,50	340
PERSUASIF	3	H	PUR SANG	3	1	1	11185,00	8388,00	19573,00	3728,33	360
ETRE	4	F	PUR SANG	8	0	7	11183,00	5030,00	16213,00	1397,88	265
MAJOIE	3	F	PUR SANG	5	1	3	11182,00	8386,00	19568,00	2236,40	325
SILGREYPIT	4	F	PUR SANG	8	0	6	11165,00	5020,00	16185,00	1395,63	310
INKIOSTRO	6	F	PUR SANG	2	1	1	11157,00	5020,00	16177,00	5578,50	250
WANAKA	2	M	PUR SANG	3	0	3	11150,00	8360,00	19510,00	3716,67	360
HONGUEMARE	7	F	PUR SANG	11	0	9	11147,00	5011,00	16158,00	1013,36	270
EAST GREY	4	F	PUR SANG	3	1	1	11136,00	5011,00	16147,00	3712,00	345
MATAKI	3	M	PUR SANG	6	1	5	11136,00	8350,00	19486,00	1856,00	370
VOYAGE OLYMPIQUE	3	F	PUR SANG	13	0	10	11130,00	8344,00	19474,00	856,15	255
VERDANSK	6	H	PUR SANG	2	1	1	11128,00	0,00	11128,00	5564,00	340
ZEN POETRY	2	M	PUR SANG	2	0	2	11116,00	8335,00	19451,00	5558,00	
IL CAPO	5	H	PUR SANG	11	0	7	11102,00	4992,00	16094,00	1009,27	330
BECQUATHUNDER	9	H	PUR SANG	5	1	3	11090,00	4989,00	16079,00	2218,00	260
DIWAN SENORA	13	M	PUR SANG	6	1	4	11088,00	4989,00	16077,00	1848,00	205
KHAMEPHIS GAME	6	H	PUR SANG	4	1	1	11076,00	4983,00	16059,00	2769,00	320
CHILLS	4	F	PUR SANG	3	1	2	11066,00	0,00	11066,00	3688,67	260
INTENTION BORGET	4	F	PUR SANG	7	1	4	11061,00	4976,00	16037,00	1580,14	260
WHITE PLATIN	8	H	PUR SANG	8	0	5	11054,00	4971,00	16025,00	1381,75	325
GYMNAST	3	H	PUR SANG	5	1	2	11051,00	8288,00	19339,00	2210,20	315
STARGATOR	3	F	PUR SANG	4	1	2	11051,00	0,00	11051,00	2762,75	360
WILD N'BEAUTIFUL	5	H	PUR SANG	2	1	0	11050,00	4972,00	16022,00	5525,00	235
FAVOLO	4	H	PUR SANG	3	1	0	11050,00	4972,00	16022,00	3683,33	320
EL JEQUE	3	M	PUR SANG	2	1	0	11050,00	0,00	11050,00	5525,00	
MIDNIGHT RODEO	3	H	PUR SANG	1	1	0	11050,00	0,00	11050,00	11050,00	
BECQUANIENTE	6	F	PUR SANG	5	1	4	11045,00	4968,00	16013,00	2209,00	265
XTRAMOUR	3	H	PUR SANG	5	1	2	11044,00	8283,00	19327,00	2208,80	325
LETTYT FIGHT	9	H	PUR SANG	7	0	4	11038,00	4965,00	16003,00	1576,86	270
AUSTRALIPS	3	F	PUR SANG	8	1	6	11033,00	8272,00	19305,00	1379,13	290
DETESNOUVELLES	7	F	PUR SANG	10	1	4	11023,00	4284,00	15307,00	1102,30	170
SEA NYMPH	3	F	PUR SANG	5	1	3	11022,00	0,00	11022,00	2204,40	375
CELANOKEN	4	H	PUR SANG	10	0	6	11019,00	4956,00	15975,00	1101,90	235
IMPERIAL CHOPE	3	F	PUR SANG	9	1	6	11018,00	6387,00	17405,00	1224,22	230
ZULU WARRIOR	6	H	PUR SANG	6	1	2	11007,00	4952,00	15959,00	1834,50	385
THE DIG	7	H	PUR SANG	6	1	4	11004,00	4950,00	15954,00	1834,00	215
INCENTIVE GLORY	3	F	PUR SANG	5	2	1	10986,00	8238,00	19224,00	2197,20	290
DINO	4	M	PUR SANG	2	0	1	10980,00	4941,00	15921,00	5490,00	470
WAFEI	5	H	PUR SANG	2	0	1	10980,00	0,00	10980,00	5490,00	460
VELIKAYA	4	F	PUR SANG	1	0	1	10980,00	4941,00	15921,00	10980,00	445
DARK TROOPER	6	H	PUR SANG	2	0	2	10980,00	0,00	10980,00	5490,00	490
LIGHT THE GHOST	4	F	PUR SANG	2	0	1	10980,00	0,00	10980,00	5490,00	490
LA BRODEUSE	4	F	PUR SANG	1	0	1	10980,00	0,00	10980,00	10980,00	450
TENABILITY	4	H	PUR SANG	1	0	1	10980,00	0,00	10980,00	10980,00	495
ISLE OF FERNANDEZ	3	F	PUR SANG	2	0	1	10980,00	0,00	10980,00	5490,00	455
HARDY WARRIOR	3	M	PUR SANG	1	0	1	10980,00	0,00	10980,00	10980,00	485
ARMOR SUPREME	2	F	PUR SANG	1	0	1	10980,00	0,00	10980,00	10980,00	435
LIGHT OF DAWN	2	F	PUR SANG	1	0	1	10980,00	0,00	10980,00	10980,00	
TOP GLORY	8	H	PUR SANG	12	1	4	10972,00	4936,00	15908,00	914,33	180
GEOPOLITICAL	4	H	PUR SANG	6	1	3	10967,00	4933,00	15900,00	1827,83	340
DADIDOM	8	H	PUR SANG	11	1	8	10960,00	4932,00	15892,00	996,36	610
HAPPY HUNTER	6	H	PUR SANG	9	1	3	10951,00	4926,00	15877,00	1216,78	270
KELCE	4	H	PUR SANG	3	2	1	10950,00	3127,00	14077,00	3650,00	330
COCOA	9	F	PUR SANG	8	1	3	10950,00	4252,00	15202,00	1368,75	185
DANELO	8	H	PUR SANG	4	1	2	10950,00	0,00	10950,00	2737,50	340
SANAWARI	3	H	PUR SANG	8	0	6	10950,00	8212,00	19162,00	1368,75	330
IDEE DE CHEVAL	6	H	PUR SANG	11	0	5	10946,00	4923,00	15869,00	995,09	260
WITE TOAST	3	F	PUR SANG	3	0	3	10944,00	0,00	10944,00	3648,00	290
TENDER THOUGHTS	5	F	PUR SANG	10	0	8	10940,00	4920,00	15860,00	1094,00	235
WOODY FRANGIPANI	3	F	PUR SANG	3	1	1	10920,00	8190,00	19110,00	3640,00	370
AYKIB	3	F	PUR SANG	11	1	9	10920,00	8190,00	19110,00	992,73	490
ZARTOP	4	H	PUR SANG	11	0	9	10913,00	4907,00	15820,00	992,09	245
NEW GROUND	4	H	PUR SANG	2	0	2	10912,00	0,00	10912,00	5456,00	490
JUST YET	2	F	PUR SANG	2	1	1	10911,00	0,00	10911,00	5455,50	
GOYA SENORA	10	H	PUR SANG	3	0	3	10889,00	4899,00	15788,00	3629,67	470
FOLLOW YOU	7	H	PUR SANG	14	1	6	10887,00	4897,00	15784,00	777,64	510
BRIVIDO MOON	4	M	PUR SANG	6	1	2	10873,00	4892,00	15765,00	1812,17	240
FELIX FELICIS	6	H	PUR SANG	5	1	2	10863,00	4887,00	15750,00	2172,60	255
ESSAI TRANSFORME	8	H	PUR SANG	6	1	1	10862,00	4887,00	15749,00	1810,33	265
SUR LA LUNE	3	F	PUR SANG	2	1	1	10854,00	8140,00	18994,00	5427,00	
MON FAVORI	4	H	PUR SANG	6	0	4	10850,00	4881,00	15731,00	1808,33	320
ASSYRIE	3	F	PUR SANG	6	0	5	10850,00	8134,00	18984,00	1808,33	340
MAGIC INSPIRATION	2	F	PUR SANG	3	0	3	10843,00	8131,00	18974,00	3614,33	375
ABELARD F	8	M	PUR SANG	5	1	3	10829,00	0,00	10829,00	2165,80	370
SPIRIT OF DANCE	10	H	PUR SANG	9	1	4	10821,00	4553,00	15374,00	1202,33	220
ASIMA	2	F	PUR SANG	3	1	1	10815,00	8111,00	18926,00	3605,00	370
LA PELEMOISE	7	F	PUR SANG	7	2	3	10797,00	4857,00	15654,00	1542,43	275
WIT	4	H	PUR SANG	3	1	2	10794,00	0,00	10794,00	3598,00	395
CHEVALDOR	4	H	PUR SANG	5	1	4	10790,00	0,00	10790,00	2158,00	340
TREZY CREME	3	F	PUR SANG	3	1	2	10788,00	8091,00	18879,00	3596,00	335
DIOPTASE	4	H	PUR SANG	4	0	3	10780,00	4848,00	15628,00	2695,00	425
GLOW UP	3	F	PUR SANG	7	1	3	10778,00	8082,00	18860,00	1539,71	270
EXTRAPOL	4	H	PUR SANG	8	1	4	10763,00	4842,00	15605,00	1345,38	300
EBIYAR	3	M	PUR SANG	4	0	3	10752,00	8064,00	18816,00	2688,00	410
XILOFONO	5	H	PUR SANG	7	0	4	10747,00	4834,00	15581,00	1535,29	350
STANTO	11	H	PUR SANG	4	1	2	10746,00	4835,00	15581,00	2686,50	230
HARICOT	4	M	PUR SANG	2	1	1	10738,00	4832,00	15570,00	5369,00	400
SUGAR DADDY	3	H	PUR SANG	10	1	4	10738,00	8053,00	18791,00	1073,80	305
DHIFFUSHI	3	F	PUR SANG	5	1	2	10729,00	8046,00	18775,00	2145,80	305
LANDARYNA	8	F	PUR SANG	14	0	8	10729,00	4826,00	15555,00	766,36	160
NOUSDEUX	5	F	PUR SANG	11	0	7	10705,00	4813,00	15518,00	973,18	285
LE LEGIONNAIRE	3	M	PUR SANG	7	0	7	10701,00	8024,00	18725,00	1528,71	370
ZOOM CHOP	7	H	PUR SANG	6	1	4	10698,00	4812,00	15510,00	1783,00	330
BY FAR	5	H	PUR SANG	7	1	3	10694,00	4810,00	15504,00	1527,71	255
CALA ROSSA	4	F	PUR SANG	10	1	6	10694,00	4809,00	15503,00	1069,40	295
SIAM PARAGON	7	H	PUR SANG	3	0	3	10687,00	4808,00	15495,00	3562,33	450
NO REMORSE	3	H	PUR SANG	5	0	5	10680,00	8007,00	18687,00	2136,00	355
SHADE	6	H	PUR SANG	8	0	7	10671,00	4799,00	15470,00	1333,88	205
HUCHENANE	5	H	PUR SANG	6	1	2	10669,00	4800,00	15469,00	1778,17	325
KATHALINA	7	F	PUR SANG	7	1	2	10659,00	4796,00	15455,00	1522,71	245
ORION CLASS	4	F	PUR SANG	7	1	3	10648,00	4791,00	15439,00	1521,14	275
DIVINE IDYLLE	4	F	PUR SANG	6	2	3	10640,00	4788,00	15428,00	1773,33	510
ULTRAFRAGOLA	4	F	PUR SANG	2	1	1	10630,00	0,00	10630,00	5315,00	430
SIGNORA BELLISSIMA	6	F	PUR SANG	4	1	1	10626,00	0,00	10626,00	2656,50	300
OCRA	3	F	PUR SANG	9	0	5	10625,00	7968,00	18593,00	1180,56	305
VALENTIA	3	F	PUR SANG	2	1	1	10624,00	7968,00	18592,00	5312,00	335
L'ABBAYE	3	F	PUR SANG	8	0	6	10616,00	7960,00	18576,00	1327,00	330
BREIZH SKY	6	H	PUR SANG	8	0	5	10614,00	4775,00	15389,00	1326,75	420
TANASSANG	5	F	PUR SANG	9	2	5	10600,00	4770,00	15370,00	1177,78	565
TRESOR MAGNIFIQUE	3	H	PUR SANG	3	1	1	10600,00	7950,00	18550,00	3533,33	365
AUCOEURDELANUIT	6	H	PUR SANG	10	0	5	10572,00	4217,00	14789,00	1057,20	275
NIKOLAJ	6	M	PUR SANG	5	0	5	10560,00	4749,00	15309,00	2112,00	360
LOTUS	3	F	PUR SANG	6	1	2	10555,00	0,00	10555,00	1759,17	340
MYSTIC	7	H	PUR SANG	1	1	0	10550,00	4747,00	15297,00	10550,00	295
E VA BIN	7	M	PUR SANG	7	1	0	10550,00	0,00	10550,00	1507,14	290
NEW PEARL	3	F	PUR SANG	8	0	4	10550,00	7912,00	18462,00	1318,75	270
EXCELSIOR	7	H	PUR SANG	9	1	4	10547,00	4744,00	15291,00	1171,89	280
GRAN HABANO	4	H	PUR SANG	9	0	8	10536,00	0,00	10536,00	1170,67	295
JOYCE GALESTE	7	F	PUR SANG	9	1	3	10529,00	4736,00	15265,00	1169,89	245
ENFANT PARADIS	2	F	PUR SANG	10	0	6	10519,00	7887,00	18406,00	1051,90	315
ALAVESA	4	F	PUR SANG	2	1	1	10512,00	0,00	10512,00	5256,00	330
PIPPEN	2	M	PUR SANG	6	1	4	10511,00	7882,00	18393,00	1751,83	350
PACTIMACE	3	M	PUR SANG	1	1	0	10500,00	7875,00	18375,00	10500,00	370
HARMONIZE	3	F	PUR SANG	2	1	0	10500,00	7875,00	18375,00	5250,00	
COME CHOPE	2	F	PUR SANG	1	1	0	10500,00	7875,00	18375,00	10500,00	
KIRRIKA QUEEN	2	F	PUR SANG	1	1	0	10500,00	7875,00	18375,00	10500,00	
INFINITY MOON	2	F	PUR SANG	1	1	0	10500,00	7875,00	18375,00	10500,00	
KRISTOLYX	2	M	PUR SANG	1	1	0	10500,00	7875,00	18375,00	10500,00	
CEZEMBRE	2	F	PUR SANG	1	1	0	10500,00	7875,00	18375,00	10500,00	
IMMORTAL ROSE	2	F	PUR SANG	1	1	0	10500,00	0,00	10500,00	10500,00	
TEVERE	3	F	PUR SANG	8	0	4	10497,00	7870,00	18367,00	1312,13	325
ANNA RENZI	3	F	PUR SANG	4	1	1	10488,00	0,00	10488,00	2622,00	340
VADIRUM	7	H	PUR SANG	3	1	1	10486,00	4718,00	15204,00	3495,33	380
STARRY SKY	3	M	PUR SANG	3	1	2	10484,00	0,00	10484,00	3494,67	310
AND WE DANCED	7	F	PUR SANG	14	0	10	10481,00	4354,00	14835,00	748,64	190
DANCE GONE	3	F	PUR SANG	4	0	4	10480,00	7857,00	18337,00	2620,00	380
OCALA	3	F	PUR SANG	4	1	3	10473,00	7854,00	18327,00	2618,25	350
LUCERO	5	H	PUR SANG	13	1	4	10470,00	4710,00	15180,00	805,38	235
SQUARE D'ANVERS	3	H	PUR SANG	5	1	1	10470,00	7852,00	18322,00	2094,00	345
KALEOCREEK	5	H	PUR SANG	9	1	4	10462,00	4706,00	15168,00	1162,44	260
SIMPLYTHEBEST	3	H	PUR SANG	9	0	8	10455,00	7839,00	18294,00	1161,67	230
CERVARO	7	H	PUR SANG	9	0	7	10452,00	4700,00	15152,00	1161,33	245
MON VIEUX LEON	8	H	PUR SANG	3	1	2	10439,00	4697,00	15136,00	3479,67	335
BALKADISHA	3	F	PUR SANG	3	1	2	10436,00	0,00	10436,00	3478,67	340
TRUE TEDESCO	7	H	PUR SANG	7	0	2	10435,00	0,00	10435,00	1490,71	355
XCLUSIVITE	4	F	PUR SANG	3	2	1	10430,00	4693,00	15123,00	3476,67	320
HIGHFIELD HEIRESS	5	F	PUR SANG	7	1	3	10422,00	4689,00	15111,00	1488,86	180
VICTOR VITAE	3	H	PUR SANG	5	1	1	10407,00	7804,00	18211,00	2081,40	395
LE LANDIN	3	H	PUR SANG	7	0	6	10401,00	7800,00	18201,00	1485,86	340
BOLT OF BLUE	2	M	PUR SANG	1	0	1	10400,00	0,00	10400,00	10400,00	
SAN MARCO	3	H	PUR SANG	3	1	2	10390,00	0,00	10390,00	3463,33	355
SAMBA	6	F	PUR SANG	9	1	3	10383,00	4671,00	15054,00	1153,67	210
MAC TYSON	3	H	PUR SANG	8	0	6	10374,00	7778,00	18152,00	1296,75	280
WITH LOVE GRACE	3	F	PUR SANG	3	1	1	10368,00	7776,00	18144,00	3456,00	375
ROCCAMARE	3	F	PUR SANG	3	1	1	10368,00	7776,00	18144,00	3456,00	380
YAMANAKA	4	H	PUR SANG	3	1	2	10366,00	4663,00	15029,00	3455,33	350
THE BLACK STONE	3	H	PUR SANG	8	0	6	10344,00	7755,00	18099,00	1293,00	330
SHACKLETON	4	H	PUR SANG	9	0	7	10333,00	4646,00	14979,00	1148,11	250
CAMELARUA	4	F	PUR SANG	10	0	7	10319,00	4640,00	14959,00	1031,90	250
MONEY MONEY	6	H	PUR SANG	5	1	3	10313,00	4640,00	14953,00	2062,60	240
VARESI	3	H	PUR SANG	5	0	4	10312,00	0,00	10312,00	2062,40	315
DARINICE	3	F	PUR SANG	2	1	1	10310,00	7732,00	18042,00	5155,00	345
NOVA KEN	5	F	PUR SANG	7	1	3	10293,00	4629,00	14922,00	1470,43	295
I'M A BELIEVER	6	H	PUR SANG	9	0	2	10288,00	4628,00	14916,00	1143,11	310
STORMY DONALD	4	H	PUR SANG	8	1	1	10286,00	4628,00	14914,00	1285,75	330
TOSCANE TEMPLE	6	F	PUR SANG	5	1	3	10285,00	4628,00	14913,00	2057,00	185
SKYWOOD	4	H	PUR SANG	6	1	4	10284,00	4625,00	14909,00	1714,00	280
SOUVENIR D'ECAJEUL	5	M	PUR SANG	7	1	3	10282,00	4626,00	14908,00	1468,86	345
SISSI IMPERATRICE	4	F	PUR SANG	13	1	6	10272,00	4621,00	14893,00	790,15	195
KIRBY	5	H	PUR SANG	10	0	5	10271,00	4618,00	14889,00	1027,10	280
DRIP	7	M	PUR SANG	7	1	2	10269,00	4620,00	14889,00	1467,00	270
WHY NOT	2	F	PUR SANG	4	0	4	10265,00	7697,00	17962,00	2566,25	375
MANDOKI	6	H	PUR SANG	9	1	3	10247,00	4610,00	14857,00	1138,56	230
KERHOULEN	2	M	PUR SANG	2	1	1	10246,00	7684,00	17930,00	5123,00	
IRTYCH	5	H	PUR SANG	8	0	5	10246,00	4609,00	14855,00	1280,75	245
FOLIE MEME	3	F	PUR SANG	10	1	4	10244,00	7682,00	17926,00	1024,40	280
VAS Y LEZ	4	F	PUR SANG	13	0	10	10241,00	4244,00	14485,00	787,77	190
BLACK HENGE	3	H	PUR SANG	6	1	2	10238,00	7677,00	17915,00	1706,33	270
EYWA	4	F	PUR SANG	11	0	9	10232,00	4601,00	14833,00	930,18	240
THE LAST FOAL	4	H	PUR SANG	5	1	3	10228,00	4600,00	14828,00	2045,60	255
ESTIMA	3	F	PUR SANG	3	1	2	10226,00	7668,00	17894,00	3408,67	370
EAGLE GATE	4	H	PUR SANG	7	1	3	10212,00	4594,00	14806,00	1458,86	300
X RAYS	5	H	PUR SANG	3	1	2	10212,00	4594,00	14806,00	3404,00	415
MISSION D'ESPOIR	4	F	PUR SANG	7	0	5	10212,00	4593,00	14805,00	1458,86	280
BARISTO	3	M	PUR SANG	5	1	4	10207,00	7653,00	17860,00	2041,40	340
GOOD QUESTION	11	H	PUR SANG	17	1	4	10178,00	4578,00	14756,00	598,71	190
ROSA MIA	3	F	PUR SANG	4	1	2	10167,00	7624,00	17791,00	2541,75	310
COUNTRY CLUB	3	H	PUR SANG	10	0	6	10162,00	7620,00	17782,00	1016,20	275
FIRST DREM	8	F	PUR SANG	12	1	6	10160,00	3244,00	13404,00	846,67	170
CHANAZ	5	H	PUR SANG	4	1	2	10152,00	4568,00	14720,00	2538,00	225
TO NIGHT MOON	3	M	PUR SANG	10	0	9	10142,00	7606,00	17748,00	1014,20	225
BONNY WAY	5	F	PUR SANG	8	0	6	10136,00	4560,00	14696,00	1267,00	240
SAPHO	4	F	PUR SANG	5	0	5	10134,00	4558,00	14692,00	2026,80	280
HAVANA SIX	7	F	PUR SANG	10	0	7	10129,00	4556,00	14685,00	1012,90	285
BANMA	4	F	PUR SANG	10	2	2	10125,00	1181,00	11306,00	1012,50	180
AUDELADESETOILES	4	F	PUR SANG	13	1	3	10122,00	4554,00	14676,00	778,62	240
DREAM OP FAL	4	M	PUR SANG	11	0	9	10114,00	3829,00	13943,00	919,45	320
TROPA	3	H	PUR SANG	1	1	0	10100,00	7575,00	17675,00	10100,00	315
CLOUD MAN	8	H	PUR SANG	8	0	8	10089,00	4538,00	14627,00	1261,13	190
CAMBRONNE	6	H	PUR SANG	4	0	3	10084,00	4536,00	14620,00	2521,00	440
EXELMANS	3	F	PUR SANG	5	0	4	10084,00	7562,00	17646,00	2016,80	340
LITTLE LADY	4	F	PUR SANG	8	1	4	10083,00	4536,00	14619,00	1260,38	270
KITSUNE	3	F	PUR SANG	6	1	1	10080,00	7560,00	17640,00	1680,00	310
OVER GROUND	3	H	PUR SANG	6	1	4	10070,00	7552,00	17622,00	1678,33	260
CAP SANTA LUCIA	3	F	PUR SANG	1	0	1	10060,00	7545,00	17605,00	10060,00	440
LAND OF LIBERTY	3	F	PUR SANG	4	0	1	10060,00	7545,00	17605,00	2515,00	425
BINTWARD	3	F	PUR SANG	1	0	1	10060,00	0,00	10060,00	10060,00	
BLINGY'S SISTER	3	F	PUR SANG	2	0	1	10060,00	0,00	10060,00	5030,00	410
LADY DORA MAE	3	F	PUR SANG	1	0	1	10060,00	0,00	10060,00	10060,00	430
GOOD GIFT	7	H	PUR SANG	1	1	0	10050,00	4522,00	14572,00	10050,00	475
SERIE	6	F	PUR SANG	1	1	0	10050,00	4522,00	14572,00	10050,00	425
HADITOUNI	3	H	PUR SANG	7	1	3	10050,00	7537,00	17587,00	1435,71	320
BLACK MOR	3	H	PUR SANG	1	1	0	10050,00	7537,00	17587,00	10050,00	
MADAME LY	3	F	PUR SANG	2	1	0	10050,00	7537,00	17587,00	5025,00	440
MADRIDISTA	3	M	PUR SANG	1	1	0	10050,00	7537,00	17587,00	10050,00	410
DARYOURA	3	F	PUR SANG	1	1	0	10050,00	7537,00	17587,00	10050,00	
DIHYA	3	F	PUR SANG	1	1	0	10050,00	7537,00	17587,00	10050,00	
DARZAKIR	3	H	PUR SANG	1	1	0	10050,00	7537,00	17587,00	10050,00	
BALAKIREV	3	H	PUR SANG	2	1	0	10050,00	7537,00	17587,00	5025,00	
HOLLOW LEGS	3	F	PUR SANG	1	1	0	10050,00	0,00	10050,00	10050,00	
DANCE DE LUNE	3	F	PUR SANG	5	0	4	10050,00	7535,00	17585,00	2010,00	315
GO KEN GO	3	M	PUR SANG	10	0	6	10046,00	7534,00	17580,00	1004,60	330
JAWWAL	4	H	PUR SANG	5	0	2	10042,00	4518,00	14560,00	2008,40	470
STELA TREZY	3	F	PUR SANG	3	1	1	10040,00	7529,00	17569,00	3346,67	355
SAY MY NAME	2	F	PUR SANG	6	0	4	10037,00	7526,00	17563,00	1672,83	315
MISTER GAN	5	H	PUR SANG	5	1	1	10035,00	0,00	10035,00	2007,00	250
VERSION COX	6	F	PUR SANG	9	1	5	10014,00	4033,00	14047,00	1112,67	220
TOLEO	3	H	PUR SANG	9	0	5	10008,00	7504,00	17512,00	1112,00	275
PROPRE SOEUR	5	F	PUR SANG	7	1	3	10006,00	4502,00	14508,00	1429,43	255
MAVILLA TROIS	4	F	PUR SANG	9	1	4	9997,00	4496,00	14493,00	1110,78	230
BLACK THUNDER	3	H	PUR SANG	8	0	7	9990,00	7491,00	17481,00	1248,75	335
CARTHAGINOIS	3	H	PUR SANG	4	1	1	9984,00	7488,00	17472,00	2496,00	320
SAPRISTI	6	H	PUR SANG	6	1	1	9972,00	4487,00	14459,00	1662,00	335
BELLE HARMONIE	3	F	PUR SANG	3	0	3	9961,00	7468,00	17429,00	3320,33	370
ENIGMATIC	3	M	PUR SANG	6	1	3	9922,00	3691,00	13613,00	1653,67	320
STANGHELI	5	H	PUR SANG	6	0	3	9922,00	4463,00	14385,00	1653,67	350
MISS THERIA	4	F	PUR SANG	7	1	4	9921,00	2303,00	12224,00	1417,29	275
JAZZMEN	9	H	PUR SANG	5	1	1	9920,00	4464,00	14384,00	1984,00	275
JANAH	4	F	PUR SANG	3	1	2	9916,00	4461,00	14377,00	3305,33	340
FIRE DRAGON	3	F	PUR SANG	3	1	1	9901,00	7425,00	17326,00	3300,33	335
RISUENA	5	F	PUR SANG	2	1	1	9900,00	4454,00	14354,00	4950,00	320
NOVA MOON	3	F	PUR SANG	4	1	2	9894,00	7419,00	17313,00	2473,50	370
DURO	3	H	PUR SANG	2	1	1	9888,00	7416,00	17304,00	4944,00	
MERCURIUS	5	H	PUR SANG	8	2	5	9880,00	4446,00	14326,00	1235,00	645
MR RIEM	8	H	PUR SANG	7	1	3	9867,00	4439,00	14306,00	1409,57	250
RODCHENKO	3	H	PUR SANG	5	1	2	9866,00	7398,00	17264,00	1973,20	325
PICANES	5	F	PUR SANG	10	0	8	9863,00	3897,00	13760,00	986,30	220
MUTANT KING	3	H	PUR SANG	4	0	3	9863,00	0,00	9863,00	2465,75	375
AMELIORE	3	F	PUR SANG	6	1	2	9850,00	7386,00	17236,00	1641,67	275
ECLAIRE LA VIE	5	F	PUR SANG	9	0	6	9842,00	4426,00	14268,00	1093,56	280
MAITRE DU JEU	5	H	PUR SANG	7	1	5	9841,00	4425,00	14266,00	1405,86	250
MR CASSIOPE	6	H	PUR SANG	7	2	4	9830,00	4423,00	14253,00	1404,29	690
MY GIRL MOLLY	3	F	PUR SANG	7	0	6	9812,00	7358,00	17170,00	1401,71	270
MANLY	5	H	PUR SANG	3	1	2	9810,00	4413,00	14223,00	3270,00	295
MYBOYFRIEND	7	H	PUR SANG	10	0	5	9808,00	4410,00	14218,00	980,80	290
TRABUCO	8	H	PUR SANG	4	1	2	9802,00	4410,00	14212,00	2450,50	355
WHAT ELSE CHOP	6	H	PUR SANG	12	0	3	9796,00	4407,00	14203,00	816,33	235
KENDARO	3	H	PUR SANG	10	0	5	9793,00	7343,00	17136,00	979,30	280
ASHIPCALLEDDIGNITY	3	F	PUR SANG	5	1	2	9791,00	0,00	9791,00	1958,20	265
ENTLEBUCH	3	M	PUR SANG	7	0	5	9786,00	7338,00	17124,00	1398,00	355
JUST FOR MEME	3	F	PUR SANG	9	0	7	9781,00	7334,00	17115,00	1086,78	360
ZILRAK	6	H	PUR SANG	8	0	3	9765,00	4393,00	14158,00	1220,63	345
SWEET SUMMER SWEET	3	F	PUR SANG	5	1	2	9762,00	7321,00	17083,00	1952,40	280
STAR MAUVE	4	F	PUR SANG	11	1	6	9745,00	2581,00	12326,00	885,91	285
SANKA CHOP	6	H	PUR SANG	11	1	4	9741,00	4382,00	14123,00	885,55	195
ELUSIVE BELARDO	4	F	PUR SANG	7	0	4	9732,00	4378,00	14110,00	1390,29	335
NICOMEDE	3	H	PUR SANG	2	0	2	9724,00	7291,00	17015,00	4862,00	
FRUITION	4	F	PUR SANG	9	0	7	9722,00	3742,00	13464,00	1080,22	245
REGALIENNE	4	F	PUR SANG	10	1	2	9718,00	4372,00	14090,00	971,80	270
AQUILA VOLANTE	5	H	PUR SANG	5	0	2	9718,00	4372,00	14090,00	1943,60	350
TRUE VALUE	5	F	PUR SANG	6	0	4	9702,00	4364,00	14066,00	1617,00	230
NEVER RISK	7	M	PUR SANG	4	1	2	9697,00	4362,00	14059,00	2424,25	315
SANAH	4	F	PUR SANG	4	1	2	9697,00	4362,00	14059,00	2424,25	275
LIBYAN KNIGHT	4	H	PUR SANG	8	0	7	9693,00	0,00	9693,00	1211,63	260
KRUNGTHEPMAHANAKON	5	H	PUR SANG	8	1	3	9692,00	4360,00	14052,00	1211,50	250
KISS QUEEN	7	F	PUR SANG	6	0	6	9684,00	4357,00	14041,00	1614,00	150
DULINI	5	F	PUR SANG	8	1	5	9672,00	0,00	9672,00	1209,00	345
KAHUNA	9	H	PUR SANG	5	0	1	9672,00	4351,00	14023,00	1934,40	390
SAYVILLE	3	M	PUR SANG	5	0	5	9669,00	7250,00	16919,00	1933,80	355
PAPITO	3	H	PUR SANG	9	0	6	9667,00	7248,00	16915,00	1074,11	250
LAMIYA	3	F	PUR SANG	6	0	4	9666,00	7249,00	16915,00	1611,00	315
BRAVEHEART	10	H	PUR SANG	7	0	5	9662,00	0,00	9662,00	1380,29	255
AMAZING SURPRISE	2	F	PUR SANG	8	0	8	9646,00	7232,00	16878,00	1205,75	305
MADAME UHURU	3	F	PUR SANG	4	0	3	9640,00	5728,00	15368,00	2410,00	325
AHALYA	3	F	PUR SANG	3	0	3	9638,00	7228,00	16866,00	3212,67	415
MOPSO	5	H	PUR SANG	3	1	1	9631,00	0,00	9631,00	3210,33	330
ROSA DEI VENTI	3	F	PUR SANG	4	0	4	9622,00	4479,00	14101,00	2405,50	315
SINNERMAN	6	H	PUR SANG	2	1	1	9617,00	4327,00	13944,00	4808,50	310
BELHARRA TOWN	4	F	PUR SANG	3	1	1	9617,00	4327,00	13944,00	3205,67	280
SOLE	3	F	PUR SANG	2	1	1	9609,00	7206,00	16815,00	4804,50	380
EASY ON ME	4	H	PUR SANG	14	1	8	9606,00	4320,00	13926,00	686,14	190
VENDOMYA	4	F	PUR SANG	4	0	3	9605,00	4320,00	13925,00	2401,25	305
LISIPPO	4	M	PUR SANG	7	0	3	9601,00	0,00	9601,00	1371,57	315
TIMEA	4	F	PUR SANG	7	0	4	9601,00	4318,00	13919,00	1371,57	300
L'HIPPOCAMPE	7	H	PUR SANG	1	1	0	9600,00	4320,00	13920,00	9600,00	290
ANIELSKA	5	F	PUR SANG	6	1	0	9600,00	4320,00	13920,00	1600,00	245
DER SHTERN	4	H	PUR SANG	3	1	0	9600,00	4320,00	13920,00	3200,00	370
MICOCOULIER	3	H	PUR SANG	3	1	0	9600,00	7200,00	16800,00	3200,00	380
SOCIETY PRINCESSE	3	F	PUR SANG	4	1	0	9600,00	7200,00	16800,00	2400,00	350
GIUDICELLA	3	F	PUR SANG	1	1	0	9600,00	7200,00	16800,00	9600,00	
MELTING MOON	3	H	PUR SANG	1	1	0	9600,00	7200,00	16800,00	9600,00	350
HOUBLON	3	H	PUR SANG	1	1	0	9600,00	0,00	9600,00	9600,00	415
MUSIC'S GIRL	3	F	PUR SANG	3	1	0	9600,00	0,00	9600,00	3200,00	400
LANDOLFO	3	M	PUR SANG	1	1	0	9600,00	0,00	9600,00	9600,00	
MAJESTAD	3	M	PUR SANG	1	1	0	9600,00	0,00	9600,00	9600,00	
RUE EBLE	3	H	PUR SANG	10	1	3	9595,00	7195,00	16790,00	959,50	285
GARMI	5	F	PUR SANG	14	0	9	9580,00	4308,00	13888,00	684,29	185
AZIMUTS	4	H	PUR SANG	4	1	3	9575,00	4306,00	13881,00	2393,75	310
PUERTO MADERO	7	H	PUR SANG	9	0	7	9572,00	4305,00	13877,00	1063,56	245
WHY CHOPE	7	F	PUR SANG	10	1	3	9556,00	4299,00	13855,00	955,60	255
MARA WOOD	5	F	PUR SANG	13	1	9	9554,00	4298,00	13852,00	734,92	510
MY EDEN JAMES	4	H	PUR SANG	9	0	4	9553,00	4297,00	13850,00	1061,44	290
VIENTO DE LEVANTE	4	F	PUR SANG	5	1	2	9546,00	4294,00	13840,00	1909,20	310
ON Y VA	9	M	PUR SANG	2	1	1	9536,00	0,00	9536,00	4768,00	220
AN CHRISTINE	4	F	PUR SANG	5	1	2	9534,00	4290,00	13824,00	1906,80	255
CLAUDIA CHOP	3	F	PUR SANG	9	1	7	9533,00	7149,00	16682,00	1059,22	540
DREAM MACHINE	3	H	PUR SANG	5	0	4	9529,00	7145,00	16674,00	1905,80	350
STINGRAY	5	H	PUR SANG	1	0	1	9520,00	4284,00	13804,00	9520,00	455
INSTANT FRAGILE	4	M	PUR SANG	3	0	1	9520,00	4284,00	13804,00	3173,33	450
WASHINGTON HEIGHTS	6	H	PUR SANG	1	0	1	9520,00	0,00	9520,00	9520,00	470
TIFFANY	6	F	PUR SANG	1	0	1	9520,00	0,00	9520,00	9520,00	
ARABIAN FORCE	4	M	PUR SANG	1	0	1	9520,00	0,00	9520,00	9520,00	
MY QUEEN	4	F	PUR SANG	7	0	4	9512,00	4279,00	13791,00	1358,86	330
KODVEDEV	3	H	PUR SANG	3	1	2	9508,00	7131,00	16639,00	3169,33	320
MONTIGNY	7	H	PUR SANG	10	1	5	9497,00	4272,00	13769,00	949,70	200
BLANCHE EPINE	4	F	PUR SANG	4	1	1	9494,00	4272,00	13766,00	2373,50	280
MISS TECH	3	F	PUR SANG	8	0	7	9491,00	7117,00	16608,00	1186,38	300
SORAYA	3	F	PUR SANG	7	0	6	9473,00	3072,00	12545,00	1353,29	315
LUNATICOS	8	H	PUR SANG	10	1	2	9464,00	4257,00	13721,00	946,40	220
MY SECRET LIGHT	4	H	PUR SANG	10	0	8	9464,00	4254,00	13718,00	946,40	290
NANCY DES PLACES	3	F	PUR SANG	3	0	3	9458,00	7091,00	16549,00	3152,67	370
PARVA SCURRA	5	F	PUR SANG	13	0	7	9454,00	0,00	9454,00	727,23	185
ARMSTRONG GLORY	3	H	PUR SANG	8	0	5	9438,00	7076,00	16514,00	1179,75	290
WOLVERINE	3	H	PUR SANG	5	0	4	9431,00	7073,00	16504,00	1886,20	330
RIGEL	4	F	PUR SANG	9	0	6	9417,00	4235,00	13652,00	1046,33	230
FORGOTTEN SON	3	M	PUR SANG	6	0	5	9416,00	7058,00	16474,00	1569,33	325
WILLOWER	5	H	PUR SANG	7	0	6	9412,00	4232,00	13644,00	1344,57	260
LE COMBAT CONTINUE	5	F	PUR SANG	5	1	3	9397,00	4227,00	13624,00	1879,40	430
DAMASK BLADE	9	H	PUR SANG	11	0	8	9396,00	4225,00	13621,00	854,18	315
CARRE DE SOIE	3	H	PUR SANG	3	1	1	9387,00	7040,00	16427,00	3129,00	290
PRECIOSO	4	H	PUR SANG	7	0	4	9380,00	4220,00	13600,00	1340,00	330
ZAURA	3	F	PUR SANG	6	0	4	9377,00	7031,00	16408,00	1562,83	335
PALIMERO	9	H	PUR SANG	9	0	7	9377,00	0,00	9377,00	1041,89	150
MINO PICO	7	F	PUR SANG	11	1	5	9374,00	0,00	9374,00	852,18	160
STUPEFIANTE	4	F	PUR SANG	12	1	3	9370,00	4216,00	13586,00	780,83	300
SHALOHA	5	F	PUR SANG	9	0	5	9367,00	4212,00	13579,00	1040,78	310
MASAIYA	5	F	PUR SANG	4	0	2	9363,00	0,00	9363,00	2340,75	440
LIENESSE	5	H	PUR SANG	3	1	2	9360,00	4211,00	13571,00	3120,00	270
ESHBELIA	5	F	PUR SANG	10	1	6	9350,00	4207,00	13557,00	935,00	585
M'GLAMOUR	4	F	PUR SANG	9	0	7	9330,00	4195,00	13525,00	1036,67	250
ZAWAN	4	F	PUR SANG	4	0	2	9321,00	4193,00	13514,00	2330,25	385
CHARGED	2	M	PUR SANG	2	0	2	9319,00	0,00	9319,00	4659,50	
GAREYA	3	F	PUR SANG	3	0	3	9317,00	6985,00	16302,00	3105,67	360
YES BOY	5	H	PUR SANG	9	1	3	9316,00	4191,00	13507,00	1035,11	230
LILY DES CHAMPS	4	F	PUR SANG	6	1	5	9308,00	2928,00	12236,00	1551,33	265
TOREBEK	3	M	PUR SANG	8	0	7	9308,00	6980,00	16288,00	1163,50	275
BAHI	3	M	PUR SANG	5	0	5	9305,00	0,00	9305,00	1861,00	350
CLIMATE CHANGE	6	H	PUR SANG	4	0	3	9297,00	4182,00	13479,00	2324,25	440
ASSIER	9	H	PUR SANG	8	1	3	9275,00	0,00	9275,00	1159,38	185
OCEAN	8	H	PUR SANG	7	1	3	9265,00	4167,00	13432,00	1323,57	260
DEVIL IN THE SKY	6	H	PUR SANG	5	1	4	9255,00	4164,00	13419,00	1851,00	360
LA BARAKA	2	F	PUR SANG	8	0	8	9252,00	6937,00	16189,00	1156,50	320
L'ELU DE SADDLE	5	H	PUR SANG	2	1	1	9246,00	4160,00	13406,00	4623,00	205
GALNETTA	3	F	PUR SANG	7	1	3	9246,00	5434,00	14680,00	1320,86	255
SINGEL MALT	9	H	PUR SANG	8	0	6	9240,00	4156,00	13396,00	1155,00	200
ALPHA VASE	4	H	PUR SANG	2	1	1	9238,00	4156,00	13394,00	4619,00	440
MISSIRA	4	F	PUR SANG	6	1	4	9234,00	0,00	9234,00	1539,00	310
RAGE CHOPE	3	F	PUR SANG	9	0	7	9228,00	6920,00	16148,00	1025,33	235
LADY DU SAPHIR	5	F	PUR SANG	13	0	10	9211,00	4141,00	13352,00	708,54	200
WARHOLM	3	H	PUR SANG	4	1	2	9205,00	6903,00	16108,00	2301,25	350
VANTA	3	F	PUR SANG	6	0	4	9205,00	6903,00	16108,00	1534,17	420
VIZIOSA	3	F	PUR SANG	6	0	4	9198,00	6896,00	16094,00	1533,00	360
PINK ROCHE	3	F	PUR SANG	3	0	3	9186,00	6889,00	16075,00	3062,00	365
GALICE	3	F	PUR SANG	5	0	4	9184,00	4870,00	14054,00	1836,80	360
VALHALLA	4	H	PUR SANG	7	1	3	9174,00	1563,00	10737,00	1310,57	285
DISBAY	4	F	PUR SANG	4	1	2	9171,00	4126,00	13297,00	2292,75	260
WESTMINSTER PILOT	4	H	PUR SANG	8	1	4	9166,00	0,00	9166,00	1145,75	275
BI BOISY	3	F	PUR SANG	5	1	3	9162,00	6871,00	16033,00	1832,40	300
ART PIECE	4	H	PUR SANG	7	0	6	9147,00	4114,00	13261,00	1306,71	260
TYSON	4	H	PUR SANG	7	0	3	9127,00	4105,00	13232,00	1303,86	325
EL TORERO	7	H	PUR SANG	4	0	4	9123,00	4102,00	13225,00	2280,75	295
GLAM LIGHT	3	F	PUR SANG	6	0	5	9122,00	6841,00	15963,00	1520,33	310
MELODIE ITALIENNE	3	F	PUR SANG	6	1	5	9121,00	6840,00	15961,00	1520,17	255
ASTON CLINTON	4	H	PUR SANG	7	0	5	9118,00	0,00	9118,00	1302,57	300
ZERO STRESS	3	F	PUR SANG	8	0	5	9104,00	0,00	9104,00	1138,00	300
CRISTABEL	4	F	PUR SANG	3	0	3	9102,00	4094,00	13196,00	3034,00	370
CHARENGO	4	M	PUR SANG	1	1	0	9100,00	4095,00	13195,00	9100,00	420
QUICK AND WILD	4	H	PUR SANG	1	1	0	9100,00	0,00	9100,00	9100,00	
MONDO BOY	4	H	PUR SANG	3	1	0	9100,00	0,00	9100,00	3033,33	330
ALPAGE	7	H	PUR SANG	6	1	2	9068,00	4080,00	13148,00	1511,33	365
LOCHNESS	3	H	PUR SANG	7	0	5	9058,00	6791,00	15849,00	1294,00	315
NEW YORK MELODY	3	F	PUR SANG	8	0	7	9056,00	6790,00	15846,00	1132,00	325
EL MEASTRO	6	H	PUR SANG	11	0	6	9052,00	4070,00	13122,00	822,91	235
MONARCH HUNZA	4	H	PUR SANG	7	0	3	9052,00	4072,00	13124,00	1293,14	285
CHAMBERI	5	H	PUR SANG	4	0	3	9045,00	4068,00	13113,00	2261,25	270
STORM RUN	2	M	PUR SANG	2	0	2	9042,00	6781,00	15823,00	4521,00	
KATON	2	M	PUR SANG	2	0	2	9042,00	6781,00	15823,00	4521,00	
SILENCIEUSE	2	F	PUR SANG	2	0	2	9042,00	6781,00	15823,00	4521,00	
WALWOOD	3	M	PUR SANG	3	0	3	9027,00	6768,00	15795,00	3009,00	400
ROCK OF ROSHA	3	F	PUR SANG	4	0	3	9024,00	0,00	9024,00	2256,00	340
POMME SURETTE	4	F	PUR SANG	10	1	4	9016,00	4056,00	13072,00	901,60	245
ALPE MOTTA	4	F	PUR SANG	9	1	6	9015,00	0,00	9015,00	1001,67	295
BYGOUDINE	4	F	PUR SANG	8	0	7	9015,00	4053,00	13068,00	1126,88	285
SPORT COUPE	8	H	PUR SANG	10	0	5	9006,00	4050,00	13056,00	900,60	305
SOUTH TYROL	4	M	PUR SANG	3	1	2	9004,00	4050,00	13054,00	3001,33	340
SOEUR DE LUNE	2	F	PUR SANG	3	3	0	9000,00	6750,00	15750,00	3000,00	
DARYOZA	3	F	PUR SANG	9	1	3	8994,00	6744,00	15738,00	999,33	240
CELAGO	3	H	PUR SANG	4	0	4	8994,00	6745,00	15739,00	2248,50	350
DAHARIZ	4	H	PUR SANG	12	0	9	8991,00	4044,00	13035,00	749,25	220
MONA TREZY	6	F	PUR SANG	3	1	1	8986,00	4043,00	13029,00	2995,33	295
FILLE D'ARGENTINE	4	F	PUR SANG	8	0	5	8983,00	4040,00	13023,00	1122,88	330
ALLEGRESSE	3	F	PUR SANG	6	1	3	8966,00	2974,00	11940,00	1494,33	325
SIRAT	3	M	PUR SANG	4	0	3	8956,00	0,00	8956,00	2239,00	370
SEABISCUIT DU RHEU	5	H	PUR SANG	3	1	2	8952,00	4028,00	12980,00	2984,00	230
GLANWORTH	4	H	PUR SANG	9	0	5	8945,00	0,00	8945,00	993,89	365
TALES OF THE HEART	4	F	PUR SANG	3	0	3	8925,00	0,00	8925,00	2975,00	430
WILMOT	6	H	PUR SANG	7	0	6	8920,00	0,00	8920,00	1274,29	235
NAAD'IN	2	F	PUR SANG	5	0	5	8917,00	6687,00	15604,00	1783,40	310
IRISHKAMAYA	6	F	PUR SANG	8	0	5	8904,00	4004,00	12908,00	1113,00	290
KING OF THE WORLD	5	H	PUR SANG	8	1	2	8901,00	4005,00	12906,00	1112,63	235
LAUPER	7	F	PUR SANG	10	0	7	8901,00	4002,00	12903,00	890,10	280
GOT YEAH	5	H	PUR SANG	6	1	3	8900,00	1980,00	10880,00	1483,33	260
BLACK ULTRA	4	M	PUR SANG	5	1	1	8897,00	4003,00	12900,00	1779,40	330
COEUR DE ROUME	7	H	PUR SANG	6	1	5	8889,00	1692,00	10581,00	1481,50	250
ISCREAMFORICECREAM	5	F	PUR SANG	6	1	3	8888,00	3998,00	12886,00	1481,33	295
FURY BOXING	4	H	PUR SANG	6	0	5	8885,00	3995,00	12880,00	1480,83	285
DICX	5	H	PUR SANG	7	0	5	8882,00	2736,00	11618,00	1268,86	315
BREMONTIER	7	H	PUR SANG	9	1	5	8875,00	3990,00	12865,00	986,11	200
CHACONNE	3	F	PUR SANG	2	1	1	8870,00	0,00	8870,00	4435,00	
DARING FOX	3	H	PUR SANG	8	1	5	8867,00	6650,00	15517,00	1108,38	230
COSQUER VRAS	10	H	PUR SANG	7	1	3	8866,00	3989,00	12855,00	1266,57	185
ZARAKIVA	5	F	PUR SANG	5	1	2	8864,00	3988,00	12852,00	1772,80	260
NOCE D'OR	7	H	PUR SANG	8	0	4	8856,00	3983,00	12839,00	1107,00	255
ANOTHER CHANCE	2	F	PUR SANG	3	1	2	8852,00	6639,00	15491,00	2950,67	335
THE BROWN BEVERLY	4	F	PUR SANG	10	2	4	8840,00	3978,00	12818,00	884,00	530
NEVER LATE	3	F	PUR SANG	5	0	4	8832,00	6624,00	15456,00	1766,40	310
IRIDIA	5	F	PUR SANG	9	0	5	8831,00	0,00	8831,00	981,22	220
EVER FAST	4	H	PUR SANG	6	0	4	8826,00	3970,00	12796,00	1471,00	300
WAIT TO WIN	3	H	PUR SANG	4	0	3	8820,00	0,00	8820,00	2205,00	340
LE VERDON	2	F	PUR SANG	4	0	3	8820,00	0,00	8820,00	2205,00	360
KATANA DES ROCS	4	F	PUR SANG	10	0	5	8814,00	3628,00	12442,00	881,40	190
PINK PALACE	2	F	PUR SANG	6	0	5	8805,00	6603,00	15408,00	1467,50	340
ZARFLIGHT	6	H	PUR SANG	4	2	2	8803,00	3960,00	12763,00	2200,75	325
DARIYA KA DE SAON	4	F	PUR SANG	6	1	2	8801,00	3959,00	12760,00	1466,83	255
BORCANO	4	H	PUR SANG	11	1	4	8793,00	0,00	8793,00	799,36	210
LAMELOISE	3	F	PUR SANG	2	1	1	8788,00	6591,00	15379,00	4394,00	
ASHARIBA	5	F	PUR SANG	1	0	1	8780,00	3951,00	12731,00	8780,00	440
SOEUR	5	F	PUR SANG	3	0	3	8780,00	3950,00	12730,00	2926,67	350
IT'S ONLY LOVE	2	F	PUR SANG	5	0	4	8771,00	6577,00	15348,00	1754,20	350
LOUVE PRECIEUSE	7	F	PUR SANG	8	0	8	8767,00	3943,00	12710,00	1095,88	195
HARIASA	7	F	PUR SANG	10	1	3	8752,00	3938,00	12690,00	875,20	190
RED MOON	3	F	PUR SANG	6	1	3	8751,00	6561,00	15312,00	1458,50	285
ALLEZ FRERES	3	H	PUR SANG	6	0	6	8747,00	6558,00	15305,00	1457,83	330
YODA	3	H	PUR SANG	13	0	9	8747,00	6557,00	15304,00	672,85	230
SEVENNA'S BAY	4	F	PUR SANG	4	1	3	8742,00	0,00	8742,00	2185,50	305
ZOAR	3	M	PUR SANG	5	0	5	8717,00	6536,00	15253,00	1743,40	360
INTERACTIV	4	H	PUR SANG	5	0	3	8716,00	0,00	8716,00	1743,20	400
UM ELNADIM	9	F	PUR SANG	9	1	3	8705,00	3916,00	12621,00	967,22	245
FETE JOYEUSE	7	F	PUR SANG	7	1	4	8703,00	3913,00	12616,00	1243,29	220
PIEMONT	5	H	PUR SANG	1	1	0	8700,00	0,00	8700,00	8700,00	380
PINYA	4	F	PUR SANG	10	1	3	8693,00	3911,00	12604,00	869,30	245
KING'S ROAD	2	M	PUR SANG	1	0	1	8684,00	6512,00	15196,00	8684,00	
CALYX EXPRESS	2	H	PUR SANG	1	0	1	8684,00	6512,00	15196,00	8684,00	
AIBAR	2	M	PUR SANG	2	0	1	8684,00	6512,00	15196,00	4342,00	
ATIKA	2	F	PUR SANG	1	0	1	8684,00	6512,00	15196,00	8684,00	
SUCRE NABAT	2	F	PUR SANG	1	0	1	8684,00	0,00	8684,00	8684,00	
MAYFAIR TIME	2	M	PUR SANG	1	0	1	8684,00	0,00	8684,00	8684,00	
RAISE THE POINT	3	H	PUR SANG	3	1	2	8674,00	0,00	8674,00	2891,33	355
JOLI COUP	7	H	PUR SANG	4	1	2	8668,00	3900,00	12568,00	2167,00	280
EPI	3	M	PUR SANG	3	0	3	8664,00	0,00	8664,00	2888,00	340
ANOTHERMINE	4	F	PUR SANG	8	0	5	8659,00	3894,00	12553,00	1082,38	290
GRASWANG	3	H	PUR SANG	3	0	3	8658,00	6493,00	15151,00	2886,00	355
LELLA DESJY	6	F	PUR SANG	8	2	1	8652,00	3893,00	12545,00	1081,50	230
GITANO	4	H	PUR SANG	7	0	3	8650,00	3891,00	12541,00	1235,71	335
ANTHORUS	7	H	PUR SANG	6	0	4	8647,00	3889,00	12536,00	1441,17	390
JOJO JUNIOR	5	H	PUR SANG	7	0	5	8647,00	3889,00	12536,00	1235,29	290
QUEEN LAURIE	4	F	PUR SANG	4	1	1	8638,00	3886,00	12524,00	2159,50	260
TIGRE ROUGE	7	H	PUR SANG	8	1	5	8632,00	3882,00	12514,00	1079,00	210
EXCESSIVE	3	F	PUR SANG	6	0	5	8631,00	6472,00	15103,00	1438,50	265
MAGIEL	2	F	PUR SANG	4	0	4	8631,00	6471,00	15102,00	2157,75	350
PRINCE OF DAWN	6	H	PUR SANG	6	0	5	8627,00	3878,00	12505,00	1437,83	265
COCOON QUATRE	6	F	PUR SANG	8	0	6	8623,00	3876,00	12499,00	1077,88	270
ASTRA DREAM	5	F	PUR SANG	10	0	8	8621,00	3877,00	12498,00	862,10	210
CHAPELLE SIXTINE	3	F	PUR SANG	3	0	3	8621,00	6465,00	15086,00	2873,67	375
LADY DARKA	5	F	PUR SANG	7	1	3	8619,00	3878,00	12497,00	1231,29	265
WHITE MIRACLE	3	H	PUR SANG	4	0	4	8618,00	6462,00	15080,00	2154,50	330
POWDER	3	H	PUR SANG	4	0	4	8610,00	4957,00	13567,00	2152,50	305
BLANCO CHOP	5	H	PUR SANG	9	1	6	8580,00	3861,00	12441,00	953,33	615
LADY GATSBY	3	F	PUR SANG	7	0	6	8565,00	6422,00	14987,00	1223,57	330
SALSA TIM	7	H	PUR SANG	12	0	10	8560,00	3852,00	12412,00	713,33	605
TACT	3	H	PUR SANG	10	1	5	8554,00	3415,00	11969,00	855,40	255
BULLET ANT	3	H	PUR SANG	7	0	7	8550,00	6411,00	14961,00	1221,43	325
HASAPIKO	6	F	PUR SANG	4	0	3	8549,00	3846,00	12395,00	2137,25	375
BABA SIM	7	H	PUR SANG	3	0	2	8548,00	3845,00	12393,00	2849,33	315
SHY FEELING	3	F	PUR SANG	6	0	4	8544,00	0,00	8544,00	1424,00	330
BAY D'ARGENT	6	H	PUR SANG	3	1	2	8543,00	3843,00	12386,00	2847,67	410
LA PETITE PIERRE	3	F	PUR SANG	3	0	3	8542,00	6405,00	14947,00	2847,33	330
NIEDERBRONN	3	M	PUR SANG	3	0	3	8542,00	6406,00	14948,00	2847,33	360
VESCO	4	H	PUR SANG	11	1	4	8539,00	3841,00	12380,00	776,27	250
VILLEQUIER	4	H	PUR SANG	4	1	1	8532,00	3838,00	12370,00	2133,00	290
KING GOLD	9	M	PUR SANG	3	0	2	8532,00	3839,00	12371,00	2844,00	470
PETIT GENIE	2	M	PUR SANG	5	0	4	8532,00	6399,00	14931,00	1706,40	325
SUPERCLASS	4	H	PUR SANG	11	0	9	8529,00	3834,00	12363,00	775,36	200
KONIG CHOUCHEN	14	H	PUR SANG	6	1	1	8496,00	3823,00	12319,00	1416,00	185
SEIGNEUR	7	H	PUR SANG	9	0	6	8496,00	0,00	8496,00	944,00	265
ATLANTIGO	7	H	PUR SANG	10	1	5	8491,00	3189,00	11680,00	849,10	195
WINDFLOWER	4	F	PUR SANG	3	0	3	8485,00	3817,00	12302,00	2828,33	425
VIDA ROSA	3	F	PUR SANG	4	1	1	8481,00	6360,00	14841,00	2120,25	325
SOMMERBLAU	4	F	PUR SANG	7	0	5	8472,00	3810,00	12282,00	1210,29	355
LORIA	5	F	PUR SANG	5	0	4	8464,00	3808,00	12272,00	1692,80	315
SUN SONG	4	F	PUR SANG	5	1	3	8458,00	3805,00	12263,00	1691,60	240
MICHAEL THE GREAT	3	M	PUR SANG	6	0	2	8448,00	6336,00	14784,00	1408,00	400
AMBROSIA DE VAIGE	3	F	PUR SANG	8	0	8	8440,00	6329,00	14769,00	1055,00	280
STUNNING ANGEL	4	F	PUR SANG	11	0	4	8437,00	3795,00	12232,00	767,00	245
YOKOZUNA	3	M	PUR SANG	4	1	2	8422,00	6316,00	14738,00	2105,50	330
HADYA	6	F	PUR SANG	7	0	6	8418,00	3065,00	11483,00	1202,57	245
SKADOOSH	5	H	PUR SANG	11	1	4	8409,00	3782,00	12191,00	764,45	210
THECLIMB	8	H	PUR SANG	10	0	5	8406,00	3781,00	12187,00	840,60	200
REGGAE TIME	3	H	PUR SANG	7	2	2	8400,00	6300,00	14700,00	1200,00	495
OTONOSAMA	2	M	PUR SANG	3	1	2	8385,00	6288,00	14673,00	2795,00	340
CORBUSIER	2	H	PUR SANG	5	0	5	8374,00	6278,00	14652,00	1674,80	340
COPAN	4	M	PUR SANG	8	0	5	8356,00	3758,00	12114,00	1044,50	245
PASSAGE MESLAY	5	H	PUR SANG	2	1	1	8352,00	3758,00	12110,00	4176,00	290
WARAMINI	3	F	PUR SANG	6	0	4	8352,00	6264,00	14616,00	1392,00	360
MAC LA TAMBOUILLE	8	H	PUR SANG	8	0	4	8350,00	3756,00	12106,00	1043,75	260
NARCOS	9	M	PUR SANG	8	1	3	8344,00	3754,00	12098,00	1043,00	260
PERFECTDAY	3	F	PUR SANG	2	0	2	8342,00	6255,00	14597,00	4171,00	380
SHELZAWA	3	F	PUR SANG	2	0	2	8342,00	6255,00	14597,00	4171,00	
BOHEMOS	4	F	PUR SANG	8	1	5	8340,00	3753,00	12093,00	1042,50	535
VAVAL RISK	3	M	PUR SANG	3	1	2	8340,00	6255,00	14595,00	2780,00	590
IFFROCTA FAL	4	F	PUR SANG	8	0	4	8333,00	3748,00	12081,00	1041,63	250
PUMPY GIRL	8	F	PUR SANG	9	0	8	8330,00	3747,00	12077,00	925,56	215
EYDON	7	M	PUR SANG	2	0	1	8330,00	0,00	8330,00	4165,00	515
SANTAGADA	4	F	PUR SANG	1	0	1	8330,00	0,00	8330,00	8330,00	500
KAPO ROSSO	6	H	PUR SANG	9	0	6	8312,00	3739,00	12051,00	923,56	210
KAKHOVKA	6	F	PUR SANG	11	0	7	8312,00	3739,00	12051,00	755,64	195
ROYAL SHAKE	6	H	PUR SANG	9	0	5	8304,00	3734,00	12038,00	922,67	290
KLARABELLE	4	F	PUR SANG	8	0	6	8298,00	2721,00	11019,00	1037,25	190
NOUS TROIS	3	F	PUR SANG	7	0	5	8281,00	6209,00	14490,00	1183,00	265
KANDO	4	H	PUR SANG	5	0	4	8280,00	3724,00	12004,00	1656,00	340
GOT MAN	4	H	PUR SANG	6	0	4	8279,00	3723,00	12002,00	1379,83	300
LOUP D'ARGENT	4	H	PUR SANG	2	1	1	8260,00	3716,00	11976,00	4130,00	
HARRY BASSETT	5	H	PUR SANG	2	1	0	8250,00	3712,00	11962,00	4125,00	295
ALTIAMA	4	F	PUR SANG	3	1	0	8250,00	3712,00	11962,00	2750,00	310
MOHYRA	4	F	PUR SANG	2	1	0	8250,00	3712,00	11962,00	4125,00	340
TOASTMASTER	4	H	PUR SANG	1	1	0	8250,00	3712,00	11962,00	8250,00	585
KENCHAK	4	H	PUR SANG	3	1	0	8250,00	3712,00	11962,00	2750,00	335
FRANKLY GOOD CEN	4	M	PUR SANG	2	1	0	8250,00	3712,00	11962,00	4125,00	470
SILVER REEL	3	M	PUR SANG	2	1	0	8250,00	6187,00	14437,00	4125,00	350
ASTROPARK	4	H	PUR SANG	1	1	0	8250,00	3712,00	11962,00	8250,00	
LAETIBEY	2	M	PUR SANG	3	0	3	8244,00	6182,00	14426,00	2748,00	365
UTHRED	4	H	PUR SANG	2	0	1	8235,00	3705,00	11940,00	4117,50	470
FUTURE FATE	5	H	PUR SANG	1	0	1	8235,00	3705,00	11940,00	8235,00	425
SOCIAL SYMBOL	2	M	PUR SANG	1	0	1	8235,00	0,00	8235,00	8235,00	435
GOUVERNE	4	F	PUR SANG	5	1	2	8226,00	3701,00	11927,00	1645,20	270
ROYAL RIZZI	2	F	PUR SANG	4	0	3	8224,00	6167,00	14391,00	2056,00	365
NIGHT OF THE OPERA	9	H	PUR SANG	8	1	4	8223,00	3698,00	11921,00	1027,88	175
ALJADARA	3	F	PUR SANG	3	1	2	8216,00	0,00	8216,00	2738,67	350
NEUF DE PAQUES	4	F	PUR SANG	3	1	1	8212,00	3694,00	11906,00	2737,33	310
BOUDECHOU	2	M	PUR SANG	4	0	4	8211,00	6157,00	14368,00	2052,75	350
JAK COHIBA	8	M	PUR SANG	6	2	3	8210,00	3694,00	11904,00	1368,33	490
KAPETANIOS	6	H	PUR SANG	7	0	7	8210,00	3690,00	11900,00	1172,86	275
VILLA ADRIENNE	3	F	PUR SANG	4	1	2	8209,00	6154,00	14363,00	2052,25	305
PROLETARIAT	6	H	PUR SANG	7	0	4	8207,00	3692,00	11899,00	1172,43	195
BOUCLETE D AUTEUIL	5	F	PUR SANG	5	1	4	8200,00	0,00	8200,00	1640,00	
TOOCOOLTOBECOOL	2	F	PUR SANG	3	1	1	8200,00	6150,00	14350,00	2733,33	320
MADAMA	4	F	PUR SANG	4	1	2	8197,00	0,00	8197,00	2049,25	310
LADY FALCON CEN	2	F	PUR SANG	3	0	3	8192,00	6143,00	14335,00	2730,67	380
RUMPLETEAZER	5	F	PUR SANG	12	0	7	8191,00	3682,00	11873,00	682,58	275
MON PAULIN	3	H	PUR SANG	4	0	3	8178,00	6133,00	14311,00	2044,50	375
VATICAN	3	M	PUR SANG	2	0	2	8152,00	6112,00	14264,00	4076,00	
YEP	3	H	PUR SANG	2	0	2	8152,00	0,00	8152,00	4076,00	395
BEST SELLER	4	H	PUR SANG	4	1	0	8150,00	3667,00	11817,00	2037,50	300
DON NIKOLAOS	7	H	PUR SANG	8	1	0	8150,00	0,00	8150,00	1018,75	195
DAMINO	5	M	PUR SANG	1	1	0	8150,00	0,00	8150,00	8150,00	335
SAM PRESSAO	4	M	PUR SANG	6	1	3	8147,00	3665,00	11812,00	1357,83	260
LIWOOD	3	H	PUR SANG	8	0	6	8142,00	6105,00	14247,00	1017,75	355
MERLE NOIR	4	H	PUR SANG	6	0	5	8115,00	3650,00	11765,00	1352,50	315
ANTAIOS	9	H	PUR SANG	3	1	1	8107,00	3648,00	11755,00	2702,33	260
NEW BALL	4	H	PUR SANG	7	1	3	8086,00	1951,00	10037,00	1155,14	240
PHILLY BASSETT	3	F	PUR SANG	4	0	4	8074,00	6054,00	14128,00	2018,50	355
LES PETITS PRINCES	4	H	PUR SANG	4	0	4	8073,00	3630,00	11703,00	2018,25	420
TREIZIEME MOIS	6	H	PUR SANG	3	1	2	8072,00	3632,00	11704,00	2690,67	300
KYTHIRA	3	F	PUR SANG	2	1	1	8068,00	6051,00	14119,00	4034,00	350
NISSAKIA	3	F	PUR SANG	5	0	5	8066,00	6048,00	14114,00	1613,20	345
REMOONDER	4	F	PUR SANG	5	0	3	8064,00	3627,00	11691,00	1612,80	210
MAINE DE BIRAN	3	M	PUR SANG	5	0	5	8064,00	6048,00	14112,00	1612,80	330
FLEUR D'ORANGER	3	F	PUR SANG	4	0	3	8064,00	6048,00	14112,00	2016,00	315
ORINOCO	3	F	PUR SANG	5	1	3	8046,00	4908,00	12954,00	1609,20	310
KARLOVSKY	2	M	PUR SANG	5	1	2	8035,00	6026,00	14061,00	1607,00	300
STIR CRAZY	3	H	PUR SANG	5	0	4	8015,00	6009,00	14024,00	1603,00	290
BLU METAL JACKET	7	M	PUR SANG	4	0	3	8008,00	0,00	8008,00	2002,00	310
ALMAGUER	5	H	PUR SANG	4	2	0	8000,00	3600,00	11600,00	2000,00	520
KING OF EYLAU	4	H	PUR SANG	4	2	0	8000,00	1800,00	9800,00	2000,00	340
LEARNING	2	F	PUR SANG	1	0	1	8000,00	0,00	8000,00	8000,00	
MOUJ ALBUHOOR	2	M	PUR SANG	1	0	1	8000,00	0,00	8000,00	8000,00	
LAKOTA BEAU	4	M	PUR SANG	6	0	3	7996,00	3598,00	11594,00	1332,67	375
ROCQUEMONT	10	M	PUR SANG	7	0	4	7981,00	3589,00	11570,00	1140,14	325
RUSAIR FAL	3	M	PUR SANG	9	0	7	7980,00	5983,00	13963,00	886,67	305
LUDWIG	2	H	PUR SANG	2	0	2	7980,00	5984,00	13964,00	3990,00	
HE TOUCHED ME	4	F	PUR SANG	7	0	4	7975,00	3587,00	11562,00	1139,29	330
TOUTELUSIVE	8	F	PUR SANG	4	1	2	7968,00	3585,00	11553,00	1992,00	255
TARQUINI	3	F	PUR SANG	3	1	2	7963,00	5971,00	13934,00	2654,33	320
JOLIEPIERRE	7	F	PUR SANG	6	1	3	7961,00	3581,00	11542,00	1326,83	240
JUST FOR GAB'S	4	F	PUR SANG	11	0	9	7956,00	3578,00	11534,00	723,27	205
HAKAMAORI	4	F	PUR SANG	8	0	8	7955,00	3034,00	10989,00	994,38	250
CHARLEMAGNE	4	M	PUR SANG	2	1	1	7947,00	3576,00	11523,00	3973,50	330
BATESCA	5	F	PUR SANG	12	0	4	7947,00	3575,00	11522,00	662,25	250
PALAZZO	5	H	PUR SANG	9	0	3	7924,00	3564,00	11488,00	880,44	235
MISTER GATZ	5	H	PUR SANG	5	0	4	7915,00	3560,00	11475,00	1583,00	360
ICENI BOY	3	H	PUR SANG	2	0	2	7910,00	5932,00	13842,00	3955,00	440
MALWINA BELLA	4	F	PUR SANG	9	0	6	7897,00	3552,00	11449,00	877,44	235
ETATIQUE	7	H	PUR SANG	9	0	3	7896,00	3551,00	11447,00	877,33	310
STARLIT DESTINY	3	F	PUR SANG	4	0	4	7896,00	0,00	7896,00	1974,00	395
EXTRAVAGANTE	3	F	PUR SANG	5	0	3	7895,00	5919,00	13814,00	1579,00	355
WAKABURN	7	H	PUR SANG	6	0	5	7893,00	3549,00	11442,00	1315,50	405
TAKAVOR	2	M	PUR SANG	3	0	3	7893,00	5919,00	13812,00	2631,00	360
JOHNNY JANE	4	H	PUR SANG	8	0	4	7889,00	3549,00	11438,00	986,13	175
GOGUEN SPAISE	6	H	PUR SANG	7	0	5	7887,00	3548,00	11435,00	1126,71	320
HARTWOOD MAN	7	H	PUR SANG	10	0	5	7884,00	3546,00	11430,00	788,40	250
NOARDS	4	H	PUR SANG	7	0	7	7870,00	3537,00	11407,00	1124,29	280
LORAXED	4	H	PUR SANG	2	1	1	7868,00	0,00	7868,00	3934,00	
PRINCESS KARA	6	F	PUR SANG	7	1	2	7860,00	3536,00	11396,00	1122,86	255
TAMAR	3	F	PUR SANG	3	0	3	7852,00	5887,00	13739,00	2617,33	350
KHELLE TARTARE	7	F	PUR SANG	11	0	7	7846,00	2742,00	10588,00	713,27	150
NONNABELLA	3	F	PUR SANG	5	0	5	7846,00	5883,00	13729,00	1569,20	345
O SOLE MIO	4	H	PUR SANG	5	1	2	7845,00	1730,00	9575,00	1569,00	355
TOCOA	3	H	PUR SANG	5	0	4	7841,00	5879,00	13720,00	1568,20	315
BECH RIVER	8	H	PUR SANG	11	0	8	7824,00	3518,00	11342,00	711,27	170
MOURAT	4	H	PUR SANG	11	0	6	7822,00	3518,00	11340,00	711,09	250
DREAM FILLY	4	F	PUR SANG	7	1	5	7812,00	1400,00	9212,00	1116,00	260
CARTIMANDUA	5	F	PUR SANG	3	0	2	7803,00	3510,00	11313,00	2601,00	300
MOVE THE LINE	3	F	PUR SANG	1	1	0	7800,00	5850,00	13650,00	7800,00	
LACRA	3	F	PUR SANG	1	1	0	7800,00	5850,00	13650,00	7800,00	
MASCARO	3	H	PUR SANG	1	1	0	7800,00	5850,00	13650,00	7800,00	
BUBBLESAN	3	H	PUR SANG	1	1	0	7800,00	5850,00	13650,00	7800,00	
PRINCESS MAITHA	3	F	PUR SANG	1	1	0	7800,00	0,00	7800,00	7800,00	
CELESTIAL	5	H	PUR SANG	3	0	2	7786,00	3503,00	11289,00	2595,33	405
MISSES LILY	3	F	PUR SANG	7	0	4	7784,00	4713,00	12497,00	1112,00	280
DASH DIZZY	4	H	PUR SANG	4	0	3	7762,00	0,00	7762,00	1940,50	370
FIGMA	3	F	PUR SANG	4	1	3	7760,00	5819,00	13579,00	1940,00	320
JORDAN BAKER	7	H	PUR SANG	10	0	6	7756,00	3488,00	11244,00	775,60	245
FOOT TO THE FLOOR	2	F	PUR SANG	5	0	4	7742,00	5806,00	13548,00	1548,40	335
ROOFTOP	5	H	PUR SANG	8	0	5	7732,00	3477,00	11209,00	966,50	335
ROSKIVA FAL	3	F	PUR SANG	7	0	5	7722,00	5791,00	13513,00	1103,14	335
PRINCESS ALICE	3	F	PUR SANG	13	0	9	7720,00	5788,00	13508,00	593,85	205
SAND SWEEPER	3	M	PUR SANG	6	0	5	7705,00	0,00	7705,00	1284,17	320
JARDIN BLEU	8	H	PUR SANG	7	0	5	7704,00	3465,00	11169,00	1100,57	185
EVER KATE	5	F	PUR SANG	3	1	0	7700,00	3465,00	11165,00	2566,67	290
JOSEPHINO	7	M	PUR SANG	5	1	0	7700,00	0,00	7700,00	1540,00	340
MAIGRET	5	M	PUR SANG	4	1	0	7700,00	0,00	7700,00	1925,00	370
COMTESSE VERA	7	F	PUR SANG	8	0	7	7693,00	3460,00	11153,00	961,63	170
RISKAYA	8	F	PUR SANG	6	1	3	7675,00	2193,00	9868,00	1279,17	185
CHOEUR DES ANGES	4	H	PUR SANG	9	1	6	7670,00	3449,00	11119,00	852,22	210
MARCAN	9	H	PUR SANG	7	0	5	7659,00	3444,00	11103,00	1094,14	185
KING OF CHILL	4	H	PUR SANG	9	0	5	7650,00	3440,00	11090,00	850,00	270
SONARAH	3	F	PUR SANG	10	0	9	7647,00	5378,00	13025,00	764,70	250
TORREADOR	4	H	PUR SANG	7	0	5	7644,00	3437,00	11081,00	1092,00	235
TEMIRI	4	M	PUR SANG	7	0	5	7642,00	3437,00	11079,00	1091,71	245
KINESIS	3	H	PUR SANG	2	0	2	7640,00	0,00	7640,00	3820,00	390
REMIX	7	H	PUR SANG	4	1	1	7636,00	3435,00	11071,00	1909,00	290
HIGH NOTE	3	H	PUR SANG	3	1	2	7625,00	5718,00	13343,00	2541,67	320
EXTRAVAGANZA	3	F	PUR SANG	5	0	3	7616,00	5711,00	13327,00	1523,20	255
GOSEA	2	F	PUR SANG	3	0	3	7615,00	5710,00	13325,00	2538,33	360
DALYNSKA	4	F	PUR SANG	6	1	3	7611,00	1398,00	9009,00	1268,50	280
SEND WOOD	4	F	PUR SANG	5	0	4	7608,00	3422,00	11030,00	1521,60	360
NEVADOS	3	H	PUR SANG	6	1	2	7596,00	2696,00	10292,00	1266,00	315
INVENTER	3	H	PUR SANG	6	0	5	7584,00	5688,00	13272,00	1264,00	310
L'ESPELETTE	3	F	PUR SANG	7	0	5	7578,00	3545,00	11123,00	1082,57	235
SAGAZAN ACE	3	H	PUR SANG	7	1	2	7568,00	1926,00	9494,00	1081,14	285
BACCHILIDE	7	H	PUR SANG	10	0	6	7568,00	3403,00	10971,00	756,80	315
DELIRE D'AMOUR	3	F	PUR SANG	8	0	4	7566,00	5674,00	13240,00	945,75	330
LA MOMY	6	F	PUR SANG	9	1	1	7560,00	3402,00	10962,00	840,00	150
MONTE CUPOLINO	3	M	PUR SANG	6	0	6	7560,00	0,00	7560,00	1260,00	315
SIGTUNA	4	H	PUR SANG	5	0	4	7548,00	3395,00	10943,00	1509,60	360
IMPA	2	F	PUR SANG	3	0	3	7546,00	5659,00	13205,00	2515,33	385
OZONE	3	F	PUR SANG	3	0	1	7545,00	5658,00	13203,00	2515,00	445
ALARMING	3	F	PUR SANG	2	0	1	7545,00	0,00	7545,00	3772,50	420
JANNET	3	F	PUR SANG	3	0	2	7534,00	0,00	7534,00	2511,33	375
ATAMAK	4	H	PUR SANG	8	1	2	7513,00	3380,00	10893,00	939,13	250
KING THISTLE	4	H	PUR SANG	7	0	5	7513,00	0,00	7513,00	1073,29	300
WUKOLINA	7	F	PUR SANG	3	2	0	7500,00	3374,00	10874,00	2500,00	195
SKALI	3	H	PUR SANG	7	0	7	7488,00	5616,00	13104,00	1069,71	305
MOON NIGHT	4	H	PUR SANG	9	0	5	7485,00	3366,00	10851,00	831,67	200
MOUDIR	10	H	PUR SANG	6	0	4	7478,00	3363,00	10841,00	1246,33	185
MELIORA	3	F	PUR SANG	3	1	2	7475,00	4481,00	11956,00	2491,67	260
OASIS BEACON	3	H	PUR SANG	3	0	2	7468,00	5600,00	13068,00	2489,33	380
MORUS	4	H	PUR SANG	10	0	6	7457,00	3352,00	10809,00	745,70	260
GOLDEN FRIEND	3	H	PUR SANG	5	0	3	7454,00	5590,00	13044,00	1490,80	320
HISTORI CHOPE	2	F	PUR SANG	3	0	2	7448,00	5585,00	13033,00	2482,67	360
GUAPAK	4	H	PUR SANG	8	0	7	7447,00	1640,00	9087,00	930,88	240
CELTIC ARYAAN	6	H	PUR SANG	4	0	4	7442,00	3347,00	10789,00	1860,50	280
DESERONTO	3	F	PUR SANG	4	1	1	7438,00	2016,00	9454,00	1859,50	270
THE GOOD MAN	9	M	PUR SANG	5	0	3	7435,00	3344,00	10779,00	1487,00	420
PACO	8	H	PUR SANG	9	1	1	7431,00	3343,00	10774,00	825,67	245
PERSEVERANZA	5	F	PUR SANG	5	1	3	7427,00	3340,00	10767,00	1485,40	240
MON COMEDIEN	4	H	PUR SANG	5	0	4	7421,00	3337,00	10758,00	1484,20	320
AGAMEMNON	8	H	PUR SANG	10	1	3	7418,00	3336,00	10754,00	741,80	210
PAPILLE D'ARGENT	4	H	PUR SANG	6	0	4	7418,00	3337,00	10755,00	1236,33	305
ZODD	4	H	PUR SANG	8	0	7	7411,00	3331,00	10742,00	926,38	270
MAKAN	3	H	PUR SANG	3	0	3	7410,00	5557,00	12967,00	2470,00	370
PASANG	3	F	PUR SANG	7	0	3	7410,00	5557,00	12967,00	1058,57	350
INDIFFERENTE	3	F	PUR SANG	3	0	2	7404,00	5552,00	12956,00	2468,00	460
DAR ES SALAAM	3	M	PUR SANG	9	0	6	7403,00	5551,00	12954,00	822,56	300
SOURDEVAL	3	H	PUR SANG	3	0	3	7394,00	5545,00	12939,00	2464,67	380
ALCATOSER	6	H	PUR SANG	10	0	8	7390,00	3323,00	10713,00	739,00	200
NAMIX DE BOZOULS	3	F	PUR SANG	6	1	3	7382,00	4336,00	11718,00	1230,33	260
ANNALIGHT	3	F	PUR SANG	7	1	4	7382,00	4972,00	12354,00	1054,57	260
LAURENT	7	H	PUR SANG	6	0	4	7382,00	3320,00	10702,00	1230,33	335
THANOS	3	M	PUR SANG	4	1	3	7372,00	1563,00	8935,00	1843,00	330
MAESTRO CHOP	9	H	PUR SANG	14	0	10	7371,00	3314,00	10685,00	526,50	150
ERIDITA DOVER	5	F	PUR SANG	7	1	1	7360,00	3311,00	10671,00	1051,43	245
STRIKE GOLD	3	M	PUR SANG	3	0	3	7356,00	0,00	7356,00	2452,00	355
PINK MONDAY	4	H	PUR SANG	6	0	3	7345,00	3304,00	10649,00	1224,17	335
CAROMB	4	H	PUR SANG	5	0	3	7341,00	0,00	7341,00	1468,20	405
MORNING SPIRIT	7	F	PUR SANG	9	0	7	7336,00	3298,00	10634,00	815,11	190
GREAT CHARLIE	8	H	PUR SANG	10	0	6	7330,00	3295,00	10625,00	733,00	215
CHARLIE OSCAR	3	M	PUR SANG	4	0	3	7324,00	0,00	7324,00	1831,00	350
ROGUE LIGHTNING	6	H	PUR SANG	1	0	1	7320,00	0,00	7320,00	7320,00	480
SAHLAN	4	M	PUR SANG	1	0	1	7320,00	3294,00	10614,00	7320,00	515
ELMONJED	5	H	PUR SANG	1	0	1	7320,00	0,00	7320,00	7320,00	520
LA FOGATA	3	F	PUR SANG	1	0	1	7320,00	0,00	7320,00	7320,00	450
AWAKEN	3	F	PUR SANG	1	0	1	7320,00	0,00	7320,00	7320,00	450
ARGENTINE TANGO	3	F	PUR SANG	1	0	1	7320,00	0,00	7320,00	7320,00	440
CUT A DASH	2	M	PUR SANG	1	0	1	7320,00	0,00	7320,00	7320,00	465
INTO THE SKY	3	M	PUR SANG	1	0	1	7320,00	0,00	7320,00	7320,00	480
MISS DARIANA	4	F	PUR SANG	9	1	5	7315,00	3291,00	10606,00	812,78	520
SOUDYA	3	M	PUR SANG	3	0	3	7312,00	5484,00	12796,00	2437,33	355
MESSAGER DE FAUST	4	H	PUR SANG	4	0	4	7311,00	3287,00	10598,00	1827,75	280
KNUCKLE	4	F	PUR SANG	2	1	1	7306,00	1487,00	8793,00	3653,00	335
SUNSHINE BABY	4	F	PUR SANG	3	1	1	7306,00	1487,00	8793,00	2435,33	350
LA BOBRIDE	4	F	PUR SANG	6	1	2	7304,00	3286,00	10590,00	1217,33	275
ERALA	2	F	PUR SANG	3	0	3	7296,00	5471,00	12767,00	2432,00	370
GEORGES VILLE	5	H	PUR SANG	8	0	3	7289,00	3279,00	10568,00	911,13	350
TERRE SACREE	8	F	PUR SANG	6	1	2	7286,00	3278,00	10564,00	1214,33	155
NEWS DES BRIERES	3	F	PUR SANG	9	0	5	7285,00	5462,00	12747,00	809,44	250
MISS ESTRELLA	6	F	PUR SANG	9	0	7	7280,00	3275,00	10555,00	808,89	540
SLEEPY SUZY	7	F	PUR SANG	8	0	5	7276,00	3272,00	10548,00	909,50	250
LEOPARDUCCIO	6	H	PUR SANG	10	0	3	7271,00	3271,00	10542,00	727,10	305
ANOTHER ROSE	4	H	PUR SANG	4	0	4	7271,00	0,00	7271,00	1817,75	350
JOURY	4	F	PUR SANG	3	0	2	7269,00	3270,00	10539,00	2423,00	355
MILENA	4	F	PUR SANG	2	1	1	7264,00	3268,00	10532,00	3632,00	320
MINO GALESTE	4	H	PUR SANG	7	0	4	7260,00	3265,00	10525,00	1037,14	280
SHALIMAR	3	F	PUR SANG	7	0	5	7246,00	0,00	7246,00	1035,14	290
MOODS	2	H	PUR SANG	4	0	4	7245,00	5432,00	12677,00	1811,25	365
PATRIARCHE	3	M	PUR SANG	5	0	5	7234,00	0,00	7234,00	1446,80	315
WELLINGTON PREMIER	4	M	PUR SANG	6	0	4	7226,00	3249,00	10475,00	1204,33	330
DYLAN'S SPIRIT	5	F	PUR SANG	6	0	4	7220,00	3247,00	10467,00	1203,33	240
TERANGA	6	F	PUR SANG	13	1	3	7205,00	1554,00	8759,00	554,23	215
VERITABLE	6	H	PUR SANG	7	0	4	7201,00	3239,00	10440,00	1028,71	345
ROXANA OF CECCA	5	F	PUR SANG	5	1	0	7200,00	3240,00	10440,00	1440,00	185
DREAMS CHOPE	2	F	PUR SANG	2	1	0	7200,00	5400,00	12600,00	3600,00	
DRAGON FORCE	2	H	PUR SANG	1	1	0	7200,00	0,00	7200,00	7200,00	
YOUR MY HEART	3	H	PUR SANG	7	1	4	7194,00	2395,00	9589,00	1027,71	250
CITY SLICKER	3	H	PUR SANG	3	0	3	7194,00	5395,00	12589,00	2398,00	300
ROCKONADO	3	H	PUR SANG	2	1	1	7186,00	5388,00	12574,00	3593,00	290
MOMOUR	12	H	PUR SANG	9	0	8	7183,00	0,00	7183,00	798,11	210
DARYA	3	F	PUR SANG	7	1	2	7176,00	1632,00	8808,00	1025,14	290
INCREDIBLE	2	F	PUR SANG	4	0	4	7174,00	5379,00	12553,00	1793,50	350
WAYKIKI	3	H	PUR SANG	7	0	6	7173,00	5378,00	12551,00	1024,71	275
ANGEL CHARLY	6	F	PUR SANG	9	0	7	7167,00	0,00	7167,00	796,33	240
DAYTONINE	3	F	PUR SANG	5	0	4	7163,00	0,00	7163,00	1432,60	300
QUDILLERO	10	H	PUR SANG	6	0	4	7158,00	2500,00	9658,00	1193,00	215
MATCH ANTHEM	5	H	PUR SANG	7	0	4	7153,00	0,00	7153,00	1021,86	275
TREBLE TEE	4	H	PUR SANG	1	0	1	7140,00	3213,00	10353,00	7140,00	480
INVOLVEMENT	5	H	PUR SANG	1	0	1	7140,00	0,00	7140,00	7140,00	460
JUST A GIRL	3	F	PUR SANG	1	0	1	7140,00	0,00	7140,00	7140,00	415
VASUMATI	3	F	PUR SANG	6	1	3	7127,00	5344,00	12471,00	1187,83	350
PRINCE DE MONTFORT	8	H	PUR SANG	3	0	1	7126,00	3206,00	10332,00	2375,33	400
WOOTTON MELODY	5	M	PUR SANG	2	0	1	7126,00	3206,00	10332,00	3563,00	370
PRINCESSE TREZY	4	F	PUR SANG	1	0	1	7126,00	3206,00	10332,00	7126,00	375
LAKE NAIVASHA	7	F	PUR SANG	5	0	2	7126,00	0,00	7126,00	1425,20	260
ANDINO	9	H	PUR SANG	6	0	3	7123,00	3205,00	10328,00	1187,17	210
TRIPLE SEPT	3	M	PUR SANG	3	0	2	7106,00	5329,00	12435,00	2368,67	365
DICIAMO	2	F	PUR SANG	4	0	2	7106,00	0,00	7106,00	1776,50	345
ULTRASPI	4	F	PUR SANG	6	0	6	7080,00	3182,00	10262,00	1180,00	245
REDOUTABLE	3	M	PUR SANG	8	0	5	7079,00	5306,00	12385,00	884,88	280
KING ARTHUR	3	H	PUR SANG	5	1	2	7078,00	5308,00	12386,00	1415,60	310
UNDERSTUDY	4	F	PUR SANG	3	0	2	7074,00	0,00	7074,00	2358,00	425
CALIDORA	2	F	PUR SANG	5	0	5	7058,00	0,00	7058,00	1411,60	330
PREFERENCIA	8	F	PUR SANG	6	0	4	7051,00	3171,00	10222,00	1175,17	160
PRINCESS SPIGAO	3	F	PUR SANG	5	1	2	7040,00	1530,00	8570,00	1408,00	315
OISEAU BLEU	2	F	PUR SANG	2	0	2	7034,00	0,00	7034,00	3517,00	
LUZITANIE	4	F	PUR SANG	9	0	8	7030,00	3163,00	10193,00	781,11	425
NEBUCHADNASSER	8	H	PUR SANG	5	0	4	7029,00	0,00	7029,00	1405,80	200
INFRAROUGE	3	F	PUR SANG	4	1	2	7026,00	0,00	7026,00	1756,50	345
SCREEN SHOT	7	H	PUR SANG	8	0	7	7022,00	3158,00	10180,00	877,75	295
BEAUTIFUL TIME	4	F	PUR SANG	3	1	1	7021,00	3158,00	10179,00	2340,33	280
MARYCHA	3	F	PUR SANG	8	0	5	7011,00	5258,00	12269,00	876,38	295
MARAKANA	3	F	PUR SANG	6	0	5	6982,00	5235,00	12217,00	1163,67	300
RUE RECAMIER	3	F	PUR SANG	4	0	3	6974,00	5229,00	12203,00	1743,50	345
VAPOA	3	F	PUR SANG	5	0	4	6971,00	5226,00	12197,00	1394,20	350
WALLIS ET FUTUNA	8	F	PUR SANG	9	1	4	6970,00	3136,00	10106,00	774,44	600
GOLD STANDARD	3	H	PUR SANG	4	0	3	6970,00	5227,00	12197,00	1742,50	250
SAUVIAC	5	H	PUR SANG	6	1	2	6961,00	3132,00	10093,00	1160,17	215
BAKHARA	7	F	PUR SANG	8	1	6	6960,00	3132,00	10092,00	870,00	430
PERSIAN DEVA	3	F	PUR SANG	6	0	4	6958,00	3793,00	10751,00	1159,67	245
NOUS Y SOMMES	4	H	PUR SANG	6	0	4	6956,00	3129,00	10085,00	1159,33	350
PRETTY QUEEN	4	F	PUR SANG	5	0	3	6954,00	3127,00	10081,00	1390,80	375
ARTOA	3	F	PUR SANG	7	0	4	6953,00	5214,00	12167,00	993,29	335
SAUZET	3	H	PUR SANG	3	0	3	6931,00	5197,00	12128,00	2310,33	380
KIROVSKY	4	H	PUR SANG	3	0	3	6931,00	0,00	6931,00	2310,33	345
WOODSTARS	2	H	PUR SANG	4	0	2	6930,00	5197,00	12127,00	1732,50	370
LOS SUENOS	4	H	PUR SANG	6	1	2	6929,00	0,00	6929,00	1154,83	245
HERACLES	4	H	PUR SANG	7	0	4	6925,00	3114,00	10039,00	989,29	320
DHIGALI	4	H	PUR SANG	9	0	7	6923,00	3112,00	10035,00	769,22	210
RAMASCOT	2	F	PUR SANG	2	0	2	6923,00	5191,00	12114,00	3461,50	
SEDE VACANTE	3	F	PUR SANG	8	0	3	6922,00	5191,00	12113,00	865,25	215
MASARO	3	H	PUR SANG	2	0	2	6917,00	5186,00	12103,00	3458,50	
GALORD	7	H	PUR SANG	5	0	2	6912,00	3109,00	10021,00	1382,40	360
NEROMBALA	3	F	PUR SANG	5	0	3	6906,00	0,00	6906,00	1381,20	330
DON NICOLAS	4	M	PUR SANG	6	0	4	6906,00	0,00	6906,00	1151,00	260
BELINSKOV	6	H	PUR SANG	8	0	6	6905,00	3104,00	10009,00	863,13	315
SARALD	3	H	PUR SANG	2	1	1	6900,00	1425,00	8325,00	3450,00	610
MARANELLO	3	H	PUR SANG	8	0	5	6900,00	5172,00	12072,00	862,50	250
ACATANA	6	F	PUR SANG	6	0	6	6893,00	3099,00	9992,00	1148,83	150
SPELONCATO	3	H	PUR SANG	8	0	4	6870,00	0,00	6870,00	858,75	255
INSIDE MATTERS	5	H	PUR SANG	11	0	5	6868,00	3088,00	9956,00	624,36	280
MADAME MAGIC	3	F	PUR SANG	7	0	4	6867,00	3134,00	10001,00	981,00	315
BREIZH MOON	6	F	PUR SANG	9	0	4	6866,00	3087,00	9953,00	762,89	330
NOBLE CHAMPION	4	M	PUR SANG	1	0	1	6860,00	0,00	6860,00	6860,00	
SPIRIT BOY	3	H	PUR SANG	10	1	5	6858,00	2143,00	9001,00	685,80	245
ZAKIYYAH GOLD	3	H	PUR SANG	7	1	4	6857,00	5142,00	11999,00	979,57	255
SHADIRWAN	5	H	PUR SANG	1	1	0	6850,00	3082,00	9932,00	6850,00	420
ELIMAN	4	H	PUR SANG	1	1	0	6850,00	3082,00	9932,00	6850,00	395
MARLENA'S PRINCE	4	H	PUR SANG	5	0	5	6850,00	0,00	6850,00	1370,00	260
GOLFEUR	5	H	PUR SANG	4	0	3	6847,00	3079,00	9926,00	1711,75	310
MEXICANA	3	F	PUR SANG	10	0	5	6843,00	5130,00	11973,00	684,30	235
ISNEAUVILLE	4	F	PUR SANG	5	1	3	6823,00	3069,00	9892,00	1364,60	340
LUCKY D'ID	4	H	PUR SANG	12	0	6	6813,00	2254,00	9067,00	567,75	195
LAPENTY	3	M	PUR SANG	5	0	4	6803,00	5100,00	11903,00	1360,60	380
MUSE DES ONGRAIS	4	F	PUR SANG	4	1	2	6800,00	0,00	6800,00	1700,00	
BELLE DE CLHOE	4	F	PUR SANG	5	1	3	6800,00	629,00	7429,00	1360,00	240
JUST ONE SPIRIT	4	H	PUR SANG	3	1	2	6800,00	0,00	6800,00	2266,67	
EXQUISE ITALIENNE	3	F	PUR SANG	4	0	4	6800,00	5100,00	11900,00	1700,00	355
GIUSEPPE BALLOCCO	4	H	PUR SANG	10	0	5	6797,00	3057,00	9854,00	679,70	265
ORISSON	4	H	PUR SANG	5	1	2	6790,00	3054,00	9844,00	1358,00	330
MAGURO	7	H	PUR SANG	9	1	1	6788,00	3054,00	9842,00	754,22	170
APOPHENIE	2	F	PUR SANG	3	0	2	6776,00	5082,00	11858,00	2258,67	365
STUDEN KLADENETS	3	M	PUR SANG	5	0	4	6771,00	0,00	6771,00	1354,20	340
ALREADY QUEEN	5	F	PUR SANG	8	0	7	6768,00	3043,00	9811,00	846,00	215
UGATZAI	5	H	PUR SANG	3	0	3	6768,00	3045,00	9813,00	2256,00	180
NO GUTS NO GLORY	3	M	PUR SANG	3	0	3	6763,00	5071,00	11834,00	2254,33	360
SAKURASAKU	4	H	PUR SANG	3	1	1	6762,00	1017,00	7779,00	2254,00	290
REVENTADOR	9	H	PUR SANG	10	0	8	6761,00	3040,00	9801,00	676,10	240
REMINISCE	6	H	PUR SANG	6	0	3	6752,00	3037,00	9789,00	1125,33	245
TIMNA DUGROHO	3	F	PUR SANG	2	1	1	6750,00	4312,00	11062,00	3375,00	
LANA ZAIN	3	F	PUR SANG	5	1	3	6738,00	1303,00	8041,00	1347,60	250
AGNESIT'A	3	F	PUR SANG	11	0	8	6736,00	5050,00	11786,00	612,36	235
COUPE D'EUROPE	5	F	PUR SANG	3	1	0	6700,00	3015,00	9715,00	2233,33	330
SIDEDREAM	6	F	PUR SANG	4	1	2	6697,00	1213,00	7910,00	1674,25	325
BRIGHTON SPORT	4	M	PUR SANG	3	1	1	6688,00	3009,00	9697,00	2229,33	280
SEMEUR	11	H	PUR SANG	8	1	1	6687,00	3009,00	9696,00	835,88	150
TWIN DREAM	5	F	PUR SANG	7	1	2	6676,00	2284,00	8960,00	953,71	185
SLALOM	3	H	PUR SANG	6	1	4	6673,00	5004,00	11677,00	1112,17	230
DONE DEAL	5	M	PUR SANG	4	0	3	6672,00	3001,00	9673,00	1668,00	390
CIRCION CHOP	3	H	PUR SANG	7	1	2	6670,00	5002,00	11672,00	952,86	225
AEDION	3	H	PUR SANG	6	0	3	6669,00	5001,00	11670,00	1111,50	335
BY THE WAY	9	H	PUR SANG	10	0	4	6668,00	2999,00	9667,00	666,80	200
REVERSO	5	H	PUR SANG	6	0	6	6661,00	2994,00	9655,00	1110,17	385
PANGAEA	6	H	PUR SANG	12	1	3	6657,00	2994,00	9651,00	554,75	225
L'AGORA GAME	5	F	PUR SANG	9	0	6	6656,00	2274,00	8930,00	739,56	285
YAFTABELLA	2	F	PUR SANG	3	0	3	6655,00	4990,00	11645,00	2218,33	370
OTERO	3	H	PUR SANG	5	0	3	6654,00	4990,00	11644,00	1330,80	325
ZARIBIYAN	3	M	PUR SANG	3	0	3	6639,00	0,00	6639,00	2213,00	355
SANDY EAGLE	4	F	PUR SANG	3	1	1	6635,00	2985,00	9620,00	2211,67	270
NASDAQ	5	M	PUR SANG	3	0	2	6624,00	2980,00	9604,00	2208,00	355
PETIT ROBIN	3	H	PUR SANG	3	0	3	6624,00	216,00	6840,00	2208,00	345
WOOD ROSE	3	M	PUR SANG	5	0	4	6624,00	4968,00	11592,00	1324,80	310
RANCON ROYALE	7	H	PUR SANG	4	0	2	6624,00	2980,00	9604,00	1656,00	325
MOREA	7	F	PUR SANG	11	0	5	6623,00	2979,00	9602,00	602,09	175
NUEVO QUARTZ	3	M	PUR SANG	6	1	3	6622,00	4965,00	11587,00	1103,67	240
JAZZ ROQUE	7	H	PUR SANG	6	1	3	6618,00	2977,00	9595,00	1103,00	530
ZENATA	3	F	PUR SANG	10	0	7	6617,00	4962,00	11579,00	661,70	265
CALYPSO	6	H	PUR SANG	12	0	6	6617,00	0,00	6617,00	551,42	290
BOBROVKHA	4	F	PUR SANG	6	1	1	6616,00	2977,00	9593,00	1102,67	245
MASTER LIGHT	6	H	PUR SANG	9	0	6	6616,00	2974,00	9590,00	735,11	160
ILDOUCE FLECHOIS	8	H	PUR SANG	7	1	1	6607,00	2972,00	9579,00	943,86	265
SHUTTERWOOD	4	F	PUR SANG	8	0	6	6597,00	2965,00	9562,00	824,63	325
GENTLEMAN BEAUTY	5	H	PUR SANG	7	0	4	6596,00	2967,00	9563,00	942,29	365
MAGIC TREVILLE	5	F	PUR SANG	11	0	8	6595,00	2964,00	9559,00	599,55	225
KESHAPOUR	5	H	PUR SANG	2	0	2	6594,00	2966,00	9560,00	3297,00	460
VALZAK	5	H	PUR SANG	9	0	3	6578,00	2959,00	9537,00	730,89	225
BARE ELEGANCE	5	F	PUR SANG	3	0	3	6572,00	0,00	6572,00	2190,67	315
I AM PARADOU	4	H	PUR SANG	7	0	4	6571,00	2955,00	9526,00	938,71	365
LA BELLE HELENE	3	F	PUR SANG	5	0	3	6566,00	4921,00	11487,00	1313,20	305
ROSISSIM	10	H	PUR SANG	9	0	7	6565,00	2953,00	9518,00	729,44	180
TAMAGHU	4	H	PUR SANG	6	0	5	6563,00	2952,00	9515,00	1093,83	290
SORELINO	3	H	PUR SANG	4	0	4	6560,00	4919,00	11479,00	1640,00	320
THAT'S LIFE	5	F	PUR SANG	6	0	5	6559,00	2949,00	9508,00	1093,17	250
NAIDEE	3	F	PUR SANG	7	0	4	6557,00	4917,00	11474,00	936,71	260
GREAT PROMISE	6	H	PUR SANG	4	0	4	6556,00	2950,00	9506,00	1639,00	205
CAPMAN FAL	4	F	PUR SANG	9	0	5	6529,00	2936,00	9465,00	725,44	270
MELLO MELLO	2	F	PUR SANG	3	0	3	6516,00	4886,00	11402,00	2172,00	370
AQUA MIRABILIS	4	F	PUR SANG	3	1	2	6510,00	2929,00	9439,00	2170,00	280
THALIA	4	F	PUR SANG	6	0	4	6504,00	2923,00	9427,00	1084,00	270
PTIT PEDRO	7	M	PUR SANG	7	1	3	6502,00	2925,00	9427,00	928,86	350
SILVER TOWER	4	F	PUR SANG	6	0	3	6501,00	2924,00	9425,00	1083,50	285
PRAIRIE GLORY	8	H	PUR SANG	6	0	6	6497,00	2922,00	9419,00	1082,83	255
ELENKA	4	F	PUR SANG	11	0	6	6497,00	2922,00	9419,00	590,64	230
NEW TOWN	5	F	PUR SANG	12	0	8	6492,00	2414,00	8906,00	541,00	155
CITOYEN	3	M	PUR SANG	3	0	3	6490,00	4867,00	11357,00	2163,33	350
KINGSTRIDE	3	H	PUR SANG	5	0	5	6476,00	3731,00	10207,00	1295,20	325
NRISSA	3	F	PUR SANG	2	1	1	6464,00	3787,00	10251,00	3232,00	
ARMORIGENE	9	H	PUR SANG	13	0	3	6464,00	2907,00	9371,00	497,23	195
REJAITT	4	F	PUR SANG	3	1	1	6462,00	0,00	6462,00	2154,00	275
DREAM WUKAIR	6	F	PUR SANG	7	0	4	6456,00	2903,00	9359,00	922,29	195
TEAM BREIZH	3	F	PUR SANG	4	0	2	6454,00	4840,00	11294,00	1613,50	350
HAPPY SAXON	5	F	PUR SANG	8	0	4	6452,00	2902,00	9354,00	806,50	330
OFF TO DUBAI	3	H	PUR SANG	7	0	5	6452,00	4839,00	11291,00	921,71	330
BLACKSKAR	2	H	PUR SANG	2	1	1	6432,00	4824,00	11256,00	3216,00	
WATCH THE KING	3	M	PUR SANG	4	0	4	6422,00	4816,00	11238,00	1605,50	370
EL MADAR	4	H	PUR SANG	9	0	5	6403,00	0,00	6403,00	711,44	205
LIO DE LA PLATA	5	F	PUR SANG	1	1	0	6400,00	2880,00	9280,00	6400,00	260
KLUC MARTIN	3	H	PUR SANG	4	1	2	6400,00	0,00	6400,00	1600,00	
ALATEMAGICBABY	5	H	PUR SANG	1	1	0	6400,00	0,00	6400,00	6400,00	320
LE ROUGE CHINOIS	6	H	PUR SANG	5	1	0	6400,00	0,00	6400,00	1280,00	250
PEN AND SWORD	3	H	PUR SANG	5	0	3	6400,00	0,00	6400,00	1280,00	390
OUARDA	2	F	PUR SANG	1	0	1	6398,00	4798,00	11196,00	6398,00	
OPERATIF	2	M	PUR SANG	1	0	1	6398,00	4798,00	11196,00	6398,00	
SIDEWALKOFBROADWAY	2	M	PUR SANG	1	0	1	6398,00	0,00	6398,00	6398,00	
CROOK	3	M	PUR SANG	6	0	3	6394,00	4795,00	11189,00	1065,67	340
CAPOUCHINE	3	F	PUR SANG	14	0	9	6389,00	4789,00	11178,00	456,36	200
PREMIERA	3	F	PUR SANG	7	0	5	6386,00	4789,00	11175,00	912,29	255
HANAMOUR	3	H	PUR SANG	4	1	3	6378,00	1221,00	7599,00	1594,50	270
JOSHUA MOON	8	H	PUR SANG	9	0	6	6378,00	2194,00	8572,00	708,67	200
HORNIG	3	M	PUR SANG	8	0	5	6374,00	0,00	6374,00	796,75	290
NUENCE'K	3	F	PUR SANG	5	0	3	6372,00	3654,00	10026,00	1274,40	320
SHEEMA'S ROSE	5	F	PUR SANG	10	0	5	6369,00	2863,00	9232,00	636,90	305
MANGAKEN	5	H	PUR SANG	10	0	4	6353,00	2858,00	9211,00	635,30	305
HO HOLY MOLY	3	F	PUR SANG	5	0	4	6352,00	0,00	6352,00	1270,40	325
ARLONG FAL	3	M	PUR SANG	3	0	3	6351,00	4762,00	11113,00	2117,00	420
MAYISKI	4	H	PUR SANG	5	1	1	6350,00	2677,00	9027,00	1270,00	260
DADAS BOY	5	H	PUR SANG	9	0	6	6337,00	0,00	6337,00	704,11	245
OTONIA	3	F	PUR SANG	7	0	4	6336,00	4752,00	11088,00	905,14	305
TEPITO	4	H	PUR SANG	13	0	8	6330,00	2845,00	9175,00	486,92	150
IAMICHOP	5	H	PUR SANG	11	1	4	6320,00	2843,00	9163,00	574,55	195
IXIAS	3	F	PUR SANG	4	0	4	6313,00	4734,00	11047,00	1578,25	295
PRESSURE TEST	3	F	PUR SANG	9	0	4	6313,00	3834,00	10147,00	701,44	245
DRAMAKUTA	5	F	PUR SANG	7	1	5	6310,00	2839,00	9149,00	901,43	445
PERIHELIO	4	H	PUR SANG	9	0	4	6303,00	0,00	6303,00	700,33	295
GREY WOLF	3	H	PUR SANG	8	0	3	6290,00	4716,00	11006,00	786,25	245
STANDBY	3	F	PUR SANG	3	1	2	6286,00	0,00	6286,00	2095,33	330
TEXAS WOOD	3	H	PUR SANG	3	0	2	6286,00	4713,00	10999,00	2095,33	410
LOVELY DREAM	4	F	PUR SANG	7	0	6	6281,00	2824,00	9105,00	897,29	225
THE TOP GATSBY	6	F	PUR SANG	3	0	2	6272,00	2820,00	9092,00	2090,67	380
SEDANO	4	H	PUR SANG	2	0	2	6272,00	2822,00	9094,00	3136,00	415
MARMARA	4	F	PUR SANG	1	1	0	6250,00	0,00	6250,00	6250,00	300
BLOWN BY THE WIND	4	F	PUR SANG	14	0	5	6249,00	2631,00	8880,00	446,36	230
ERLING	4	M	PUR SANG	4	1	1	6238,00	0,00	6238,00	1559,50	315
STRATOVULCANO	3	H	PUR SANG	7	0	5	6232,00	0,00	6232,00	890,29	325
RAIATEA	5	F	PUR SANG	10	0	4	6228,00	2800,00	9028,00	622,80	185
ZE WEEKEND	4	H	PUR SANG	5	1	3	6225,00	2125,00	8350,00	1245,00	230
MAJOR OAK	6	H	PUR SANG	7	0	4	6217,00	2797,00	9014,00	888,14	385
MAHOMES	5	H	PUR SANG	2	0	2	6213,00	2795,00	9008,00	3106,50	360
NIIA	4	F	PUR SANG	10	0	4	6196,00	2787,00	8983,00	619,60	195
MERCI AGATHE	2	F	PUR SANG	7	0	5	6195,00	4646,00	10841,00	885,00	300
PURBRIGHT DRALLIV	4	H	PUR SANG	13	0	5	6192,00	2604,00	8796,00	476,31	200
ARABIAN FEVER	4	M	PUR SANG	6	0	5	6188,00	2782,00	8970,00	1031,33	295
BETISE	4	F	PUR SANG	8	0	5	6182,00	2780,00	8962,00	772,75	225
DELTA SPIRIT	9	H	PUR SANG	8	1	3	6176,00	979,00	7155,00	772,00	270
LYNEHAM	3	M	PUR SANG	3	0	2	6175,00	4631,00	10806,00	2058,33	460
ETERNAL BLESSING	4	F	PUR SANG	5	0	4	6173,00	2777,00	8950,00	1234,60	255
JOYPHORIA	3	F	PUR SANG	8	0	7	6156,00	4615,00	10771,00	769,50	275
MADAME X	3	F	PUR SANG	3	0	3	6156,00	0,00	6156,00	2052,00	300
MA BARBIE'K	4	F	PUR SANG	11	0	6	6148,00	2764,00	8912,00	558,91	220
EXCALIBUR	9	H	PUR SANG	10	0	4	6147,00	2765,00	8912,00	614,70	210
FLASH D'ASPE	4	H	PUR SANG	8	0	5	6147,00	1145,00	7292,00	768,38	205
SOLDIERS CHORUS	4	F	PUR SANG	5	0	4	6147,00	2764,00	8911,00	1229,40	250
SITULA	3	F	PUR SANG	3	0	2	6146,00	4609,00	10755,00	2048,67	350
TAMISE	3	F	PUR SANG	3	0	3	6146,00	4608,00	10754,00	2048,67	355
TALMAS	3	H	PUR SANG	3	0	2	6144,00	4608,00	10752,00	2048,00	435
CHRISJONH	3	H	PUR SANG	10	0	6	6144,00	4608,00	10752,00	614,40	260
EMPTY STREET	3	F	PUR SANG	5	0	3	6144,00	4608,00	10752,00	1228,80	300
TEO'S BARLEY CEN	3	F	PUR SANG	3	0	3	6144,00	4608,00	10752,00	2048,00	320
MA OUI CHOP	3	H	PUR SANG	8	0	5	6138,00	2372,00	8510,00	767,25	250
PENNYGRAPHIE	4	F	PUR SANG	6	0	4	6136,00	2356,00	8492,00	1022,67	225
BILLION GOLD	3	H	PUR SANG	3	0	3	6129,00	0,00	6129,00	2043,00	325
RODRIGUE	3	H	PUR SANG	6	0	3	6128,00	4596,00	10724,00	1021,33	295
KAHOUNA	8	F	PUR SANG	7	0	5	6124,00	2575,00	8699,00	874,86	225
SENONNIAN	4	H	PUR SANG	5	0	3	6122,00	2754,00	8876,00	1224,40	560
RAYO DE LUZ	5	F	PUR SANG	7	0	5	6120,00	2753,00	8873,00	874,29	210
MICOCOULIER STREET	3	M	PUR SANG	7	0	6	6119,00	4588,00	10707,00	874,14	315
KAMETA	6	F	PUR SANG	4	0	2	6116,00	2751,00	8867,00	1529,00	250
MEME TOI	4	H	PUR SANG	7	1	2	6112,00	2750,00	8862,00	873,14	280
VENETIAN TEMPLE	2	F	PUR SANG	3	1	1	6111,00	4583,00	10694,00	2037,00	370
WHITE SHARK	3	M	PUR SANG	6	0	4	6105,00	4578,00	10683,00	1017,50	335
SERPENTAR	4	H	PUR SANG	3	1	2	6102,00	945,00	7047,00	2034,00	
ZOLIA D'OROUX	3	F	PUR SANG	7	0	5	6094,00	4569,00	10663,00	870,57	260
HEY JO	3	H	PUR SANG	4	0	3	6074,00	4555,00	10629,00	1518,50	335
GO FOR IT	7	F	PUR SANG	7	1	3	6072,00	2731,00	8803,00	867,43	210
CUNCERTO	7	H	PUR SANG	4	0	2	6068,00	2730,00	8798,00	1517,00	350
I GOT RHYTHM	4	H	PUR SANG	3	0	2	6062,00	2726,00	8788,00	2020,67	365
MELODIC	4	F	PUR SANG	3	0	3	6058,00	0,00	6058,00	2019,33	315
EDEN ROC	3	H	PUR SANG	5	0	5	6050,00	0,00	6050,00	1210,00	280
RED SUGAR	7	F	PUR SANG	3	0	3	6048,00	2721,00	8769,00	2016,00	155
JOLIE CITY	2	F	PUR SANG	8	0	6	6048,00	4536,00	10584,00	756,00	600
SHOWBOATED	5	H	PUR SANG	5	0	2	6024,00	2710,00	8734,00	1204,80	150
SUCCESS STORY	8	F	PUR SANG	10	0	6	6021,00	2708,00	8729,00	602,10	150
MRS HOLIDAY	5	F	PUR SANG	10	0	4	6004,00	2699,00	8703,00	600,40	295
NUIT D'ALIENOR	9	F	PUR SANG	3	1	2	6000,00	2699,00	8699,00	2000,00	230
BEL ORIFLAMME	3	H	PUR SANG	4	1	1	6000,00	750,00	6750,00	1500,00	270
FLEUR CELESTE	2	F	PUR SANG	2	1	0	6000,00	4500,00	10500,00	3000,00	
CYMOPHANE	3	F	PUR SANG	5	1	1	6000,00	0,00	6000,00	1200,00	290
BERLINETTA	4	F	PUR SANG	9	0	4	5993,00	2695,00	8688,00	665,89	250
LIBERTIN GRIS	7	H	PUR SANG	7	0	6	5980,00	2691,00	8671,00	854,29	480
KIM KARALA	6	F	PUR SANG	4	0	3	5980,00	2690,00	8670,00	1495,00	250
PULP FICTION	3	F	PUR SANG	13	0	9	5979,00	4482,00	10461,00	459,92	220
INSEPARABLE	4	H	PUR SANG	3	1	2	5971,00	2686,00	8657,00	1990,33	250
MAGIC VATI	9	H	PUR SANG	11	1	1	5966,00	2684,00	8650,00	542,36	150
GHOST WARRIOR	3	H	PUR SANG	2	1	1	5959,00	0,00	5959,00	2979,50	
MAGIC FLIGHT	6	H	PUR SANG	3	1	0	5950,00	2677,00	8627,00	1983,33	250
DAHMAN	4	H	PUR SANG	1	1	0	5950,00	0,00	5950,00	5950,00	
TAPIOCA PEARL	4	F	PUR SANG	1	1	0	5950,00	2677,00	8627,00	5950,00	355
MAESTRANZO	4	H	PUR SANG	1	1	0	5950,00	2677,00	8627,00	5950,00	525
DIONYSOS FORLONGE	4	H	PUR SANG	3	1	0	5950,00	0,00	5950,00	1983,33	
BRIGHT FUTURE	4	F	PUR SANG	1	1	0	5950,00	0,00	5950,00	5950,00	320
SINDBAD	4	H	PUR SANG	1	1	0	5950,00	0,00	5950,00	5950,00	
LILI FOR MOMS	5	F	PUR SANG	9	1	2	5936,00	2671,00	8607,00	659,56	220
CRACKELITA	3	F	PUR SANG	3	1	2	5936,00	702,00	6638,00	1978,67	290
MATIA	3	F	PUR SANG	3	0	2	5928,00	4446,00	10374,00	1976,00	350
SECRET GLORY	7	F	PUR SANG	12	0	7	5927,00	2665,00	8592,00	493,92	160
LAGOA SANTA	7	F	PUR SANG	6	0	3	5926,00	2665,00	8591,00	987,67	150
MEHANYDREAM	9	H	PUR SANG	10	0	7	5925,00	2663,00	8588,00	592,50	150
GIRAFFE	6	F	PUR SANG	6	0	3	5923,00	2664,00	8587,00	987,17	290
INDIAN SUNSET	7	F	PUR SANG	7	0	3	5909,00	2657,00	8566,00	844,14	250
THUNDERHEART	5	H	PUR SANG	7	0	5	5905,00	2654,00	8559,00	843,57	250
SNOW PLAYER	4	M	PUR SANG	3	0	2	5902,00	2655,00	8557,00	1967,33	445
LA HAUTE ISLE	8	F	PUR SANG	8	0	6	5900,00	2654,00	8554,00	737,50	225
ILUMINE PRECIEUSE	8	F	PUR SANG	7	0	6	5898,00	2651,00	8549,00	842,57	290
JOYEUSE DE ROMAY	7	F	PUR SANG	7	0	5	5896,00	2652,00	8548,00	842,29	235
BIG ENERGY	4	H	PUR SANG	11	0	6	5884,00	2646,00	8530,00	534,91	215
POPPIE SAN	5	F	PUR SANG	2	0	2	5880,00	2645,00	8525,00	2940,00	255
SCATY CHOP	2	M	PUR SANG	2	0	2	5880,00	4409,00	10289,00	2940,00	
WAKE ME UP	2	M	PUR SANG	3	0	2	5880,00	4409,00	10289,00	1960,00	350
LA FERRETCAPIENNE	4	F	PUR SANG	12	0	4	5870,00	2639,00	8509,00	489,17	290
THE BROTHER	2	H	PUR SANG	8	0	5	5870,00	4401,00	10271,00	733,75	305
LUDWIG DER ZWEITE	2	M	PUR SANG	4	0	3	5866,00	4399,00	10265,00	1466,50	360
TABEO	3	M	PUR SANG	4	0	2	5864,00	0,00	5864,00	1466,00	380
FIRE BULLET	2	M	PUR SANG	3	0	3	5864,00	0,00	5864,00	1954,67	360
CHASSEUR DE PRIME	5	H	PUR SANG	10	0	6	5860,00	2637,00	8497,00	586,00	430
MIAIMAOU	4	F	PUR SANG	10	0	5	5858,00	2635,00	8493,00	585,80	230
ZARLAND	3	H	PUR SANG	5	0	4	5855,00	4390,00	10245,00	1171,00	380
CHELSEA DU NINIAN	8	F	PUR SANG	7	0	4	5848,00	2629,00	8477,00	835,43	330
BEN DE DIANE	7	H	PUR SANG	9	0	6	5844,00	2627,00	8471,00	649,33	250
EMOTIVO	6	F	PUR SANG	4	0	4	5841,00	0,00	5841,00	1460,25	250
HOTHEADED	4	H	PUR SANG	3	0	2	5838,00	0,00	5838,00	1946,00	465
MARYZIA	3	F	PUR SANG	3	0	2	5836,00	0,00	5836,00	1945,33	355
MERLE	3	H	PUR SANG	9	0	4	5826,00	4368,00	10194,00	647,33	320
CASPIENNE	3	F	PUR SANG	4	0	3	5819,00	4363,00	10182,00	1454,75	330
GOLDEN BREEZE	3	F	PUR SANG	11	0	6	5807,00	4353,00	10160,00	527,91	205
MONSIEUR SHELBY	4	H	PUR SANG	6	0	4	5805,00	2610,00	8415,00	967,50	290
CLOSE COMBAT	4	H	PUR SANG	6	1	3	5800,00	540,00	6340,00	966,67	210
ETOILE D ARMOR	2	F	PUR SANG	5	0	4	5794,00	4343,00	10137,00	1158,80	355
ESPARTINAS	3	F	PUR SANG	3	0	3	5790,00	4342,00	10132,00	1930,00	345
RUE DU SAHEL	5	F	PUR SANG	5	0	4	5787,00	2602,00	8389,00	1157,40	170
LUCKY YOU	10	F	PUR SANG	5	1	2	5786,00	2603,00	8389,00	1157,20	185
LHOTSE	3	F	PUR SANG	2	0	2	5778,00	0,00	5778,00	2889,00	
KOELLE ALAAF	3	H	PUR SANG	5	0	5	5772,00	2829,00	8601,00	1154,40	255
MAHASEN	4	F	PUR SANG	3	1	1	5766,00	2594,00	8360,00	1922,00	330
BATURHAN	4	M	PUR SANG	5	0	2	5760,00	2591,00	8351,00	1152,00	255
DANAFLO	3	F	PUR SANG	10	0	6	5752,00	4312,00	10064,00	575,20	235
GUACARI	4	H	PUR SANG	3	1	0	5750,00	2587,00	8337,00	1916,67	265
TZAREKOV	3	M	PUR SANG	2	1	0	5750,00	4312,00	10062,00	2875,00	280
CLAIM A GIFT	3	F	PUR SANG	2	1	0	5750,00	4312,00	10062,00	2875,00	300
NATIVE RULER	3	M	PUR SANG	1	1	0	5750,00	0,00	5750,00	5750,00	
BE MY PERSON	3	F	PUR SANG	1	1	0	5750,00	0,00	5750,00	5750,00	
BRITANIA	4	F	PUR SANG	5	0	3	5749,00	2586,00	8335,00	1149,80	355
GOLDEN CALL	7	H	PUR SANG	4	0	3	5748,00	2586,00	8334,00	1437,00	440
PONTD'YEU	6	H	PUR SANG	9	1	2	5745,00	2584,00	8329,00	638,33	170
KAMAKURA ONE	5	F	PUR SANG	8	0	5	5745,00	2583,00	8328,00	718,13	275
SAIDI EL FAL	5	M	PUR SANG	4	0	1	5742,00	2583,00	8325,00	1435,50	465
LADY ILZE	4	F	PUR SANG	2	0	1	5742,00	0,00	5742,00	2871,00	445
NATURALISTE	3	F	PUR SANG	5	0	4	5735,00	4301,00	10036,00	1147,00	345
NOBLEMAN	5	H	PUR SANG	8	1	1	5728,00	2577,00	8305,00	716,00	285
FALBALA	5	F	PUR SANG	4	0	3	5721,00	2573,00	8294,00	1430,25	275
SHARIPA	3	F	PUR SANG	2	0	2	5718,00	4287,00	10005,00	2859,00	
CHAPEL HILL	4	F	PUR SANG	3	0	3	5717,00	2571,00	8288,00	1905,67	270
TANA MA	3	F	PUR SANG	8	0	4	5701,00	4275,00	9976,00	712,63	240
BLOOMTAAL	4	H	PUR SANG	2	0	2	5700,00	2564,00	8264,00	2850,00	320
HAPPY VALENTINE	5	F	PUR SANG	5	0	4	5699,00	0,00	5699,00	1139,80	335
MYSTERY DAY	3	F	PUR SANG	2	0	2	5682,00	0,00	5682,00	2841,00	360
DESTIVELLE	3	F	PUR SANG	2	0	2	5681,00	4260,00	9941,00	2840,50	
KENOR	8	H	PUR SANG	8	0	3	5670,00	2550,00	8220,00	708,75	210
GOLDEN RIVER	6	F	PUR SANG	8	0	4	5667,00	2547,00	8214,00	708,38	210
PIERRE PREMIER	6	H	PUR SANG	8	0	5	5664,00	2547,00	8211,00	708,00	270
GEMINI	2	F	PUR SANG	2	0	2	5664,00	4248,00	9912,00	2832,00	
GREEN SPIRIT	9	H	PUR SANG	5	0	4	5656,00	2545,00	8201,00	1131,20	205
MENLINK DU CHABOIS	4	H	PUR SANG	7	0	5	5653,00	1821,00	7474,00	807,57	225
ZUMBA LOLA	3	F	PUR SANG	2	0	2	5652,00	0,00	5652,00	2826,00	
FLAMANVILLE	3	F	PUR SANG	5	0	4	5650,00	2136,00	7786,00	1130,00	280
SOULOU MALPIC	10	H	PUR SANG	3	0	2	5644,00	2538,00	8182,00	1881,33	250
HAPPY CHRISNAT	9	H	PUR SANG	4	0	2	5644,00	2538,00	8182,00	1411,00	235
BUDOKAN	3	H	PUR SANG	5	0	3	5642,00	0,00	5642,00	1128,40	335
DRAGONS BLOOD	4	H	PUR SANG	6	0	5	5642,00	0,00	5642,00	940,33	270
MIYALAA	5	F	PUR SANG	7	0	4	5628,00	2531,00	8159,00	804,00	330
BRIDGE OF TEARS	3	F	PUR SANG	6	0	3	5627,00	4219,00	9846,00	937,83	325
ZANINA	3	F	PUR SANG	10	0	7	5620,00	4214,00	9834,00	562,00	290
PRINCE AZUR	2	M	PUR SANG	3	0	2	5617,00	4212,00	9829,00	1872,33	395
KALAHANI	4	M	PUR SANG	4	0	2	5616,00	2526,00	8142,00	1404,00	370
SELENIEN	4	M	PUR SANG	2	0	2	5614,00	2525,00	8139,00	2807,00	395
PICCOLO ANGELO	2	H	PUR SANG	2	0	2	5614,00	4210,00	9824,00	2807,00	
AMBRA ANTICA	4	F	PUR SANG	9	0	3	5611,00	2523,00	8134,00	623,44	250
TRYS	3	F	PUR SANG	5	1	3	5608,00	1205,00	6813,00	1121,60	315
TELCHERBOLINE	4	F	PUR SANG	5	1	1	5600,00	1800,00	7400,00	1120,00	320
EXTRAGALACTIC	3	F	PUR SANG	2	1	1	5600,00	0,00	5600,00	2800,00	
MANUAE	3	F	PUR SANG	10	0	6	5591,00	4191,00	9782,00	559,10	230
TEMADIVA	3	F	PUR SANG	10	0	5	5587,00	4190,00	9777,00	558,70	230
ROMAN SKIES	4	H	PUR SANG	4	0	3	5584,00	2512,00	8096,00	1396,00	250
ZUCHETTO	2	H	PUR SANG	4	0	3	5579,00	4183,00	9762,00	1394,75	385
TARASOFT	3	H	PUR SANG	6	0	5	5572,00	4178,00	9750,00	928,67	270
RED GRACE	8	F	PUR SANG	10	0	7	5550,00	2496,00	8046,00	555,00	245
GOLUPTIOUS	5	M	PUR SANG	6	0	4	5550,00	2495,00	8045,00	925,00	330
MAMINOA	4	F	PUR SANG	10	0	4	5548,00	2496,00	8044,00	554,80	180
VEULES LES ROSES	3	F	PUR SANG	4	1	3	5528,00	1145,00	6673,00	1382,00	260
JECTOT	7	H	PUR SANG	7	1	3	5525,00	2485,00	8010,00	789,29	170
LANCEUR D'ALERTE	6	H	PUR SANG	10	0	4	5524,00	2484,00	8008,00	552,40	255
OLYA	4	F	PUR SANG	6	0	4	5523,00	2483,00	8006,00	920,50	310
SILVER RUSH	3	M	PUR SANG	6	0	5	5522,00	0,00	5522,00	920,33	350
MOON OF THE NIGHT	4	F	PUR SANG	11	0	7	5517,00	2481,00	7998,00	501,55	170
CAPE OF FLAMES	4	F	PUR SANG	4	0	2	5504,00	0,00	5504,00	1376,00	255
DARMORA	3	F	PUR SANG	2	1	1	5502,00	4126,00	9628,00	2751,00	
HIGHBOURNE KARISMA	5	F	PUR SANG	1	1	0	5500,00	0,00	5500,00	5500,00	
AMILA	3	F	PUR SANG	2	0	2	5498,00	4122,00	9620,00	2749,00	
VICTORIOUS ESCAPE	3	F	PUR SANG	2	0	2	5498,00	4122,00	9620,00	2749,00	
CAREGIVER	6	H	PUR SANG	7	0	6	5493,00	2469,00	7962,00	784,71	245
SENTOSA	3	F	PUR SANG	5	0	3	5492,00	2619,00	8111,00	1098,40	335
KENTUCKY RAIN	2	F	PUR SANG	1	0	1	5490,00	0,00	5490,00	5490,00	385
MARGARET'S PEARL	2	F	PUR SANG	1	0	1	5490,00	0,00	5490,00	5490,00	
DARNETAL	5	H	PUR SANG	7	0	5	5479,00	2104,00	7583,00	782,71	280
ZOKOA	6	H	PUR SANG	7	0	3	5478,00	2464,00	7942,00	782,57	200
MISS SUPERNOVA	6	F	PUR SANG	1	0	1	5472,00	2462,00	7934,00	5472,00	325
PROLIXE	3	H	PUR SANG	5	0	4	5472,00	4104,00	9576,00	1094,40	275
ASKARI	4	M	PUR SANG	2	0	1	5472,00	0,00	5472,00	2736,00	360
BEST SISTER	3	F	PUR SANG	11	0	7	5461,00	4095,00	9556,00	496,45	220
TALK SHOW	6	H	PUR SANG	2	1	1	5460,00	2457,00	7917,00	2730,00	350
ROYALTY	3	F	PUR SANG	2	0	2	5458,00	4093,00	9551,00	2729,00	380
NEPTUNE BAILLY	3	F	PUR SANG	5	0	3	5452,00	4089,00	9541,00	1090,40	270
DINA QUEEN	3	F	PUR SANG	3	0	3	5442,00	4081,00	9523,00	1814,00	300
ROMANCIER NOCTURNE	3	H	PUR SANG	6	0	3	5441,00	4078,00	9519,00	906,83	300
SEA THE WOOD	6	H	PUR SANG	6	0	5	5435,00	1905,00	7340,00	905,83	250
LITTLE STORY	3	F	PUR SANG	9	0	5	5430,00	734,00	6164,00	603,33	270
ONCHAO	5	H	PUR SANG	5	1	2	5425,00	640,00	6065,00	1085,00	200
ZOFFWALTZ	7	F	PUR SANG	10	0	3	5425,00	2440,00	7865,00	542,50	225
TWIN BOY	8	H	PUR SANG	12	0	4	5424,00	2440,00	7864,00	452,00	170
GOLD AND CASH	7	H	PUR SANG	8	0	3	5409,00	2433,00	7842,00	676,13	260
CHERGUI	6	H	PUR SANG	3	0	2	5404,00	2431,00	7835,00	1801,33	395
SARAGHAR	3	H	PUR SANG	4	0	3	5404,00	4053,00	9457,00	1351,00	345
RAWIYA	4	F	PUR SANG	6	0	4	5392,00	2425,00	7817,00	898,67	300
LIGHTNING GIRL	3	F	PUR SANG	3	0	3	5382,00	0,00	5382,00	1794,00	260
SIXUNION	7	H	PUR SANG	6	0	5	5380,00	2010,00	7390,00	896,67	230
MISS YORKSHIRE	4	F	PUR SANG	7	0	4	5377,00	2418,00	7795,00	768,14	285
SOLIKHIEV	3	H	PUR SANG	2	0	2	5376,00	4032,00	9408,00	2688,00	
NIKITA DU BANCO	3	F	PUR SANG	2	0	2	5376,00	4032,00	9408,00	2688,00	
DALMORA	2	F	PUR SANG	2	0	2	5368,00	4024,00	9392,00	2684,00	
ORANGERIE	4	F	PUR SANG	2	0	2	5352,00	0,00	5352,00	2676,00	310
ZELZALA	3	F	PUR SANG	4	1	2	5343,00	4007,00	9350,00	1335,75	320
LA JAVANAISE	9	F	PUR SANG	5	0	3	5332,00	2398,00	7730,00	1066,40	215
ORASHI	3	F	PUR SANG	5	0	3	5332,00	3999,00	9331,00	1066,40	315
MEHMIST	4	M	PUR SANG	6	0	4	5324,00	2393,00	7717,00	887,33	350
SUPER ALEX	11	H	PUR SANG	7	1	2	5320,00	2393,00	7713,00	760,00	320
MICHELADA	2	F	PUR SANG	5	0	3	5317,00	0,00	5317,00	1063,40	360
VEGAMIX	3	M	PUR SANG	3	0	2	5311,00	3981,00	9292,00	1770,33	375
DORMEZ VOUS	3	M	PUR SANG	2	0	2	5311,00	0,00	5311,00	2655,50	365
SEPTIMUS	5	H	PUR SANG	6	0	2	5310,00	2388,00	7698,00	885,00	295
GRECIAN STORM	5	H	PUR SANG	2	0	2	5309,00	2389,00	7698,00	2654,50	420
BLUE SEABIRD	4	H	PUR SANG	4	0	2	5301,00	2385,00	7686,00	1325,25	340
MASTARS	7	H	PUR SANG	3	1	2	5300,00	2047,00	7347,00	1766,67	225
RUE DES ORTEAUX	5	F	PUR SANG	8	0	4	5300,00	2384,00	7684,00	662,50	185
LIBERTE CHERIE	8	F	PUR SANG	7	0	3	5297,00	2213,00	7510,00	756,71	175
PERFECT MOON	3	F	PUR SANG	9	0	5	5293,00	3968,00	9261,00	588,11	275
AL GHARIYA	3	F	PUR SANG	4	1	1	5288,00	216,00	5504,00	1322,00	330
LOVE THE STARS	7	F	PUR SANG	6	0	4	5283,00	2376,00	7659,00	880,50	265
PERTUSATO	8	H	PUR SANG	2	0	2	5282,00	2376,00	7658,00	2641,00	310
PAS DE VAGUES	3	M	PUR SANG	6	0	5	5279,00	3958,00	9237,00	879,83	355
ZARAKVA	4	F	PUR SANG	4	0	4	5278,00	2372,00	7650,00	1319,50	350
SASKIA DES PLACES	4	F	PUR SANG	5	0	4	5274,00	2372,00	7646,00	1054,80	280
MURRAY	6	H	PUR SANG	3	0	3	5274,00	0,00	5274,00	1758,00	315
MATGIWELL	6	F	PUR SANG	7	1	4	5265,00	2367,00	7632,00	752,14	195
LONDON WAY	6	H	PUR SANG	6	0	3	5261,00	2367,00	7628,00	876,83	150
ELIMA	3	F	PUR SANG	2	0	2	5248,00	3936,00	9184,00	2624,00	390
MARCH MADNESS	2	M	PUR SANG	3	0	3	5246,00	3933,00	9179,00	1748,67	330
PARIS BABE	4	F	PUR SANG	2	0	2	5241,00	2358,00	7599,00	2620,50	415
BAHIA WARANA	5	H	PUR SANG	15	0	9	5233,00	2351,00	7584,00	348,87	170
PRINCENOIR	3	H	PUR SANG	5	1	1	5230,00	360,00	5590,00	1046,00	255
JUBILE	7	H	PUR SANG	11	0	6	5225,00	2349,00	7574,00	475,00	220
LAITH	4	M	PUR SANG	3	0	2	5223,00	2349,00	7572,00	1741,00	380
MOONZIKNUIT	3	H	PUR SANG	3	1	1	5219,00	164,00	5383,00	1739,67	325
REDSIA FAL	4	F	PUR SANG	7	0	3	5216,00	2345,00	7561,00	745,14	285
TREVANION	6	H	PUR SANG	2	0	2	5208,00	0,00	5208,00	2604,00	325
PUMP PUMP CITY	6	H	PUR SANG	8	0	4	5206,00	2342,00	7548,00	650,75	250
ROSE MANGUE	2	F	PUR SANG	1	0	1	5206,00	3904,00	9110,00	5206,00	
CHESTER LIGHT	2	F	PUR SANG	1	0	1	5206,00	3904,00	9110,00	5206,00	
AL HAMAAD	2	M	PUR SANG	1	0	1	5206,00	3904,00	9110,00	5206,00	
KINGA	2	F	PUR SANG	3	0	1	5206,00	3904,00	9110,00	1735,33	
LADY ARAVACA	2	F	PUR SANG	1	0	1	5206,00	3904,00	9110,00	5206,00	
VALIANTUS	2	M	PUR SANG	1	0	1	5206,00	0,00	5206,00	5206,00	
GOUYAR	2	M	PUR SANG	2	0	1	5206,00	0,00	5206,00	2603,00	
TINIGRI DE JUILLEY	4	F	PUR SANG	2	1	1	5200,00	0,00	5200,00	2600,00	
MONSIEUR FANTAISIE	8	H	PUR SANG	10	0	4	5193,00	0,00	5193,00	519,30	175
FREGATE	4	F	PUR SANG	6	0	5	5190,00	2334,00	7524,00	865,00	230
SIRE CHOP	2	M	PUR SANG	5	0	3	5190,00	3892,00	9082,00	1038,00	335
BOKEI	3	H	PUR SANG	2	0	2	5186,00	0,00	5186,00	2593,00	
ALROMY	7	F	PUR SANG	8	0	5	5184,00	2332,00	7516,00	648,00	210
PRINCESS ALMA	3	F	PUR SANG	8	0	5	5174,00	3880,00	9054,00	646,75	260
SANDON	4	F	PUR SANG	9	0	5	5173,00	2326,00	7499,00	574,78	190
ROMA ANTICA	3	F	PUR SANG	8	1	1	5172,00	129,00	5301,00	646,50	225
ACCLAM	8	H	PUR SANG	13	0	6	5172,00	2324,00	7496,00	397,85	255
OCTOBRE ROSE	3	F	PUR SANG	4	1	2	5171,00	878,00	6049,00	1292,75	540
KERNO QUATZ	6	M	PUR SANG	11	0	6	5169,00	2324,00	7493,00	469,91	290
KAPTAIN NORDIK	9	H	PUR SANG	9	0	4	5164,00	2322,00	7486,00	573,78	230
FLAMBOYANTE	7	F	PUR SANG	7	0	4	5164,00	2322,00	7486,00	737,71	255
WESTMINSTER NIGHT	7	H	PUR SANG	9	0	5	5164,00	2321,00	7485,00	573,78	335
WESTMINSTER LOVE	4	F	PUR SANG	7	0	3	5160,00	2321,00	7481,00	737,14	280
VEGA	5	F	PUR SANG	6	0	3	5155,00	2318,00	7473,00	859,17	290
QERDIE DES ROSES	3	H	PUR SANG	4	0	2	5148,00	3861,00	9009,00	1287,00	320
CLAIM THE STARS	7	H	PUR SANG	5	0	4	5147,00	0,00	5147,00	1029,40	305
VIVELAVIE	5	F	PUR SANG	7	0	6	5140,00	2313,00	7453,00	734,29	495
VERMEER	4	H	PUR SANG	4	0	2	5138,00	2311,00	7449,00	1284,50	295
MISS DE PANAME	3	F	PUR SANG	6	0	2	5136,00	3852,00	8988,00	856,00	350
FRAYA MAS	3	F	PUR SANG	4	0	3	5136,00	3852,00	8988,00	1284,00	335
VA S'Y MIX	9	H	PUR SANG	6	0	4	5131,00	2307,00	7438,00	855,17	320
MARIYAM	3	F	PUR SANG	5	0	4	5131,00	3848,00	8979,00	1026,20	325
BAIONA	7	F	PUR SANG	6	0	5	5129,00	2306,00	7435,00	854,83	200
ROLEXXA	4	F	PUR SANG	10	0	8	5120,00	2300,00	7420,00	512,00	245
STELLA MARINA	6	F	PUR SANG	6	0	3	5108,00	2296,00	7404,00	851,33	260
ZAKI WOODEN	4	F	PUR SANG	7	1	3	5101,00	135,00	5236,00	728,71	240
TWO NIJINSKY CEN	3	F	PUR SANG	4	0	4	5101,00	3825,00	8926,00	1275,25	305
LAGOONE CHOPE	7	F	PUR SANG	10	0	5	5100,00	2293,00	7393,00	510,00	225
LISTANGANA	3	F	PUR SANG	7	0	6	5100,00	3825,00	8925,00	728,57	430
REVE DE VIE	3	F	PUR SANG	10	0	3	5094,00	3820,00	8914,00	509,40	265
PASSEPARTOUT	5	M	PUR SANG	8	0	5	5090,00	2289,00	7379,00	636,25	290
EXCLUSIVE RED	3	F	PUR SANG	3	0	3	5088,00	3815,00	8903,00	1696,00	300
GLORIETTE SAN	6	F	PUR SANG	2	0	2	5083,00	2287,00	7370,00	2541,50	320
ELLE LA VITESSE	5	F	PUR SANG	6	0	4	5083,00	0,00	5083,00	847,17	235
NENA	3	F	PUR SANG	6	0	5	5078,00	3808,00	8886,00	846,33	295
WALMORYA	3	F	PUR SANG	5	0	2	5071,00	3802,00	8873,00	1014,20	290
ROSE OF THE CITY	5	F	PUR SANG	6	0	4	5067,00	1920,00	6987,00	844,50	275
STEP MORNING	8	H	PUR SANG	4	0	3	5066,00	2278,00	7344,00	1266,50	395
LE ROI RENE	4	H	PUR SANG	3	0	3	5061,00	2275,00	7336,00	1687,00	395
TIME TO GALI	4	F	PUR SANG	15	0	7	5054,00	2272,00	7326,00	336,93	150
LOVEROSE	4	F	PUR SANG	1	1	0	5050,00	0,00	5050,00	5050,00	
LA TURBIE	3	F	PUR SANG	1	1	0	5050,00	0,00	5050,00	5050,00	
BIG VICTOR	3	H	PUR SANG	8	0	6	5050,00	3786,00	8836,00	631,25	250
HAPPY AGAIN	5	H	PUR SANG	9	0	5	5045,00	2268,00	7313,00	560,56	270
OPENSOLA FAL	3	F	PUR SANG	9	0	6	5044,00	3783,00	8827,00	560,44	280
ROCAMBOLESQUE	5	H	PUR SANG	7	0	3	5040,00	2267,00	7307,00	720,00	220
BARSSIO	4	M	PUR SANG	4	0	3	5040,00	2266,00	7306,00	1260,00	265
FAIN WOULD	3	H	PUR SANG	4	1	1	5038,00	0,00	5038,00	1259,50	300
NIAGARO	7	M	PUR SANG	4	0	2	5037,00	0,00	5037,00	1259,25	385
VENT DU REVE	11	H	PUR SANG	7	0	5	5036,00	2265,00	7301,00	719,43	150
ATIENZA	3	H	PUR SANG	4	0	3	5033,00	3774,00	8807,00	1258,25	375
PIERIAN	3	F	PUR SANG	1	0	1	5030,00	0,00	5030,00	5030,00	370
SHAATIR	3	H	PUR SANG	1	0	1	5030,00	0,00	5030,00	5030,00	
PENNY GREY'S	3	H	PUR SANG	8	0	5	5026,00	3169,00	8195,00	628,25	245
IMAGINE CHOP	6	H	PUR SANG	6	1	3	5020,00	2259,00	7279,00	836,67	570
WHILAND	5	F	PUR SANG	9	0	3	5019,00	2257,00	7276,00	557,67	245
BAK'S WOOD	5	H	PUR SANG	2	1	1	5000,00	2250,00	7250,00	2500,00	635
DUBAI ARMANI	3	H	PUR SANG	1	1	0	5000,00	3750,00	8750,00	5000,00	
GIRL POWER	3	F	PUR SANG	1	1	0	5000,00	0,00	5000,00	5000,00	
VELOCITAS	3	F	PUR SANG	1	1	0	5000,00	0,00	5000,00	5000,00	
NARKIS BALL	3	H	PUR SANG	1	1	0	5000,00	0,00	5000,00	5000,00	
MEADOW BREEZE	3	F	PUR SANG	1	1	0	5000,00	3750,00	8750,00	5000,00	
LEHMAN	7	M	PUR SANG	5	1	2	5000,00	2250,00	7250,00	1000,00	615
KATIRAN	3	H	PUR SANG	1	1	0	5000,00	0,00	5000,00	5000,00	
STAR OF HOPE	3	F	PUR SANG	1	1	0	5000,00	0,00	5000,00	5000,00	
RIPLEY	3	M	PUR SANG	3	0	3	5000,00	2454,00	7454,00	1666,67	330
MOWGLI	6	H	PUR SANG	5	0	2	4997,00	2247,00	7244,00	999,40	225
JOHN WICK	7	H	PUR SANG	3	0	3	4982,00	2241,00	7223,00	1660,67	290
GEOPOLITIC	7	H	PUR SANG	4	1	2	4980,00	0,00	4980,00	1245,00	260
CORTELLA	4	F	PUR SANG	10	0	7	4963,00	2231,00	7194,00	496,30	300
LA PANTHOURIE	6	F	PUR SANG	4	1	3	4960,00	2232,00	7192,00	1240,00	500
CHIVERE	5	F	PUR SANG	12	0	7	4951,00	2225,00	7176,00	412,58	225
SECULIER	4	H	PUR SANG	10	0	2	4944,00	2224,00	7168,00	494,40	185
KLASH KARAYIB	4	F	PUR SANG	6	1	4	4940,00	2223,00	7163,00	823,33	450
LUCY GALESTE	5	F	PUR SANG	5	0	2	4940,00	2222,00	7162,00	988,00	270
MILADY ST GEORGES	4	F	PUR SANG	4	0	3	4933,00	0,00	4933,00	1233,25	
MISTER ENGLAND	2	M	PUR SANG	2	0	2	4932,00	0,00	4932,00	2466,00	
BICHOKO	2	M	PUR SANG	5	0	4	4923,00	3690,00	8613,00	984,60	300
LE ROCKEUR	6	M	PUR SANG	3	0	1	4922,00	2214,00	7136,00	1640,67	320
BOBBY JEAN	4	F	PUR SANG	7	0	3	4921,00	2213,00	7134,00	703,00	230
SPACE QUAKE	7	H	PUR SANG	9	0	8	4915,00	2210,00	7125,00	546,11	165
TIKI DREAMS	3	F	PUR SANG	6	0	3	4909,00	3681,00	8590,00	818,17	315
MORNINGSIDE	3	F	PUR SANG	4	0	3	4909,00	3681,00	8590,00	1227,25	325
SPANISH BREEZE CEN	4	M	PUR SANG	2	0	2	4898,00	2204,00	7102,00	2449,00	410
LIKING	5	H	PUR SANG	9	0	5	4896,00	2201,00	7097,00	544,00	270
GREAT SPIRIT	3	H	PUR SANG	4	0	3	4896,00	2736,00	7632,00	1224,00	330
WAKAI GO	8	H	PUR SANG	5	0	3	4896,00	0,00	4896,00	979,20	250
GRAN HABANO	5	M	PUR SANG	11	0	6	4893,00	2200,00	7093,00	444,82	280
ST KILDA	3	F	PUR SANG	8	1	1	4884,00	3663,00	8547,00	610,50	250
NECTAR DES DIEUX	3	H	PUR SANG	5	1	1	4884,00	663,00	5547,00	976,80	300
ST MARKSMAN	3	M	PUR SANG	6	0	6	4884,00	0,00	4884,00	814,00	300
BLACK PANTHER	8	F	PUR SANG	11	0	5	4882,00	1183,00	6065,00	443,82	150
THE BLACK FRIDAY	2	H	PUR SANG	6	0	5	4881,00	3659,00	8540,00	813,50	320
ARMANO	3	H	PUR SANG	7	0	4	4880,00	3660,00	8540,00	697,14	570
SHAMABEND	7	H	PUR SANG	5	0	4	4877,00	2193,00	7070,00	975,40	170
ATHENA DU BRIZAIS	5	F	PUR SANG	7	0	5	4876,00	0,00	4876,00	696,57	
NANTIKA	5	F	PUR SANG	5	1	1	4875,00	506,00	5381,00	975,00	205
ORLOVKA	4	F	PUR SANG	5	1	1	4875,00	2193,00	7068,00	975,00	165
ELUSIVE GLORY	5	H	PUR SANG	5	0	4	4874,00	2192,00	7066,00	974,80	255
JUST THE TWO OF US	3	H	PUR SANG	1	0	1	4864,00	3648,00	8512,00	4864,00	445
FIREFALL	3	M	PUR SANG	3	0	1	4864,00	0,00	4864,00	1621,33	400
GILDOR	3	H	PUR SANG	6	0	4	4862,00	3646,00	8508,00	810,33	260
TWENTY SEVEN JET	5	H	PUR SANG	8	0	4	4857,00	1510,00	6367,00	607,13	195
PRIDE OF FRANCE	3	H	PUR SANG	4	0	4	4856,00	3640,00	8496,00	1214,00	340
KING KARA	7	H	PUR SANG	7	0	3	4848,00	2180,00	7028,00	692,57	310
PURPLE RAIN	6	H	PUR SANG	2	0	2	4848,00	2181,00	7029,00	2424,00	310
BLOOMERALL	3	F	PUR SANG	5	0	4	4848,00	3636,00	8484,00	969,60	305
VASSY	3	H	PUR SANG	2	0	2	4844,00	3632,00	8476,00	2422,00	415
STADE VELODROME	10	H	PUR SANG	7	0	4	4835,00	2175,00	7010,00	690,71	220
LA GALOPAZ	2	F	PUR SANG	3	0	3	4834,00	3625,00	8459,00	1611,33	320
MAPLE TAFFY	4	F	PUR SANG	7	0	4	4832,00	2172,00	7004,00	690,29	325
INJAN	2	F	PUR SANG	2	0	2	4830,00	3622,00	8452,00	2415,00	
DO YOU SEA	2	F	PUR SANG	3	0	2	4830,00	3622,00	8452,00	1610,00	350
MILANO	3	M	PUR SANG	2	0	2	4830,00	0,00	4830,00	2415,00	340
SERINES	5	F	PUR SANG	3	0	2	4828,00	0,00	4828,00	1609,33	380
ENBAKIRUN	3	M	PUR SANG	3	0	3	4826,00	3619,00	8445,00	1608,67	300
LALOU	6	F	PUR SANG	4	0	4	4823,00	0,00	4823,00	1205,75	320
TALKA	3	F	PUR SANG	3	0	3	4816,00	3611,00	8427,00	1605,33	320
AISHITERU	3	F	PUR SANG	2	0	2	4808,00	0,00	4808,00	2404,00	370
AGNESI	3	F	PUR SANG	4	0	2	4802,00	3601,00	8403,00	1200,50	295
MANDLEFT	9	F	PUR SANG	7	0	4	4801,00	2159,00	6960,00	685,86	250
ZAMASIYA	4	F	PUR SANG	4	1	1	4800,00	1800,00	6600,00	1200,00	265
BLUE GARRETT	3	H	PUR SANG	8	0	4	4800,00	2530,00	7330,00	600,00	210
CAMPEONA	3	F	PUR SANG	3	0	3	4793,00	2994,00	7787,00	1597,67	300
JIEPIES MELODY	6	F	PUR SANG	7	0	4	4789,00	2153,00	6942,00	684,14	300
CHANT DORE	4	M	PUR SANG	5	0	4	4789,00	2152,00	6941,00	957,80	275
IRIA CHOPE	3	F	PUR SANG	7	0	4	4779,00	3584,00	8363,00	682,71	270
ZOLIYANKA	4	F	PUR SANG	3	0	2	4774,00	2147,00	6921,00	1591,33	255
ZALETTO	6	H	PUR SANG	7	0	4	4769,00	2145,00	6914,00	681,29	215
BUENAVENTURA	3	F	PUR SANG	3	0	3	4764,00	3572,00	8336,00	1588,00	320
BRAVE SHIINA	9	H	PUR SANG	9	0	6	4762,00	2140,00	6902,00	529,11	265
KATIE LIGHT	4	F	PUR SANG	8	0	5	4761,00	2140,00	6901,00	595,13	255
ZAAHIR	10	H	PUR SANG	11	0	4	4760,00	2140,00	6900,00	432,73	175
NARKEZ	5	H	PUR SANG	2	0	1	4760,00	2142,00	6902,00	2380,00	450
ORION QUEEN	5	F	PUR SANG	1	0	1	4760,00	2142,00	6902,00	4760,00	480
DARING PRINCE	5	M	PUR SANG	4	0	1	4760,00	2142,00	6902,00	1190,00	425
MISS JUSTICE	5	F	PUR SANG	1	0	1	4760,00	2142,00	6902,00	4760,00	460
FRANCES ETHEL	6	F	PUR SANG	1	0	1	4760,00	0,00	4760,00	4760,00	440
ESTISSA	3	F	PUR SANG	1	0	1	4760,00	0,00	4760,00	4760,00	435
MICHIGAN FIRE	5	H	PUR SANG	10	0	4	4757,00	1779,00	6536,00	475,70	265
AMARENA DODVILLE	5	F	PUR SANG	5	0	2	4755,00	2139,00	6894,00	951,00	265
MARIE VA	5	F	PUR SANG	4	0	4	4752,00	1530,00	6282,00	1188,00	225
MANAHATA	4	F	PUR SANG	1	1	0	4750,00	0,00	4750,00	4750,00	
AQUASINA	3	F	PUR SANG	6	1	0	4750,00	0,00	4750,00	791,67	235
ZEROSTRESS	10	H	PUR SANG	1	0	1	4750,00	0,00	4750,00	4750,00	420
DREAM ANGEL	6	H	PUR SANG	12	0	7	4743,00	2133,00	6876,00	395,25	150
COTE D'OR	4	H	PUR SANG	10	0	6	4738,00	2130,00	6868,00	473,80	225
COSTARMORICAIN	5	H	PUR SANG	5	0	4	4730,00	0,00	4730,00	946,00	255
KRISTAL	3	H	PUR SANG	10	0	7	4728,00	3545,00	8273,00	472,80	290
ARIOSTO	3	H	PUR SANG	4	0	3	4722,00	3540,00	8262,00	1180,50	305
SCHIZZO	3	F	PUR SANG	8	0	5	4720,00	2414,00	7134,00	590,00	225
IZAWAY	3	F	PUR SANG	6	0	3	4709,00	3530,00	8239,00	784,83	250
SLAYER	9	H	PUR SANG	10	0	6	4701,00	2114,00	6815,00	470,10	150
GOT SEA	5	H	PUR SANG	9	0	5	4700,00	1136,00	5836,00	522,22	220
MUHRLINE	3	F	PUR SANG	10	0	5	4700,00	900,00	5600,00	470,00	210
NOBLE MEMORY	3	M	PUR SANG	4	0	4	4700,00	3523,00	8223,00	1175,00	345
MAYAMAR	4	H	PUR SANG	8	0	7	4696,00	2111,00	6807,00	587,00	255
ORION DREAM	3	F	PUR SANG	1	0	1	4694,00	3519,00	8213,00	4694,00	
GALISTARS	3	F	PUR SANG	1	0	1	4694,00	3519,00	8213,00	4694,00	
NARYMAN	3	H	PUR SANG	2	0	1	4694,00	3519,00	8213,00	2347,00	390
CANNCITY	2	M	PUR SANG	3	0	1	4694,00	3519,00	8213,00	1564,67	380
MORGANA GOLD	3	F	PUR SANG	2	0	1	4694,00	3519,00	8213,00	2347,00	
NINA'S VICTORIA	3	F	PUR SANG	1	0	1	4694,00	0,00	4694,00	4694,00	
LIFETIMES	4	M	PUR SANG	1	0	1	4694,00	0,00	4694,00	4694,00	
PLACEHOLDER	5	F	PUR SANG	6	0	3	4683,00	0,00	4683,00	780,50	300
MISS APRES	3	F	PUR SANG	9	0	4	4681,00	0,00	4681,00	520,11	280
LADY TEDSMORE	3	F	PUR SANG	7	0	2	4680,00	0,00	4680,00	668,57	340
ATANASIO	7	H	PUR SANG	6	0	3	4663,00	2096,00	6759,00	777,17	290
TERFAAS DESERT	3	M	PUR SANG	4	0	3	4660,00	0,00	4660,00	1165,00	300
MARQUES	4	F	PUR SANG	3	0	2	4657,00	2095,00	6752,00	1552,33	310
SOTTCAT FAL	3	F	PUR SANG	2	0	2	4636,00	3477,00	8113,00	2318,00	
CONTADOR	3	M	PUR SANG	2	0	2	4636,00	0,00	4636,00	2318,00	
LOFTY TALES	3	F	PUR SANG	4	0	2	4636,00	0,00	4636,00	1159,00	320
NEWLOVE DE BRABOIS	3	M	PUR SANG	5	0	3	4633,00	924,00	5557,00	926,60	260
JASMIN DORE	8	H	PUR SANG	8	0	3	4623,00	2079,00	6702,00	577,88	240
MEYN ZUN	3	F	PUR SANG	2	0	2	4623,00	3466,00	8089,00	2311,50	
CRISZILLA	3	F	PUR SANG	2	0	2	4623,00	3466,00	8089,00	2311,50	
ALHENA	4	F	PUR SANG	3	1	1	4617,00	277,00	4894,00	1539,00	315
TALISMAN TOUCH	9	H	PUR SANG	10	0	5	4611,00	1906,00	6517,00	461,10	260
MOLINO	9	H	PUR SANG	7	0	3	4608,00	2073,00	6681,00	658,29	170
KIASTEP	9	F	PUR SANG	6	0	3	4604,00	2071,00	6675,00	767,33	150
READYSTORM	3	F	PUR SANG	4	0	4	4598,00	3448,00	8046,00	1149,50	245
FOREST GALORE	3	H	PUR SANG	3	0	3	4597,00	3447,00	8044,00	1532,33	350
LA ROSE NOIRE	4	F	PUR SANG	6	0	5	4595,00	2066,00	6661,00	765,83	220
HORAGE	3	H	PUR SANG	5	0	4	4594,00	3445,00	8039,00	918,80	310
YEMASKA	8	H	PUR SANG	11	1	2	4584,00	2062,00	6646,00	416,73	210
MALINOVKA	5	F	PUR SANG	6	1	1	4584,00	2062,00	6646,00	764,00	270
SAILOR'S RETURN	3	F	PUR SANG	3	0	2	4581,00	0,00	4581,00	1527,00	310
MEISHO SUGAR	3	F	PUR SANG	6	0	3	4578,00	3432,00	8010,00	763,00	340
CAPE CANNON	5	H	PUR SANG	4	0	3	4574,00	2057,00	6631,00	1143,50	340
ILLOIS	8	H	PUR SANG	6	0	4	4573,00	2056,00	6629,00	762,17	155
NO SOLO	2	M	PUR SANG	3	0	3	4570,00	3426,00	7996,00	1523,33	340
LEKER	3	H	PUR SANG	5	0	3	4566,00	3423,00	7989,00	913,20	335
CANET DE SALARS	5	H	PUR SANG	3	0	3	4562,00	2052,00	6614,00	1520,67	335
BORNAWAY	4	F	PUR SANG	1	0	1	4560,00	2052,00	6612,00	4560,00	335
CADEAU DE NOEL	3	H	PUR SANG	4	0	3	4555,00	0,00	4555,00	1138,75	315
MARACAMAYA	5	F	PUR SANG	4	0	4	4553,00	2046,00	6599,00	1138,25	280
MERCI CHERI	3	F	PUR SANG	5	0	3	4553,00	3414,00	7967,00	910,60	285
NIGHTJAR	3	F	PUR SANG	4	0	4	4553,00	0,00	4553,00	1138,25	310
FITZCARRALDO	9	H	PUR SANG	5	0	2	4532,00	2039,00	6571,00	906,40	290
CHATEAU ESQUIULE	4	H	PUR SANG	3	0	2	4532,00	2038,00	6570,00	1510,67	565
KARAKOUM	2	H	PUR SANG	2	0	2	4515,00	3385,00	7900,00	2257,50	
SILVER JEWEL	3	F	PUR SANG	5	0	3	4512,00	2088,00	6600,00	902,40	315
FRATERNITE	3	F	PUR SANG	9	0	5	4509,00	3379,00	7888,00	501,00	250
GOLDEN VALE	4	F	PUR SANG	7	0	2	4506,00	0,00	4506,00	643,71	255
LADY DE CHOISEL	5	F	PUR SANG	1	1	0	4500,00	0,00	4500,00	4500,00	
MOONRISE FIRE	4	H	PUR SANG	3	1	0	4500,00	2025,00	6525,00	1500,00	270
SOUND OF SILENCE	4	H	PUR SANG	11	1	0	4500,00	2025,00	6525,00	409,09	150
BOISEMONT	4	H	PUR SANG	3	1	0	4500,00	2025,00	6525,00	1500,00	325
WHI PUMP PUMP	4	F	PUR SANG	4	0	3	4500,00	2025,00	6525,00	1125,00	260
SARMYA	3	F	PUR SANG	4	1	1	4480,00	3360,00	7840,00	1120,00	240
ROCKLINE	2	F	PUR SANG	3	0	3	4465,00	3347,00	7812,00	1488,33	360
EDDY'S DREAM	5	H	PUR SANG	6	0	4	4464,00	2007,00	6471,00	744,00	315
MOMO NELSON	7	H	PUR SANG	9	0	5	4456,00	2004,00	6460,00	495,11	220
ROCK BLANC	9	H	PUR SANG	4	0	2	4446,00	2000,00	6446,00	1111,50	405
POSSI	3	F	PUR SANG	9	0	5	4446,00	3334,00	7780,00	494,00	220
BAVAROIS	3	H	PUR SANG	10	0	4	4437,00	3327,00	7764,00	443,70	250
ROYAL RIGHT	8	H	PUR SANG	6	0	4	4435,00	0,00	4435,00	739,17	200
SYLVEROY	3	F	PUR SANG	5	0	5	4423,00	3316,00	7739,00	884,60	295
SIMPLY GAME	3	F	PUR SANG	5	0	2	4416,00	3312,00	7728,00	883,20	260
ESIOL	3	F	PUR SANG	3	0	2	4416,00	3312,00	7728,00	1472,00	350
BARENIA	3	F	PUR SANG	4	0	3	4416,00	3312,00	7728,00	1104,00	285
EL BOSNIA	9	H	PUR SANG	2	0	2	4416,00	0,00	4416,00	2208,00	335
PANTHERINA	3	F	PUR SANG	7	0	4	4415,00	1136,00	5551,00	630,71	245
ANONYME	10	H	PUR SANG	8	0	6	4409,00	1982,00	6391,00	551,13	180
STAR OF THE NIGHT	5	F	PUR SANG	3	0	2	4408,00	1982,00	6390,00	1469,33	365
ZEN DREAM	3	F	PUR SANG	2	1	1	4404,00	0,00	4404,00	2202,00	
DIONAKIB	2	F	PUR SANG	2	1	1	4400,00	3300,00	7700,00	2200,00	
WILL POWER	4	H	PUR SANG	3	0	3	4400,00	0,00	4400,00	1466,67	
TWARAB	4	H	PUR SANG	5	0	3	4395,00	1977,00	6372,00	879,00	280
RIYABOVKA	5	F	PUR SANG	2	0	1	4390,00	1975,00	6365,00	2195,00	465
TAKERYA	3	F	PUR SANG	3	0	2	4388,00	3291,00	7679,00	1462,67	370
ROYAL COUNTRY	3	F	PUR SANG	5	0	4	4387,00	305,00	4692,00	877,40	245
COME ALONE	4	H	PUR SANG	3	0	3	4366,00	0,00	4366,00	1455,33	270
HEILIGENSTEIN	2	H	PUR SANG	3	0	2	4356,00	3266,00	7622,00	1452,00	
ZIGGY SPACESTAR	2	M	PUR SANG	5	0	3	4351,00	3263,00	7614,00	870,20	345
HABIBA	3	F	PUR SANG	8	0	5	4350,00	3262,00	7612,00	543,75	260
SPRING LILY	4	F	PUR SANG	5	0	2	4343,00	1954,00	6297,00	868,60	280
BABAKOOL	5	M	PUR SANG	3	0	2	4342,00	1952,00	6294,00	1447,33	415
SUEZ	3	F	PUR SANG	8	0	6	4327,00	3243,00	7570,00	540,88	240
CRACKON	3	H	PUR SANG	2	0	2	4322,00	3240,00	7562,00	2161,00	395
D'ARTAGNAN	3	H	PUR SANG	2	0	2	4322,00	3240,00	7562,00	2161,00	
KARANDASH	3	H	PUR SANG	7	0	5	4319,00	3239,00	7558,00	617,00	285
SILVER SCHNOK	9	F	PUR SANG	10	0	4	4318,00	1941,00	6259,00	431,80	180
TALGAT	4	H	PUR SANG	4	0	2	4312,00	1939,00	6251,00	1078,00	340
KOREM	7	H	PUR SANG	7	0	4	4284,00	1926,00	6210,00	612,00	150
FELINI	3	H	PUR SANG	5	0	5	4284,00	3212,00	7496,00	856,80	290
ESPRITSAUVAGE	2	F	PUR SANG	2	1	1	4280,00	3210,00	7490,00	2140,00	
TESTANA	3	H	PUR SANG	2	1	1	4275,00	206,00	4481,00	2137,50	
TAKEO	4	H	PUR SANG	5	0	4	4265,00	0,00	4265,00	853,00	285
PERFECT MAN	3	H	PUR SANG	2	0	2	4262,00	3196,00	7458,00	2131,00	
MAGUELONE	3	H	PUR SANG	2	0	2	4262,00	3196,00	7458,00	2131,00	
RUE DE SAVOIE	4	F	PUR SANG	8	0	5	4261,00	1915,00	6176,00	532,63	200
AIRLIE BEACH	2	F	PUR SANG	2	0	2	4254,00	3190,00	7444,00	2127,00	
RUE VISCONTY	4	F	PUR SANG	2	0	2	4250,00	1911,00	6161,00	2125,00	280
CALAS QUEEN	8	F	PUR SANG	7	0	3	4248,00	1911,00	6159,00	606,86	150
CORYPHEENE	3	F	PUR SANG	4	1	1	4244,00	3183,00	7427,00	1061,00	285
ALWAYS DANCING	9	F	PUR SANG	5	0	2	4242,00	1908,00	6150,00	848,40	150
NORTH COAST	4	H	PUR SANG	4	0	3	4235,00	1904,00	6139,00	1058,75	225
CASH RULER	7	H	PUR SANG	8	0	3	4233,00	1904,00	6137,00	529,13	150
GLAVIA	4	F	PUR SANG	9	0	5	4230,00	1900,00	6130,00	470,00	285
PIQUOISEAU	4	H	PUR SANG	5	0	2	4230,00	1903,00	6133,00	846,00	390
BENOLY FAL	3	F	PUR SANG	7	0	4	4230,00	3172,00	7402,00	604,29	265
ROBINEIGHT	3	H	PUR SANG	6	0	4	4225,00	1668,00	5893,00	704,17	230
SHALAA DANCER	5	H	PUR SANG	10	0	5	4224,00	1899,00	6123,00	422,40	265
MINE DE RIEN	5	F	PUR SANG	4	0	2	4224,00	1900,00	6124,00	1056,00	195
SIEGLINDE	4	F	PUR SANG	6	0	4	4224,00	1899,00	6123,00	704,00	350
CALICO ROCK	3	M	PUR SANG	3	0	3	4224,00	0,00	4224,00	1408,00	310
RADMILLA	3	F	PUR SANG	4	0	3	4218,00	3161,00	7379,00	1054,50	320
GRAND MARRAKCHI	3	H	PUR SANG	6	0	4	4212,00	2583,00	6795,00	702,00	330
LIGHTASS FAL	3	F	PUR SANG	4	0	2	4212,00	3158,00	7370,00	1053,00	305
D'ALLURE	7	H	PUR SANG	3	0	3	4206,00	1892,00	6098,00	1402,00	180
NOBLE DREAM	3	H	PUR SANG	2	0	2	4204,00	3152,00	7356,00	2102,00	
MON SCHATZI	4	H	PUR SANG	9	0	3	4203,00	1890,00	6093,00	467,00	245
SALSA ROSE	4	F	PUR SANG	6	0	4	4202,00	1890,00	6092,00	700,33	280
TERESITA	4	F	PUR SANG	8	0	4	4200,00	1687,00	5887,00	525,00	190
BAILEYS ECLAIR	6	H	PUR SANG	11	0	4	4197,00	1887,00	6084,00	381,55	200
LADY MADEIRA	4	F	PUR SANG	9	0	5	4180,00	1879,00	6059,00	464,44	230
KALEO CAESAR	7	H	PUR SANG	6	0	3	4176,00	1878,00	6054,00	696,00	330
WALDADLER	7	H	PUR SANG	1	0	1	4165,00	0,00	4165,00	4165,00	475
MUBASIMAH	3	F	PUR SANG	1	0	1	4165,00	0,00	4165,00	4165,00	455
ELEGANTE WOMAN	3	F	PUR SANG	7	0	2	4164,00	3123,00	7287,00	594,86	325
JUGANDO	6	H	PUR SANG	7	0	2	4155,00	1869,00	6024,00	593,57	320
HIGH VIOLET	5	F	PUR SANG	3	0	2	4153,00	0,00	4153,00	1384,33	270
LANDMAN	3	H	PUR SANG	5	0	4	4152,00	3114,00	7266,00	830,40	315
KON'NICHIWA	4	H	PUR SANG	10	0	5	4150,00	1011,00	5161,00	415,00	180
ADORA	3	F	PUR SANG	2	0	2	4149,00	3111,00	7260,00	2074,50	260
AURORA BOREALIS	4	H	PUR SANG	4	0	3	4145,00	1864,00	6009,00	1036,25	285
KENZEL	3	H	PUR SANG	6	0	2	4140,00	3105,00	7245,00	690,00	385
MONTAIGNE	4	H	PUR SANG	3	0	3	4133,00	0,00	4133,00	1377,67	270
REVE SUR LE NIL	3	F	PUR SANG	4	0	3	4129,00	3096,00	7225,00	1032,25	350
PLENTY BLACK	3	F	PUR SANG	7	0	3	4126,00	3093,00	7219,00	589,43	265
LATTAASH	5	H	PUR SANG	3	0	3	4126,00	0,00	4126,00	1375,33	280
FIVE LANDS	3	F	PUR SANG	3	0	2	4120,00	0,00	4120,00	1373,33	345
DJAVERIA	3	F	PUR SANG	5	0	3	4119,00	0,00	4119,00	823,80	305
NABIRA	2	F	PUR SANG	1	0	1	4113,00	3084,00	7197,00	4113,00	
VERITE VRAI	2	F	PUR SANG	1	0	1	4113,00	3084,00	7197,00	4113,00	
MR PYRRHUS	2	M	PUR SANG	1	0	1	4113,00	3084,00	7197,00	4113,00	
VARDANIYA	2	F	PUR SANG	1	0	1	4113,00	3084,00	7197,00	4113,00	
CARAMAN	2	M	PUR SANG	1	0	1	4113,00	3084,00	7197,00	4113,00	
MOI NON PLUS	2	M	PUR SANG	1	0	1	4113,00	0,00	4113,00	4113,00	
RAFFLES HONOUR	5	F	PUR SANG	1	1	0	4100,00	1845,00	5945,00	4100,00	550
CITY LIFE	5	H	PUR SANG	1	1	0	4100,00	1845,00	5945,00	4100,00	
CLAIRE	4	F	PUR SANG	1	1	0	4100,00	1845,00	5945,00	4100,00	280
MACANELLA	5	F	PUR SANG	8	0	4	4099,00	1843,00	5942,00	512,38	210
AFOGADO	4	H	PUR SANG	6	0	3	4090,00	1839,00	5929,00	681,67	415
LA FAMA	3	F	PUR SANG	4	0	4	4088,00	3066,00	7154,00	1022,00	265
PERMENTON	8	H	PUR SANG	5	0	3	4086,00	1837,00	5923,00	817,20	270
PENTAOUR	7	H	PUR SANG	4	0	2	4083,00	1837,00	5920,00	1020,75	385
FLEUR D'AQUITAINE	4	F	PUR SANG	9	0	6	4081,00	1836,00	5917,00	453,44	185
ANGEL BREIZH	2	F	PUR SANG	6	1	4	4079,00	3059,00	7138,00	679,83	330
LAVASINA	3	F	PUR SANG	4	0	3	4078,00	2308,00	6386,00	1019,50	245
CONTENTIOUS SOUL	5	H	PUR SANG	2	0	2	4075,00	1833,00	5908,00	2037,50	420
HEYBETLI	4	M	PUR SANG	4	0	2	4075,00	1833,00	5908,00	1018,75	390
LE TEXAN	2	H	PUR SANG	3	0	3	4071,00	3052,00	7123,00	1357,00	345
OROPENDOLA	2	M	PUR SANG	6	0	5	4068,00	3050,00	7118,00	678,00	295
ZEPHYR SONG	4	F	PUR SANG	6	0	3	4066,00	1289,00	5355,00	677,67	220
AGUA VITAE	5	H	PUR SANG	3	0	3	4059,00	1826,00	5885,00	1353,00	290
LE HOULME	7	H	PUR SANG	8	0	3	4058,00	1825,00	5883,00	507,25	150
RED NUREYEV	6	H	PUR SANG	6	0	5	4053,00	0,00	4053,00	675,50	300
BLACK WALL SHADOW	3	H	PUR SANG	6	0	4	4051,00	3038,00	7089,00	675,17	300
KAR VERT	6	H	PUR SANG	5	0	4	4047,00	1819,00	5866,00	809,40	310
ILLUSTRE BERE	8	H	PUR SANG	3	0	2	4032,00	1814,00	5846,00	1344,00	230
TARDAR	3	M	PUR SANG	5	0	2	4032,00	3024,00	7056,00	806,40	390
REVANCHE	5	F	PUR SANG	7	0	3	4029,00	1812,00	5841,00	575,57	265
ASTRAL DREAM	3	F	PUR SANG	2	0	2	4018,00	0,00	4018,00	2009,00	
LIGHTNING BONNIE	3	F	PUR SANG	8	0	5	4015,00	0,00	4015,00	501,88	250
FOUR FOUR FOUR	4	H	PUR SANG	7	0	1	4010,00	1804,00	5814,00	572,86	255
AINTREEGIRL	9	F	PUR SANG	5	0	3	4009,00	1634,00	5643,00	801,80	260
WALERICO	3	M	PUR SANG	2	0	2	4008,00	0,00	4008,00	2004,00	
BALMORAL	8	H	PUR SANG	1	1	0	4000,00	0,00	4000,00	4000,00	500
MANSSOURIO	6	H	PUR SANG	4	1	0	4000,00	1800,00	5800,00	1000,00	230
SUNNSHINE	5	F	PUR SANG	1	1	0	4000,00	0,00	4000,00	4000,00	
BLOU LAGOON	5	F	PUR SANG	2	1	0	4000,00	0,00	4000,00	2000,00	345
COEUR ET COURAGE	5	H	PUR SANG	1	1	0	4000,00	0,00	4000,00	4000,00	
STEWIE DES BOIS	5	H	PUR SANG	1	1	0	4000,00	0,00	4000,00	4000,00	
PIALOTTA	5	F	PUR SANG	1	1	0	4000,00	0,00	4000,00	4000,00	
LOLLYPOP DE COTTE	5	F	PUR SANG	1	1	0	4000,00	0,00	4000,00	4000,00	
BANBAN	5	H	PUR SANG	1	1	0	4000,00	0,00	4000,00	4000,00	
MURMURE D ETOILE	4	H	PUR SANG	1	1	0	4000,00	0,00	4000,00	4000,00	
BATHYSSEUR	4	H	PUR SANG	2	1	0	4000,00	0,00	4000,00	2000,00	
SUPER MACO	4	F	PUR SANG	1	1	0	4000,00	0,00	4000,00	4000,00	
MORNING SEI	4	H	PUR SANG	1	1	0	4000,00	0,00	4000,00	4000,00	530
BELLE DE BEAUFAI	4	F	PUR SANG	1	1	0	4000,00	0,00	4000,00	4000,00	
LA CHOCOLATINE	4	F	PUR SANG	2	1	0	4000,00	0,00	4000,00	2000,00	520
RICARDO DES BEAUX	4	H	PUR SANG	1	1	0	4000,00	0,00	4000,00	4000,00	
COSTA BIANCA	4	F	PUR SANG	1	1	0	4000,00	0,00	4000,00	4000,00	
RIO DE LA PAMPA	3	H	PUR SANG	1	1	0	4000,00	0,00	4000,00	4000,00	
TRIVIAL	3	F	PUR SANG	1	1	0	4000,00	0,00	4000,00	4000,00	
GAMINE DE TEILLEE	3	F	PUR SANG	1	1	0	4000,00	3000,00	7000,00	4000,00	
NEW FLINT	3	H	PUR SANG	4	1	0	4000,00	0,00	4000,00	1000,00	
SACRE CHEF	3	H	PUR SANG	1	1	0	4000,00	0,00	4000,00	4000,00	
LEELOO DU MAZET	3	F	PUR SANG	1	1	0	4000,00	0,00	4000,00	4000,00	
SENGUUN	4	M	PUR SANG	2	1	0	4000,00	0,00	4000,00	2000,00	
CHAMPAGNE DEFRANCE	3	F	PUR SANG	7	0	4	4000,00	2400,00	6400,00	571,43	225
P'TIT ROCK	3	H	PUR SANG	6	0	4	4000,00	2643,00	6643,00	666,67	245
DENISJONH	5	H	PUR SANG	8	0	4	3994,00	1796,00	5790,00	499,25	295
SHIRDIHENGE	3	F	PUR SANG	6	0	4	3993,00	1569,00	5562,00	665,50	265
HATRASNA FAL	3	F	PUR SANG	9	0	4	3991,00	2993,00	6984,00	443,44	195
MOUNELA	2	F	PUR SANG	4	0	3	3991,00	2992,00	6983,00	997,75	340
INTIME STAR	2	F	PUR SANG	1	0	1	3990,00	2992,00	6982,00	3990,00	
BLACK ARMOR	2	M	PUR SANG	1	0	1	3990,00	2992,00	6982,00	3990,00	
SHAZAL	2	H	PUR SANG	1	0	1	3990,00	2992,00	6982,00	3990,00	
BLUE BLOSSOM CEN	2	F	PUR SANG	1	0	1	3990,00	2992,00	6982,00	3990,00	
FLYING FLASH	2	M	PUR SANG	3	0	3	3987,00	2990,00	6977,00	1329,00	350
THE CHARMER	8	H	PUR SANG	6	0	3	3980,00	1789,00	5769,00	663,33	260
MAGICAL TREASURE	4	F	PUR SANG	2	0	2	3976,00	0,00	3976,00	1988,00	300
JOAO	9	H	PUR SANG	8	0	3	3975,00	1787,00	5762,00	496,88	200
STEADY SUCCESS	5	H	PUR SANG	5	0	5	3974,00	1786,00	5760,00	794,80	305
WOODWOODED	3	F	PUR SANG	4	0	3	3968,00	2974,00	6942,00	992,00	260
GIPSY PRINCESS	2	F	PUR SANG	2	0	2	3966,00	2974,00	6940,00	1983,00	
KING RETURN	4	M	PUR SANG	8	0	5	3963,00	1782,00	5745,00	495,38	265
CAPTAIN CROCHET	6	H	PUR SANG	4	1	2	3962,00	1781,00	5743,00	990,50	260
GOLDEN KNIGHT	3	H	PUR SANG	3	0	3	3958,00	2967,00	6925,00	1319,33	325
CHACHA REAL SMOOTH	2	M	PUR SANG	5	0	5	3956,00	2966,00	6922,00	791,20	310
RAOULE	4	F	PUR SANG	5	0	3	3955,00	0,00	3955,00	791,00	355
BALTFOOT FAL	4	F	PUR SANG	8	1	1	3951,00	90,00	4041,00	493,88	170
WARDAMA	8	F	PUR SANG	8	0	3	3950,00	1776,00	5726,00	493,75	275
AMA DABLAM	3	F	PUR SANG	6	0	3	3949,00	2960,00	6909,00	658,17	270
LIKE NO OTHER	3	F	PUR SANG	7	0	4	3941,00	1830,00	5771,00	563,00	215
BOLZANO	5	H	PUR SANG	4	0	2	3938,00	0,00	3938,00	984,50	270
AL AAMRIYA	5	F	PUR SANG	7	0	2	3936,00	1771,00	5707,00	562,29	215
PIRAILLAN	4	H	PUR SANG	9	0	4	3935,00	1769,00	5704,00	437,22	235
KUMPEL	3	H	PUR SANG	7	0	2	3921,00	2940,00	6861,00	560,14	240
FIVESTARS	3	F	PUR SANG	7	0	5	3918,00	2938,00	6856,00	559,71	245
VATHANA	3	F	PUR SANG	6	0	2	3914,00	2934,00	6848,00	652,33	295
PENRHEAD	6	F	PUR SANG	5	0	3	3913,00	1760,00	5673,00	782,60	215
PACHARAN	5	H	PUR SANG	6	0	3	3912,00	0,00	3912,00	652,00	330
GLORY HIGHNESS	4	H	PUR SANG	2	0	2	3910,00	0,00	3910,00	1955,00	
SIR PATRICK	3	H	PUR SANG	4	0	3	3908,00	2929,00	6837,00	977,00	290
MACK THE KNIFE	2	M	PUR SANG	2	0	2	3905,00	2928,00	6833,00	1952,50	
PRINCESSE MABEL	3	F	PUR SANG	4	1	1	3900,00	2925,00	6825,00	975,00	440
AROWN	6	M	PUR SANG	4	0	3	3889,00	1209,00	5098,00	972,25	245
MONT STEELE	10	H	PUR SANG	10	0	3	3888,00	1749,00	5637,00	388,80	155
HONG KONG STAR	9	F	PUR SANG	7	0	6	3882,00	1744,00	5626,00	554,57	230
HOLLYWOOD AFRICANS	7	H	PUR SANG	6	0	3	3877,00	1743,00	5620,00	646,17	305
ABACUR	5	H	PUR SANG	10	0	2	3862,00	1737,00	5599,00	386,20	300
JOYEUSE BLUE	4	F	PUR SANG	2	0	2	3862,00	1017,00	4879,00	1931,00	570
CASHLYN CAVALIER	4	H	PUR SANG	4	0	3	3853,00	1733,00	5586,00	963,25	225
SYRUS	4	H	PUR SANG	5	0	1	3838,00	1727,00	5565,00	767,60	250
KAPKAN	3	H	PUR SANG	5	0	1	3838,00	2878,00	6716,00	767,60	305
AMOUNE	2	M	PUR SANG	2	0	1	3836,00	2877,00	6713,00	1918,00	
ALL WOOTTON	2	M	PUR SANG	1	0	1	3836,00	2877,00	6713,00	3836,00	
SHIBUYA	2	F	PUR SANG	2	0	1	3836,00	2877,00	6713,00	1918,00	
HODAYA	2	F	PUR SANG	1	0	1	3836,00	2877,00	6713,00	3836,00	
MOONA FAL	2	F	PUR SANG	3	0	1	3836,00	2877,00	6713,00	1278,67	
AROK ATAO	2	M	PUR SANG	1	0	1	3836,00	2877,00	6713,00	3836,00	
AMSTRAMGRAM	2	F	PUR SANG	1	0	1	3836,00	2877,00	6713,00	3836,00	
TOFU	2	F	PUR SANG	1	0	1	3836,00	2877,00	6713,00	3836,00	
OURGAME	2	M	PUR SANG	1	0	1	3836,00	2877,00	6713,00	3836,00	
TROBRIAND	2	F	PUR SANG	1	0	1	3836,00	0,00	3836,00	3836,00	
TESTERINE	3	F	PUR SANG	3	0	3	3833,00	2874,00	6707,00	1277,67	390
SHIVA FLOWER	4	F	PUR SANG	8	0	3	3831,00	0,00	3831,00	478,88	225
NORTHERN LINE	3	F	PUR SANG	4	0	2	3828,00	2870,00	6698,00	957,00	290
PLEASEMAN	6	H	PUR SANG	3	0	1	3820,00	1718,00	5538,00	1273,33	455
GOLDEN WEAVER	4	H	PUR SANG	2	0	1	3820,00	1718,00	5538,00	1910,00	410
KENERGY	3	H	PUR SANG	1	0	1	3820,00	2864,00	6684,00	3820,00	
KERMADEC	3	H	PUR SANG	2	0	1	3820,00	2864,00	6684,00	1910,00	
LAZZARO	6	H	PUR SANG	1	0	1	3820,00	0,00	3820,00	3820,00	440
EUNICE	3	F	PUR SANG	1	0	1	3820,00	0,00	3820,00	3820,00	
EMERALD ANGEL	3	F	PUR SANG	2	0	1	3820,00	0,00	3820,00	1910,00	
NABOB	3	M	PUR SANG	1	0	1	3820,00	0,00	3820,00	3820,00	
GRANDALA	3	F	PUR SANG	8	0	4	3813,00	2859,00	6672,00	476,63	270
MISS ELORZ	4	F	PUR SANG	5	0	3	3809,00	0,00	3809,00	761,80	250
CHOCOLATE CHEETAH	3	F	PUR SANG	10	0	7	3808,00	2854,00	6662,00	380,80	245
ACE	4	M	PUR SANG	2	0	2	3807,00	1713,00	5520,00	1903,50	280
ILI PIKA	3	F	PUR SANG	2	0	2	3802,00	0,00	3802,00	1901,00	
DIVA BELLA	4	F	PUR SANG	1	1	0	3800,00	1710,00	5510,00	3800,00	620
MADGIC'M	5	F	PUR SANG	9	0	4	3800,00	1708,00	5508,00	422,22	215
RANGO	3	H	PUR SANG	6	0	5	3800,00	2850,00	6650,00	633,33	570
ZIPPERE	9	F	PUR SANG	4	0	3	3798,00	1708,00	5506,00	949,50	185
MASAYA	3	F	PUR SANG	2	0	2	3796,00	2845,00	6641,00	1898,00	315
SAVANNENSTERN	5	H	PUR SANG	8	0	4	3796,00	0,00	3796,00	474,50	270
MISS DAVIER	4	F	PUR SANG	8	0	3	3787,00	1703,00	5490,00	473,38	280
GLORY WOOD	5	H	PUR SANG	6	0	2	3786,00	1703,00	5489,00	631,00	315
CAPABLE	9	F	PUR SANG	7	0	5	3785,00	1702,00	5487,00	540,71	185
ANGELOTUS	4	F	PUR SANG	3	1	1	3780,00	1701,00	5481,00	1260,00	595
WOOTTON FILLY	2	F	PUR SANG	3	0	3	3780,00	2834,00	6614,00	1260,00	350
BREAK DANCE	3	F	PUR SANG	3	0	2	3774,00	2830,00	6604,00	1258,00	385
MICHELANGELO	6	H	PUR SANG	11	0	3	3769,00	1695,00	5464,00	342,64	265
BAYLAGAN	10	H	PUR SANG	5	0	2	3768,00	1695,00	5463,00	753,60	190
ADELA	6	F	PUR SANG	5	0	2	3766,00	1694,00	5460,00	753,20	170
GEMMYO	7	H	PUR SANG	3	1	0	3750,00	1687,00	5437,00	1250,00	190
L'ETOILE DE FRANCE	5	F	PUR SANG	6	1	0	3750,00	1687,00	5437,00	625,00	200
LADYBUG	9	F	PUR SANG	5	1	0	3750,00	1687,00	5437,00	750,00	160
COTAI HERO	7	H	PUR SANG	3	1	0	3750,00	0,00	3750,00	1250,00	220
ALPHABIA	5	F	PUR SANG	8	0	2	3750,00	1686,00	5436,00	468,75	270
BAY HOUSE	3	F	PUR SANG	2	0	2	3746,00	2809,00	6555,00	1873,00	280
HOGAN BRIDGE	3	H	PUR SANG	3	0	3	3744,00	2808,00	6552,00	1248,00	290
EAGLEHAWK	7	H	PUR SANG	6	0	2	3741,00	1682,00	5423,00	623,50	325
GOLDEN TRIP	6	F	PUR SANG	6	0	4	3735,00	1679,00	5414,00	622,50	180
QUARTZDARGENT	8	H	PUR SANG	4	0	3	3728,00	1676,00	5404,00	932,00	240
SARENZO	3	H	PUR SANG	2	0	2	3728,00	2796,00	6524,00	1864,00	
VYBORG	7	H	PUR SANG	4	0	2	3726,00	1676,00	5402,00	931,50	215
CUNNING FOX	5	M	PUR SANG	3	0	3	3720,00	1673,00	5393,00	1240,00	360
MONCAYO	6	H	PUR SANG	4	1	1	3705,00	0,00	3705,00	926,25	165
BATAL YOUMZAIN	4	M	PUR SANG	2	0	2	3705,00	1667,00	5372,00	1852,50	420
BAYRAMOVA	3	F	PUR SANG	4	0	3	3704,00	2778,00	6482,00	926,00	350
FLYING SAUCER	3	F	PUR SANG	3	0	3	3704,00	0,00	3704,00	1234,67	320
SIYOUKING	5	H	PUR SANG	3	0	2	3703,00	1666,00	5369,00	1234,33	395
LANTEPENULTIMA	3	F	PUR SANG	8	0	4	3700,00	1424,00	5124,00	462,50	210
HURRICANE	7	H	PUR SANG	6	0	2	3698,00	1663,00	5361,00	616,33	250
MIA FAST	3	F	PUR SANG	12	0	6	3691,00	2767,00	6458,00	307,58	210
NIKITA DU MAZET	7	F	PUR SANG	7	0	4	3675,00	1653,00	5328,00	525,00	160
AMKAR	4	H	PUR SANG	8	0	5	3669,00	1649,00	5318,00	458,63	200
RESOLUTION	4	H	PUR SANG	4	0	3	3662,00	1647,00	5309,00	915,50	260
TUMBLER	7	H	PUR SANG	2	0	1	3660,00	1647,00	5307,00	1830,00	465
PARADE BAY	3	M	PUR SANG	1	0	1	3660,00	2745,00	6405,00	3660,00	
SKUKUZA	5	M	PUR SANG	1	0	1	3660,00	0,00	3660,00	3660,00	510
THE PRETTIEST STAR	3	F	PUR SANG	1	0	1	3660,00	0,00	3660,00	3660,00	490
AZANIYA	4	F	PUR SANG	1	0	1	3660,00	0,00	3660,00	3660,00	490
CROWN RELIC	3	M	PUR SANG	1	0	1	3660,00	0,00	3660,00	3660,00	
JASSAS	2	M	PUR SANG	1	0	1	3660,00	0,00	3660,00	3660,00	
GRAYROBIN	2	M	PUR SANG	1	0	1	3660,00	0,00	3660,00	3660,00	440
GOT HAWK	6	H	PUR SANG	7	0	3	3651,00	1641,00	5292,00	521,57	205
KER STORMY	7	H	PUR SANG	4	0	1	3648,00	1641,00	5289,00	912,00	325
RAQAT	3	M	PUR SANG	1	0	1	3648,00	2736,00	6384,00	3648,00	
THE LEGEND	3	H	PUR SANG	1	0	1	3648,00	2736,00	6384,00	3648,00	370
LOVE MY LIFE	3	F	PUR SANG	3	0	1	3648,00	0,00	3648,00	1216,00	350
KINGSHIRE	3	M	PUR SANG	3	0	1	3648,00	2736,00	6384,00	1216,00	310
CALIFORNIAGOLDRUSH	6	F	PUR SANG	2	0	1	3648,00	0,00	3648,00	1824,00	150
POTTER NICOLIERE	4	H	PUR SANG	6	0	2	3646,00	1640,00	5286,00	607,67	250
BLUE DAHLIA	3	F	PUR SANG	4	0	4	3646,00	2734,00	6380,00	911,50	280
REVE DE NUIT	2	M	PUR SANG	5	0	3	3645,00	2733,00	6378,00	729,00	330
OBSIDIAN GLORY	2	F	PUR SANG	3	0	3	3627,00	2720,00	6347,00	1209,00	320
MANAROLA	9	F	PUR SANG	3	0	1	3626,00	1631,00	5257,00	1208,67	310
HAVOC	8	M	PUR SANG	1	0	1	3626,00	1631,00	5257,00	3626,00	345
TIGER ROCK	5	H	PUR SANG	4	0	1	3626,00	1631,00	5257,00	906,50	350
GOT LOOK	3	H	PUR SANG	5	0	5	3622,00	2716,00	6338,00	724,40	315
CHIPRANA	3	F	PUR SANG	6	0	4	3622,00	2341,00	5963,00	603,67	250
ROMAN ROYAL	3	F	PUR SANG	2	0	2	3618,00	2712,00	6330,00	1809,00	340
HAPPY TIME	4	H	PUR SANG	2	0	2	3612,00	1624,00	5236,00	1806,00	550
GENEBRIO	4	H	PUR SANG	7	0	6	3605,00	1081,00	4686,00	515,00	210
LAPRINCESSDETRILLE	2	F	PUR SANG	2	1	1	3600,00	2700,00	6300,00	1800,00	
REVALITE	5	F	PUR SANG	7	0	3	3600,00	360,00	3960,00	514,29	290
BROMUS	3	H	PUR SANG	8	0	3	3589,00	2691,00	6280,00	448,63	210
ZAADOR	6	H	PUR SANG	6	0	4	3588,00	1614,00	5202,00	598,00	165
ROSADORA	5	F	PUR SANG	7	0	5	3587,00	668,00	4255,00	512,43	195
PASIPHAE	6	F	PUR SANG	6	0	5	3584,00	1611,00	5195,00	597,33	230
ALMA MATER	3	F	PUR SANG	3	0	1	3584,00	2688,00	6272,00	1194,67	370
HAYA GOLD	3	M	PUR SANG	6	0	4	3577,00	2682,00	6259,00	596,17	290
ROATAN	6	H	PUR SANG	3	0	3	3568,00	1605,00	5173,00	1189,33	355
STRANGER	9	H	PUR SANG	14	0	9	3563,00	1600,00	5163,00	254,50	150
VICTORY FOLIE	4	F	PUR SANG	4	0	3	3562,00	1602,00	5164,00	890,50	345
EXISTANT	3	H	PUR SANG	3	0	2	3562,00	2671,00	6233,00	1187,33	345
CODREA	2	M	PUR SANG	2	0	2	3562,00	2671,00	6233,00	1781,00	
KELBOFRER	5	H	PUR SANG	5	0	4	3551,00	1597,00	5148,00	710,20	235
MARIA JOANA	3	F	PUR SANG	7	0	4	3549,00	2661,00	6210,00	507,00	270
BETTER AND BETTER	3	M	PUR SANG	2	0	2	3548,00	0,00	3548,00	1774,00	
AMORETTI	5	H	PUR SANG	5	0	3	3534,00	1589,00	5123,00	706,80	150
SAGUARO	10	H	PUR SANG	4	0	3	3532,00	0,00	3532,00	883,00	200
MYTHO MAG	4	H	PUR SANG	3	0	3	3530,00	1385,00	4915,00	1176,67	270
GANASS	5	M	PUR SANG	3	0	2	3521,00	1584,00	5105,00	1173,67	390
MAC EMERY	4	H	PUR SANG	5	0	3	3520,00	1583,00	5103,00	704,00	270
SPIELER	3	H	PUR SANG	3	0	3	3512,00	2633,00	6145,00	1170,67	330
ARTISTIC GLORY	8	F	PUR SANG	7	0	6	3510,00	1579,00	5089,00	501,43	510
LESSARD	5	H	PUR SANG	4	1	0	3500,00	1575,00	5075,00	875,00	230
AQUAMAN	4	M	PUR SANG	1	0	1	3500,00	0,00	3500,00	3500,00	
ESTRALIA	4	F	PUR SANG	9	0	4	3499,00	1573,00	5072,00	388,78	210
THE PRESIDENT	4	H	PUR SANG	7	0	3	3495,00	1572,00	5067,00	499,29	255
BUTTERFLY NEBULA	3	F	PUR SANG	7	0	4	3491,00	405,00	3896,00	498,71	220
DAZZLE AT DAWN	6	H	PUR SANG	6	0	3	3481,00	1566,00	5047,00	580,17	195
BOULEVARD BLANQUI	5	M	PUR SANG	3	0	2	3474,00	1563,00	5037,00	1158,00	
QUEEN LADY GOLD	6	F	PUR SANG	7	0	3	3471,00	1393,00	4864,00	495,86	160
RED COUNTESS	5	F	PUR SANG	6	0	3	3466,00	1244,00	4710,00	577,67	150
LANAKEN	8	H	PUR SANG	5	0	3	3463,00	1557,00	5020,00	692,60	390
KER WELEN	8	H	PUR SANG	7	0	5	3460,00	1555,00	5015,00	494,29	350
GRACEHILL	6	F	PUR SANG	7	0	3	3460,00	837,00	4297,00	494,29	150
SNATCHER	5	H	PUR SANG	10	0	5	3459,00	1556,00	5015,00	345,90	195
COMBERMERE	10	H	PUR SANG	8	0	4	3458,00	1554,00	5012,00	432,25	285
HASTA LA VISTA	5	H	PUR SANG	1	0	1	3458,00	1556,00	5014,00	3458,00	380
POMELEO	5	M	PUR SANG	1	0	1	3458,00	1556,00	5014,00	3458,00	250
SHIAWASE	4	H	PUR SANG	1	0	1	3458,00	1556,00	5014,00	3458,00	430
ANDRESY	3	H	PUR SANG	5	0	1	3458,00	2593,00	6051,00	691,60	250
DANSEUSE DE DABI	3	F	PUR SANG	1	0	1	3458,00	2593,00	6051,00	3458,00	
SAMOR	3	H	PUR SANG	3	0	1	3458,00	2593,00	6051,00	1152,67	350
DOBBA	4	H	PUR SANG	1	0	1	3458,00	0,00	3458,00	3458,00	455
QUINTO	4	H	PUR SANG	1	0	1	3458,00	0,00	3458,00	3458,00	
PETITE ABEILLE	3	F	PUR SANG	6	0	5	3457,00	0,00	3457,00	576,17	240
MISTER CLARCK	3	H	PUR SANG	3	0	2	3456,00	2592,00	6048,00	1152,00	320
ST LUNAIRE	3	H	PUR SANG	9	0	2	3456,00	2591,00	6047,00	384,00	265
LILY DES ROSES	3	F	PUR SANG	4	0	4	3452,00	0,00	3452,00	863,00	
MATINAL	3	H	PUR SANG	3	0	2	3451,00	2588,00	6039,00	1150,33	370
RAFIKI	4	M	PUR SANG	2	0	2	3438,00	0,00	3438,00	1719,00	275
FAVORITE CRIME	5	H	PUR SANG	4	0	2	3434,00	1545,00	4979,00	858,50	275
DOCTOR RON	7	H	PUR SANG	2	0	2	3425,00	1540,00	4965,00	1712,50	325
ON Y CROIT	5	M	PUR SANG	5	0	4	3418,00	1537,00	4955,00	683,60	320
CREATIVER	4	M	PUR SANG	5	0	4	3414,00	0,00	3414,00	682,80	420
LAKE DREAM	3	F	PUR SANG	3	0	3	3406,00	2554,00	5960,00	1135,33	270
KERDINA	6	F	PUR SANG	7	0	3	3405,00	1531,00	4936,00	486,43	225
BLANCHE SACREE	4	F	PUR SANG	6	0	3	3404,00	1531,00	4935,00	567,33	220
UMMAGUMMA	3	F	PUR SANG	2	0	2	3404,00	1053,00	4457,00	1702,00	
AMARIS	3	F	PUR SANG	4	0	3	3404,00	1428,00	4832,00	851,00	250
MOODY CHOP	7	H	PUR SANG	9	0	3	3401,00	1530,00	4931,00	377,89	150
NOMINOHE	3	M	PUR SANG	5	0	4	3400,00	1799,00	5199,00	680,00	215
VENT DU LARGE	3	H	PUR SANG	5	0	4	3399,00	1049,00	4448,00	679,80	275
ANGEL DREAMER	3	H	PUR SANG	9	0	5	3387,00	0,00	3387,00	376,33	260
ANNA MANDARA	5	F	PUR SANG	9	0	4	3384,00	1522,00	4906,00	376,00	185
OASIS DE BERING	2	F	PUR SANG	4	0	4	3381,00	2535,00	5916,00	845,25	300
GALIK	8	H	PUR SANG	9	0	3	3376,00	1518,00	4894,00	375,11	195
PINK JIMMY	4	M	PUR SANG	10	0	5	3376,00	809,00	4185,00	337,60	195
LE GAST	6	H	PUR SANG	4	0	2	3367,00	1514,00	4881,00	841,75	305
PRIVATE DINNING	5	F	PUR SANG	3	0	2	3360,00	1512,00	4872,00	1120,00	205
CHARDON	4	H	PUR SANG	6	0	4	3360,00	1151,00	4511,00	560,00	315
MINOTOR	3	H	PUR SANG	3	0	1	3360,00	2520,00	5880,00	1120,00	340
YZYA	3	F	PUR SANG	5	0	1	3360,00	2520,00	5880,00	672,00	320
LORNE	7	F	PUR SANG	4	0	2	3356,00	1510,00	4866,00	839,00	280
RITZY ROXY	3	F	PUR SANG	2	0	2	3354,00	2515,00	5869,00	1677,00	
PADOVA	3	F	PUR SANG	5	0	4	3354,00	2515,00	5869,00	670,80	290
MAESTRAL	4	H	PUR SANG	7	0	2	3340,00	1502,00	4842,00	477,14	260
ZELKER	4	H	PUR SANG	3	0	3	3339,00	1501,00	4840,00	1113,00	360
SEEWAY	3	M	PUR SANG	6	0	2	3339,00	2504,00	5843,00	556,50	335
MIGUELITO	4	H	PUR SANG	12	0	6	3338,00	1500,00	4838,00	278,17	150
OASIS CALL	3	H	PUR SANG	4	0	2	3338,00	2503,00	5841,00	834,50	310
ALCOTAN	6	H	PUR SANG	6	0	4	3337,00	1500,00	4837,00	556,17	295
SEXXY	2	F	PUR SANG	3	0	3	3335,00	2501,00	5836,00	1111,67	370
CROQUIS	4	M	PUR SANG	3	0	1	3332,00	0,00	3332,00	1110,67	445
SORENGO	4	H	PUR SANG	6	0	2	3329,00	1496,00	4825,00	554,83	275
DARABJIR	7	H	PUR SANG	2	0	2	3320,00	1493,00	4813,00	1660,00	335
MALYA	5	F	PUR SANG	2	0	2	3314,00	1490,00	4804,00	1657,00	230
ELIOTT CHOP	6	H	PUR SANG	5	0	2	3312,00	1490,00	4802,00	662,40	190
KLASSIC PRECIEUX	6	H	PUR SANG	4	0	2	3312,00	1490,00	4802,00	828,00	300
MONSIEUR GEORGE	10	H	PUR SANG	4	0	3	3311,00	1488,00	4799,00	827,75	210
CARRE DU LOUVRE	2	M	PUR SANG	3	0	2	3310,00	2482,00	5792,00	1103,33	360
CHILADA	3	F	PUR SANG	2	0	2	3305,00	0,00	3305,00	1652,50	350
KROOSS	2	H	PUR SANG	3	0	3	3300,00	2475,00	5775,00	1100,00	
MOKKA LATTE	4	F	PUR SANG	8	0	4	3298,00	1483,00	4781,00	412,25	260
PASSINGSHOT	4	H	PUR SANG	7	0	2	3294,00	1481,00	4775,00	470,57	345
AL MA'IDA	3	M	PUR SANG	5	0	3	3291,00	2468,00	5759,00	658,20	335
RESPLENDOR	10	H	PUR SANG	2	0	1	3288,00	1479,00	4767,00	1644,00	250
PRINCEDESCHAMPS	8	H	PUR SANG	5	0	1	3288,00	1479,00	4767,00	657,60	150
BLACK LIVES MATTER	7	H	PUR SANG	4	0	1	3288,00	1479,00	4767,00	822,00	185
KAMIKAZE	3	H	PUR SANG	6	0	2	3284,00	0,00	3284,00	547,33	245
CALON LAN	5	H	PUR SANG	4	0	2	3281,00	1476,00	4757,00	820,25	295
SPRING BANK	4	H	PUR SANG	5	0	4	3281,00	834,00	4115,00	656,20	250
ZAMNESIA	6	F	PUR SANG	2	0	2	3274,00	1473,00	4747,00	1637,00	300
TSAR NICOLAS	3	H	PUR SANG	6	0	4	3268,00	1701,00	4969,00	544,67	255
SYLVER SAMBA	7	F	PUR SANG	8	0	4	3264,00	1468,00	4732,00	408,00	215
KRISS DE VALNOR	2	F	PUR SANG	2	0	2	3255,00	2441,00	5696,00	1627,50	
EL LAGAR	2	M	PUR SANG	3	0	2	3255,00	2441,00	5696,00	1085,00	350
MORNING DEW	2	F	PUR SANG	3	0	2	3255,00	2441,00	5696,00	1085,00	325
BEAU ROMAN	3	H	PUR SANG	4	0	3	3250,00	2437,00	5687,00	812,50	310
BIRIATOU	6	H	PUR SANG	6	0	5	3246,00	0,00	3246,00	541,00	240
LADY PINK	7	F	PUR SANG	7	0	4	3237,00	1456,00	4693,00	462,43	185
MOONWALKER	5	H	PUR SANG	6	0	3	3228,00	1451,00	4679,00	538,00	185
GLORIOUS CROSS	3	F	PUR SANG	7	0	2	3228,00	2421,00	5649,00	461,14	245
WICKED	4	H	PUR SANG	5	0	4	3227,00	0,00	3227,00	645,40	315
WASABI	5	F	PUR SANG	3	0	3	3224,00	1450,00	4674,00	1074,67	305
FAL DARA	6	F	PUR SANG	2	0	2	3216,00	1447,00	4663,00	1608,00	200
MOLDIRA	3	F	PUR SANG	3	0	2	3211,00	0,00	3211,00	1070,33	310
CHAWEL	3	M	PUR SANG	2	0	2	3211,00	0,00	3211,00	1605,50	365
DEFI	2	M	PUR SANG	4	0	2	3209,00	2406,00	5615,00	802,25	330
MARYLIN CITY	4	F	PUR SANG	8	0	3	3207,00	903,00	4110,00	400,88	235
LEONIE BANBOU	5	F	PUR SANG	5	0	4	3200,00	0,00	3200,00	640,00	200
CAP SKIRRING	9	F	PUR SANG	8	0	5	3198,00	1438,00	4636,00	399,75	150
KARINAS DREAM	7	H	PUR SANG	8	0	2	3198,00	1438,00	4636,00	399,75	280
AMIRAL D'AUMONT	4	H	PUR SANG	7	0	4	3192,00	1435,00	4627,00	456,00	265
BID FOR CHESTER	5	H	PUR SANG	8	0	3	3184,00	0,00	3184,00	398,00	320
RAGNAR CITY	5	M	PUR SANG	3	0	3	3174,00	1428,00	4602,00	1058,00	370
NO LIMITS	4	F	PUR SANG	4	0	2	3173,00	1427,00	4600,00	793,25	280
EMPRESS STAR	5	F	PUR SANG	6	0	3	3171,00	1258,00	4429,00	528,50	170
BENVENUTI	3	F	PUR SANG	10	0	5	3164,00	2373,00	5537,00	316,40	245
ARCTIC BAY	3	F	PUR SANG	2	0	2	3155,00	2366,00	5521,00	1577,50	425
EAST AND WEST	2	M	PUR SANG	2	0	2	3151,00	2362,00	5513,00	1575,50	
WOODROS	3	H	PUR SANG	5	0	4	3150,00	2362,00	5512,00	630,00	560
TUSKER	4	H	PUR SANG	1	0	1	3136,00	1410,00	4546,00	3136,00	390
PARANIAK	4	M	PUR SANG	1	0	1	3136,00	1410,00	4546,00	3136,00	405
AMICO	4	H	PUR SANG	1	0	1	3136,00	0,00	3136,00	3136,00	
JOSTFAN	4	F	PUR SANG	7	0	4	3126,00	731,00	3857,00	446,57	170
GAR'N GIN	4	H	PUR SANG	2	0	2	3100,00	0,00	3100,00	1550,00	520
STRUNG AHEAD	4	F	PUR SANG	1	0	1	3098,00	1393,00	4491,00	3098,00	320
LARK	3	F	PUR SANG	3	0	1	3098,00	2322,00	5420,00	1032,67	295
WHYWHYWHY DELILAH	4	F	PUR SANG	4	0	1	3098,00	0,00	3098,00	774,50	260
NOTA BENE	4	F	PUR SANG	7	0	1	3094,00	1392,00	4486,00	442,00	260
EAU DE ROSE	3	F	PUR SANG	3	0	1	3094,00	2320,00	5414,00	1031,33	320
COLE CHOP	8	M	PUR SANG	8	0	4	3092,00	1389,00	4481,00	386,50	155
DZIELNY WOJTEK	4	M	PUR SANG	5	0	2	3084,00	0,00	3084,00	616,80	325
KAY DELA BARRIERE	6	H	PUR SANG	6	0	3	3075,00	843,00	3918,00	512,50	170
PRINCESS RECORD	4	F	PUR SANG	11	0	3	3075,00	1383,00	4458,00	279,55	160
MAKENO	9	H	PUR SANG	6	0	3	3069,00	1380,00	4449,00	511,50	160
FILLETTE DU HOULEY	3	F	PUR SANG	4	0	3	3066,00	2299,00	5365,00	766,50	300
BIBBIENA	5	F	PUR SANG	2	0	2	3065,00	1378,00	4443,00	1532,50	435
LA CHARMETTE	3	F	PUR SANG	2	0	2	3061,00	2295,00	5356,00	1530,50	330
CITY OF ANGELS	3	F	PUR SANG	7	0	5	3052,00	2289,00	5341,00	436,00	250
GRAND ART	10	H	PUR SANG	2	0	2	3051,00	1372,00	4423,00	1525,50	270
ANAHEIM	3	F	PUR SANG	4	0	2	3050,00	2287,00	5337,00	762,50	290
FEELINGNUIT	4	F	PUR SANG	4	0	3	3033,00	1363,00	4396,00	758,25	275
ARIWIN	2	M	PUR SANG	1	1	0	3000,00	0,00	3000,00	3000,00	
LINTERPRETE	6	H	PUR SANG	4	0	3	3000,00	1349,00	4349,00	750,00	275
WEEKEND WARRIOR	6	M	PUR SANG	11	0	5	3000,00	1349,00	4349,00	272,73	155
MISS MONTMARTRE	3	F	PUR SANG	2	0	2	3000,00	1125,00	4125,00	1500,00	
WOOTAKID	2	H	PUR SANG	3	0	3	3000,00	2250,00	5250,00	1000,00	
WAKIF	4	H	PUR SANG	10	0	3	2997,00	1348,00	4345,00	299,70	175
ALWADAQ	3	F	PUR SANG	4	0	2	2988,00	741,00	3729,00	747,00	310
KENALIGHT	3	F	PUR SANG	5	0	3	2981,00	2235,00	5216,00	596,20	250
BLACK THRILL	2	F	PUR SANG	2	0	2	2973,00	2229,00	5202,00	1486,50	
AKAMASOA	4	F	PUR SANG	9	0	4	2973,00	1336,00	4309,00	330,33	195
VIA SPERENZA	2	F	PUR SANG	2	0	2	2973,00	0,00	2973,00	1486,50	
MRS ROBINSON	5	F	PUR SANG	2	0	2	2967,00	1335,00	4302,00	1483,50	490
VENETIAN LIGHT	3	M	PUR SANG	2	0	1	2964,00	2223,00	5187,00	1482,00	
WINGIE	3	F	PUR SANG	1	0	1	2964,00	2223,00	5187,00	2964,00	
OCYTOCINE	3	F	PUR SANG	1	0	1	2964,00	2223,00	5187,00	2964,00	
PARDO BAY	3	M	PUR SANG	1	0	1	2964,00	2223,00	5187,00	2964,00	
GHAZALA	3	F	PUR SANG	2	0	1	2964,00	0,00	2964,00	1482,00	
SWEET ROSE	2	F	PUR SANG	3	0	3	2962,00	2221,00	5183,00	987,33	315
ZAZI FAL	3	F	PUR SANG	3	0	3	2960,00	360,00	3320,00	986,67	320
SUNRISE MOON	3	F	PUR SANG	6	0	4	2959,00	2219,00	5178,00	493,17	225
UNE PEINTURE	5	H	PUR SANG	4	0	1	2954,00	1329,00	4283,00	738,50	255
MISS BRESIL DELF	4	F	PUR SANG	4	0	1	2954,00	1329,00	4283,00	738,50	260
LOUIS DEUX	4	M	PUR SANG	6	0	1	2954,00	1329,00	4283,00	492,33	270
NEBEK BLAGNY	3	M	PUR SANG	4	0	3	2950,00	2212,00	5162,00	737,50	310
VOLKONSKHA	3	F	PUR SANG	9	0	4	2947,00	560,00	3507,00	327,44	230
LOS MARINOS	3	M	PUR SANG	2	0	2	2944,00	2208,00	5152,00	1472,00	380
SHAHBANDAR	6	H	PUR SANG	3	0	3	2943,00	0,00	2943,00	981,00	410
GLORY LAND	4	F	PUR SANG	4	0	3	2942,00	0,00	2942,00	735,50	
GRISY APRIL	2	F	PUR SANG	2	0	1	2940,00	2205,00	5145,00	1470,00	
ZEN STORM	2	F	PUR SANG	1	0	1	2940,00	2205,00	5145,00	2940,00	
CITTA NOVA	2	F	PUR SANG	1	0	1	2940,00	2205,00	5145,00	2940,00	
LA PIU BELLA	2	F	PUR SANG	1	0	1	2940,00	2205,00	5145,00	2940,00	
FLORENCIA	2	F	PUR SANG	3	0	1	2940,00	2205,00	5145,00	980,00	310
DESEJO	2	M	PUR SANG	3	0	1	2940,00	2205,00	5145,00	980,00	
ZAUBERFLOTE	2	F	PUR SANG	1	0	1	2940,00	0,00	2940,00	2940,00	
VENES	6	H	PUR SANG	6	0	3	2936,00	1319,00	4255,00	489,33	190
GOOD'ID	6	F	PUR SANG	1	0	1	2926,00	1316,00	4242,00	2926,00	180
RIVAL ORDER	6	H	PUR SANG	2	0	1	2926,00	0,00	2926,00	1463,00	305
ANDUGAL	3	H	PUR SANG	8	0	5	2925,00	2192,00	5117,00	365,63	235
HURRICANGO	4	H	PUR SANG	5	0	3	2916,00	1311,00	4227,00	583,20	260
PRINCESSE MANDEL	4	F	PUR SANG	3	0	3	2916,00	1311,00	4227,00	972,00	510
SPRING LAUREL	3	F	PUR SANG	5	0	3	2915,00	2185,00	5100,00	583,00	285
BALINA GARY	8	F	PUR SANG	5	0	3	2911,00	1309,00	4220,00	582,20	150
LADY WANDA	4	F	PUR SANG	5	0	3	2908,00	1307,00	4215,00	581,60	280
JACK OF TRADES	8	H	PUR SANG	8	0	3	2906,00	0,00	2906,00	363,25	240
MY PRETTY LOVE	3	F	PUR SANG	5	0	3	2900,00	300,00	3200,00	580,00	220
ZIFULOTT	3	H	PUR SANG	5	0	2	2899,00	2173,00	5072,00	579,80	280
ZEUDI	3	F	PUR SANG	3	0	3	2899,00	2174,00	5073,00	966,33	335
ODIN	6	M	PUR SANG	9	0	5	2898,00	1303,00	4201,00	322,00	185
HAVANISTA	2	F	PUR SANG	3	0	3	2890,00	0,00	2890,00	963,33	310
BEETHOVEN	4	H	PUR SANG	3	0	3	2887,00	0,00	2887,00	962,33	270
VALKANA	5	F	PUR SANG	6	0	2	2881,00	1295,00	4176,00	480,17	215
WEFT	3	F	PUR SANG	4	0	3	2860,00	2145,00	5005,00	715,00	240
BIG SIP	4	H	PUR SANG	3	0	2	2858,00	0,00	2858,00	952,67	350
IKOTOFETSY	3	H	PUR SANG	8	0	2	2856,00	2142,00	4998,00	357,00	365
PARMENIDE	6	H	PUR SANG	5	0	3	2854,00	1283,00	4137,00	570,80	180
GALIA CI	4	F	PUR SANG	3	0	2	2845,00	1279,00	4124,00	948,33	240
MONDIAL SPORT	4	H	PUR SANG	13	0	5	2840,00	770,00	3610,00	218,46	160
GRANITEVILLE	3	F	PUR SANG	2	0	2	2840,00	0,00	2840,00	1420,00	370
VAN DER ROHE	3	H	PUR SANG	2	0	2	2840,00	0,00	2840,00	1420,00	
DIAMOND ROAD	5	H	PUR SANG	4	0	3	2839,00	1276,00	4115,00	709,75	235
MAITRE JIMMY	2	M	PUR SANG	6	0	5	2838,00	2127,00	4965,00	473,00	335
OLERON	5	F	PUR SANG	4	0	3	2836,00	1275,00	4111,00	709,00	315
GYP SEA	4	F	PUR SANG	8	0	5	2815,00	1265,00	4080,00	351,88	230
ATHINEOS	7	H	PUR SANG	9	0	3	2814,00	1265,00	4079,00	312,67	285
DARKAVA	4	F	PUR SANG	2	0	1	2814,00	1266,00	4080,00	1407,00	390
L'ASTROBALE	3	F	PUR SANG	1	0	1	2814,00	2110,00	4924,00	2814,00	
CHAMBLAC	3	M	PUR SANG	1	0	1	2814,00	2110,00	4924,00	2814,00	
KING DALEE	3	M	PUR SANG	1	0	1	2814,00	2110,00	4924,00	2814,00	
VALIKA	3	F	PUR SANG	2	0	1	2814,00	0,00	2814,00	1407,00	
ABERDEEN	3	F	PUR SANG	2	0	2	2808,00	0,00	2808,00	1404,00	
YUNA	3	F	PUR SANG	7	0	4	2806,00	807,00	3613,00	400,86	275
LIKE A DOVE	3	F	PUR SANG	3	0	2	2801,00	2100,00	4901,00	933,67	275
HAYA OF STAR	5	H	PUR SANG	2	0	2	2800,00	1260,00	4060,00	1400,00	340
RUE ERNESTINE	4	F	PUR SANG	3	0	2	2800,00	720,00	3520,00	933,33	310
LE MATANT	4	H	PUR SANG	2	0	2	2800,00	0,00	2800,00	1400,00	
KAYSA	4	F	PUR SANG	5	0	2	2800,00	0,00	2800,00	560,00	215
SHAWNEE SONG	4	H	PUR SANG	2	0	2	2800,00	0,00	2800,00	1400,00	
NAGLO	3	H	PUR SANG	2	0	2	2800,00	0,00	2800,00	1400,00	
TI BO	3	H	PUR SANG	4	0	4	2800,00	2100,00	4900,00	700,00	420
ISMAEL PAINT	8	H	PUR SANG	10	0	4	2795,00	1256,00	4051,00	279,50	290
FUJI HANA	4	F	PUR SANG	6	0	3	2795,00	1257,00	4052,00	465,83	245
ADVERSARY	4	H	PUR SANG	4	0	2	2793,00	0,00	2793,00	698,25	260
HANDHY	7	F	PUR SANG	6	0	3	2791,00	1255,00	4046,00	465,17	235
SON OF ZOR	5	H	PUR SANG	6	0	2	2788,00	1253,00	4041,00	464,67	220
PEGGY DEUX	3	F	PUR SANG	3	0	3	2788,00	216,00	3004,00	929,33	270
LENDAS	2	M	PUR SANG	3	0	3	2776,00	2082,00	4858,00	925,33	365
ALFIYA	2	F	PUR SANG	2	0	1	2774,00	2080,00	4854,00	1387,00	
ROYAL VATI	13	H	PUR SANG	3	0	2	2772,00	1247,00	4019,00	924,00	175
DAVALLIA	4	F	PUR SANG	7	0	2	2772,00	1246,00	4018,00	396,00	285
AVENTINO	4	H	PUR SANG	4	0	2	2772,00	1247,00	4019,00	693,00	345
ZANZIA	5	F	PUR SANG	6	0	4	2770,00	1245,00	4015,00	461,67	300
MARVEL MAX	5	H	PUR SANG	5	0	4	2767,00	1244,00	4011,00	553,40	510
GONDOLO	4	H	PUR SANG	6	0	2	2762,00	1242,00	4004,00	460,33	280
DIAMONDS	4	F	PUR SANG	9	0	3	2758,00	1240,00	3998,00	306,44	170
JOLEK LISES	7	H	PUR SANG	9	0	4	2756,00	1239,00	3995,00	306,22	165
OLINDA DO VALE	2	F	PUR SANG	3	0	2	2750,00	2062,00	4812,00	916,67	310
WOODHAMA	2	F	PUR SANG	3	0	3	2748,00	2061,00	4809,00	916,00	345
MISS LIZZY	2	F	PUR SANG	1	0	1	2745,00	0,00	2745,00	2745,00	
NARCEA	2	F	PUR SANG	1	0	1	2745,00	0,00	2745,00	2745,00	
MAKURU	3	M	PUR SANG	5	0	3	2738,00	928,00	3666,00	547,60	230
PICARNAUGAUTH	5	H	PUR SANG	4	0	2	2737,00	1230,00	3967,00	684,25	245
TREMONIA	4	F	PUR SANG	3	0	2	2737,00	0,00	2737,00	912,33	250
AS DE JUILLEY	9	H	PUR SANG	4	0	1	2736,00	1231,00	3967,00	684,00	205
SEKKU	9	H	PUR SANG	2	0	1	2736,00	1231,00	3967,00	1368,00	205
ATLANTA	7	F	PUR SANG	8	0	1	2736,00	1231,00	3967,00	342,00	150
CONCERTO	7	H	PUR SANG	3	0	1	2736,00	1231,00	3967,00	912,00	185
DAYAK	6	H	PUR SANG	1	0	1	2736,00	1231,00	3967,00	2736,00	170
ARTAIOS	6	H	PUR SANG	2	0	1	2736,00	1231,00	3967,00	1368,00	225
LADY ACE	6	F	PUR SANG	5	0	1	2736,00	1231,00	3967,00	547,20	180
PAPATEOU	6	H	PUR SANG	7	0	1	2736,00	1231,00	3967,00	390,86	240
QUEEN'S ANGEL	5	F	PUR SANG	6	0	1	2736,00	1231,00	3967,00	456,00	200
PORTO GIUNCO	4	H	PUR SANG	2	0	1	2736,00	1231,00	3967,00	1368,00	170
RIVER QUARTZ	4	H	PUR SANG	6	0	1	2736,00	1231,00	3967,00	456,00	225
ZIARAH DE SAON	4	F	PUR SANG	4	0	1	2736,00	1231,00	3967,00	684,00	210
NOUR AYA	6	F	PUR SANG	5	0	1	2736,00	0,00	2736,00	547,20	160
KONIGIN AYDA	2	F	PUR SANG	1	0	1	2736,00	0,00	2736,00	2736,00	
SAINTE ROMY	2	F	PUR SANG	3	0	2	2730,00	2047,00	4777,00	910,00	330
SURPRISE ETOILEE	3	F	PUR SANG	6	0	2	2728,00	0,00	2728,00	454,67	305
SAFE AND SOUND	4	F	PUR SANG	2	0	2	2722,00	0,00	2722,00	1361,00	
FREE MOVEMENT	3	F	PUR SANG	7	0	3	2715,00	2036,00	4751,00	387,86	320
WHIZALIO	4	H	PUR SANG	9	0	3	2712,00	1220,00	3932,00	301,33	150
KAOUASAKI	4	H	PUR SANG	5	0	2	2703,00	1216,00	3919,00	540,60	210
MUYEMIX	7	F	PUR SANG	4	0	3	2700,00	674,00	3374,00	675,00	150
IRON TRIUMPH	3	M	PUR SANG	5	0	3	2699,00	2024,00	4723,00	539,80	270
BEAUTY ANODINE	3	F	PUR SANG	5	0	3	2698,00	2023,00	4721,00	539,60	275
CHASUBLE	5	F	PUR SANG	5	0	4	2696,00	1211,00	3907,00	539,20	290
HOLA VALQUIRIA	4	F	PUR SANG	7	0	2	2689,00	1209,00	3898,00	384,14	290
BOKEN	9	H	PUR SANG	8	0	1	2688,00	1209,00	3897,00	336,00	220
COMMANDER'S WAY	6	H	PUR SANG	4	0	1	2688,00	1209,00	3897,00	672,00	320
QUI EVIDAMENT QUI	4	F	PUR SANG	6	0	1	2688,00	1209,00	3897,00	448,00	170
IMPARATOR	4	H	PUR SANG	4	0	1	2688,00	1209,00	3897,00	672,00	255
SOVEREIGNTY	3	M	PUR SANG	3	0	1	2688,00	2016,00	4704,00	896,00	290
PIKES PEAK	3	M	PUR SANG	3	0	3	2688,00	2016,00	4704,00	896,00	305
ASTRA BELLA	3	F	PUR SANG	2	0	1	2688,00	2016,00	4704,00	1344,00	340
TUWARI	3	H	PUR SANG	2	0	1	2688,00	2016,00	4704,00	1344,00	
SINDALAH	3	F	PUR SANG	3	0	2	2688,00	0,00	2688,00	896,00	380
SHANDERMAN	3	M	PUR SANG	2	0	1	2688,00	0,00	2688,00	1344,00	
BLACK DU MORVAN	4	F	PUR SANG	3	0	3	2687,00	0,00	2687,00	895,67	
BRIO	5	H	PUR SANG	4	0	4	2686,00	1207,00	3893,00	671,50	300
CHAKILYAH	3	F	PUR SANG	6	0	3	2685,00	2013,00	4698,00	447,50	260
MATCH BALL	4	F	PUR SANG	6	0	5	2680,00	283,00	2963,00	446,67	210
MORNING FIVE	9	H	PUR SANG	4	0	4	2672,00	1201,00	3873,00	668,00	205
NELSON DREAM	3	H	PUR SANG	4	0	3	2668,00	2001,00	4669,00	667,00	305
SUNRISE DREAM	4	H	PUR SANG	10	0	2	2668,00	1200,00	3868,00	266,80	205
GARE AU GORILLE	4	M	PUR SANG	4	0	2	2667,00	1199,00	3866,00	666,75	275
HARRY'S PRINCESS	9	F	PUR SANG	3	0	3	2660,00	1197,00	3857,00	886,67	590
DURYTHME	5	H	PUR SANG	5	0	2	2658,00	1195,00	3853,00	531,60	350
SEVEN FOR ALL	4	H	PUR SANG	8	0	4	2650,00	1191,00	3841,00	331,25	250
BELLE NOIRE	2	F	PUR SANG	3	0	3	2649,00	1986,00	4635,00	883,00	345
EL DIABLO	2	M	PUR SANG	7	0	3	2640,00	1980,00	4620,00	377,14	290
FIGHTING SPIRIT	3	H	PUR SANG	4	0	3	2639,00	1978,00	4617,00	659,75	340
JOBOAH	5	H	PUR SANG	3	0	2	2635,00	1184,00	3819,00	878,33	270
GRAND ANGEL	5	F	PUR SANG	5	0	2	2628,00	1181,00	3809,00	525,60	240
PALMEIRA EMERY	6	F	PUR SANG	8	0	3	2627,00	1181,00	3808,00	328,38	155
GREEN VALSTAR	3	F	PUR SANG	4	0	2	2625,00	1125,00	3750,00	656,25	245
SKY KING TAVEL	3	F	PUR SANG	4	0	2	2625,00	0,00	2625,00	656,25	
QUICK CHICK	2	F	PUR SANG	5	0	2	2625,00	1968,00	4593,00	525,00	315
BLACK SUGAR	4	F	PUR SANG	5	0	3	2623,00	1179,00	3802,00	524,60	210
ICALERO	8	H	PUR SANG	5	0	2	2619,00	1178,00	3797,00	523,80	240
GALIWAY D'ANGE	6	H	PUR SANG	5	0	2	2617,00	1176,00	3793,00	523,40	185
INDY	3	H	PUR SANG	5	0	3	2610,00	1207,00	3817,00	522,00	250
ANGEL WARRIOR	4	H	PUR SANG	7	0	3	2608,00	1172,00	3780,00	372,57	315
LE ROZEL	6	H	PUR SANG	2	0	2	2602,00	1170,00	3772,00	1301,00	260
LOUISE GREEN	4	F	PUR SANG	2	0	2	2602,00	1170,00	3772,00	1301,00	245
PRINCESS LAURA	6	F	PUR SANG	10	0	4	2600,00	1169,00	3769,00	260,00	150
BATHYGAR DU GRENAT	3	H	PUR SANG	3	0	2	2600,00	750,00	3350,00	866,67	
MANGAS	3	H	PUR SANG	7	0	3	2593,00	0,00	2593,00	370,43	250
AFRICAN GREY	9	H	PUR SANG	8	0	2	2592,00	1166,00	3758,00	324,00	210
COSMO BEAU	6	M	PUR SANG	4	0	3	2592,00	626,00	3218,00	648,00	315
TIMBER CIRCLE	4	F	PUR SANG	8	0	3	2587,00	1163,00	3750,00	323,38	290
RENA ZALANDA	3	F	PUR SANG	4	0	2	2574,00	1930,00	4504,00	643,50	305
DELAMINA	3	F	PUR SANG	4	0	3	2570,00	1926,00	4496,00	642,50	310
MEKHTALIA	4	F	PUR SANG	6	0	4	2560,00	1151,00	3711,00	426,67	230
VIVAHENY	5	F	PUR SANG	6	0	3	2558,00	0,00	2558,00	426,33	220
A NOS AMOURS	4	F	PUR SANG	5	0	2	2557,00	1150,00	3707,00	511,40	290
KHELONYX	4	H	PUR SANG	9	0	5	2552,00	1145,00	3697,00	283,56	290
TRICKY LIGHT	4	F	PUR SANG	5	0	4	2550,00	1147,00	3697,00	510,00	430
CHANEL GOLD	6	F	PUR SANG	6	0	4	2548,00	1145,00	3693,00	424,67	240
ACCEPTANCE	3	F	PUR SANG	5	0	3	2548,00	1911,00	4459,00	509,60	315
VAISSEAU FANTOME	10	M	PUR SANG	1	0	1	2548,00	0,00	2548,00	2548,00	
PLUIE D'ARAIZE	7	F	PUR SANG	5	0	1	2546,00	1145,00	3691,00	509,20	205
GLORIO	3	H	PUR SANG	6	0	3	2538,00	463,00	3001,00	423,00	230
SEA WAVE	4	H	PUR SANG	4	0	2	2536,00	1140,00	3676,00	634,00	300
ALSIMRYA	6	F	PUR SANG	4	0	2	2526,00	1135,00	3661,00	631,50	260
OBJECTIVE ONE	4	F	PUR SANG	5	0	4	2520,00	1133,00	3653,00	504,00	200
AREV	3	H	PUR SANG	4	0	2	2517,00	1887,00	4404,00	629,25	300
JEUDIXX	3	F	PUR SANG	3	0	1	2515,00	1886,00	4401,00	838,33	440
BIRGHAM DUB	3	M	PUR SANG	1	0	1	2515,00	1886,00	4401,00	2515,00	
VALZEINA	3	F	PUR SANG	1	0	1	2515,00	0,00	2515,00	2515,00	
THORA	3	F	PUR SANG	1	0	1	2515,00	0,00	2515,00	2515,00	400
HAAYIMM	3	H	PUR SANG	1	0	1	2515,00	0,00	2515,00	2515,00	440
UNE FRAGRANCE	4	F	PUR SANG	8	0	3	2514,00	1129,00	3643,00	314,25	175
NAALE	3	F	PUR SANG	2	0	2	2509,00	0,00	2509,00	1254,50	
FEE ZELEE	3	F	PUR SANG	3	0	3	2508,00	1881,00	4389,00	836,00	310
DIVO TWO TIMES	2	M	PUR SANG	2	0	2	2499,00	1874,00	4373,00	1249,50	
MICHEL	3	H	PUR SANG	5	0	3	2497,00	1872,00	4369,00	499,40	290
RUE MADON	3	F	PUR SANG	6	0	2	2496,00	1872,00	4368,00	416,00	290
MAYBE	3	F	PUR SANG	3	0	2	2496,00	1872,00	4368,00	832,00	270
NOIRA	3	H	PUR SANG	5	0	2	2496,00	1872,00	4368,00	499,20	305
PASTEL DE NATA	3	F	PUR SANG	3	0	2	2496,00	0,00	2496,00	832,00	290
GAVILLO	3	M	PUR SANG	3	0	3	2488,00	1865,00	4353,00	829,33	310
MA CHERIE AMOUR	8	F	PUR SANG	8	0	4	2482,00	1115,00	3597,00	310,25	150
CULCOR	7	H	PUR SANG	4	0	3	2481,00	0,00	2481,00	620,25	270
KAIRA	3	F	PUR SANG	3	0	2	2480,00	1860,00	4340,00	826,67	310
BOMARO	5	M	PUR SANG	2	0	2	2476,00	0,00	2476,00	1238,00	280
SWEET DAMIANA	8	F	PUR SANG	10	0	4	2474,00	1112,00	3586,00	247,40	150
KILLWINING	3	H	PUR SANG	6	0	4	2470,00	1852,00	4322,00	411,67	305
RUE HELENE	4	F	PUR SANG	6	0	2	2469,00	1110,00	3579,00	411,50	250
LADY ZARA	2	F	PUR SANG	1	0	1	2466,00	1849,00	4315,00	2466,00	
LOUKPAN	2	M	PUR SANG	1	0	1	2466,00	1849,00	4315,00	2466,00	
OPERA DIVA	2	F	PUR SANG	2	0	1	2466,00	1849,00	4315,00	1233,00	
SOULAGE	2	H	PUR SANG	1	0	1	2466,00	1849,00	4315,00	2466,00	
SILENT DESTINY	2	M	PUR SANG	1	0	1	2466,00	1849,00	4315,00	2466,00	
CANTAVIR	2	M	PUR SANG	1	0	1	2466,00	1849,00	4315,00	2466,00	
FARFLIES	3	F	PUR SANG	2	0	1	2466,00	0,00	2466,00	1233,00	390
EVENEMENTIELLE	2	F	PUR SANG	1	0	1	2466,00	0,00	2466,00	2466,00	
MAGNA GRACE	2	F	PUR SANG	1	0	1	2466,00	0,00	2466,00	2466,00	
BALEGRIO	8	H	PUR SANG	9	0	5	2447,00	1099,00	3546,00	271,89	195
HAMURANA SPRINGST	5	H	PUR SANG	1	0	1	2432,00	1094,00	3526,00	2432,00	245
NEWKIDONTHEBLOCK	6	H	PUR SANG	1	0	1	2432,00	0,00	2432,00	2432,00	280
ALBERI	5	H	PUR SANG	5	0	3	2429,00	1091,00	3520,00	485,80	230
SCHWANGAU	3	H	PUR SANG	6	0	3	2425,00	0,00	2425,00	404,17	235
KALIFE ALAPLACE	6	H	PUR SANG	2	0	1	2422,00	1089,00	3511,00	1211,00	280
ROSAY BAY CEN	3	F	PUR SANG	2	0	1	2421,00	1815,00	4236,00	1210,50	350
SEE THE DREAM	5	F	PUR SANG	4	0	2	2420,00	1088,00	3508,00	605,00	410
OZARK JAMES	2	M	PUR SANG	2	0	2	2415,00	1810,00	4225,00	1207,50	
DEMBEE	6	H	PUR SANG	2	0	2	2407,00	0,00	2407,00	1203,50	320
SHEARKAN	4	F	PUR SANG	6	0	2	2401,00	1080,00	3481,00	400,17	350
BEST OF	4	H	PUR SANG	7	0	3	2401,00	1080,00	3481,00	343,00	215
DIDISSANG	10	H	PUR SANG	7	0	5	2400,00	1080,00	3480,00	342,86	385
SPACER	3	H	PUR SANG	5	0	3	2400,00	0,00	2400,00	480,00	
GOOD NIGHT VASSY	3	F	PUR SANG	2	0	2	2400,00	0,00	2400,00	1200,00	
SHELLONA	2	F	PUR SANG	4	0	4	2400,00	0,00	2400,00	600,00	295
ZENAYAH	3	F	PUR SANG	5	0	3	2399,00	1798,00	4197,00	479,80	250
PRINCESSE SAPHIR	5	F	PUR SANG	5	0	2	2396,00	1078,00	3474,00	479,20	315
KARIOITAHI	9	F	PUR SANG	8	0	3	2392,00	0,00	2392,00	299,00	185
LOVER SONG	4	H	PUR SANG	9	0	3	2389,00	1073,00	3462,00	265,44	300
IRELIA	4	F	PUR SANG	6	0	3	2387,00	1074,00	3461,00	397,83	225
KIWICAT	5	H	PUR SANG	7	0	3	2383,00	1071,00	3454,00	340,43	150
ESTOKENIA	7	F	PUR SANG	4	0	2	2380,00	1071,00	3451,00	595,00	255
ZOOM	6	H	PUR SANG	2	0	2	2380,00	1070,00	3450,00	1190,00	470
PANTHERA	5	F	PUR SANG	1	0	1	2380,00	1071,00	3451,00	2380,00	440
CHEEKY BOY	5	H	PUR SANG	1	0	1	2380,00	1071,00	3451,00	2380,00	440
LIBERTY LANE	6	H	PUR SANG	1	0	1	2380,00	0,00	2380,00	2380,00	
PETIT MARIN	7	H	PUR SANG	1	0	1	2380,00	0,00	2380,00	2380,00	495
LOCH PIKE	5	H	PUR SANG	1	0	1	2380,00	0,00	2380,00	2380,00	375
SECRET STAR	5	H	PUR SANG	2	0	2	2378,00	80,00	2458,00	1189,00	
DESIR DESIR	7	H	PUR SANG	4	0	3	2375,00	1068,00	3443,00	593,75	150
SPICHOPE	4	F	PUR SANG	11	0	4	2368,00	1065,00	3433,00	215,27	180
CHARLESTON DANCER	3	H	PUR SANG	7	0	2	2368,00	1776,00	4144,00	338,29	285
ROUTES	3	F	PUR SANG	6	0	2	2368,00	1776,00	4144,00	394,67	255
LADY STARLIGHT	3	F	PUR SANG	8	0	4	2348,00	1761,00	4109,00	293,50	220
GORA ERREALA	4	F	PUR SANG	8	0	2	2347,00	1055,00	3402,00	293,38	175
GHOOD	2	H	PUR SANG	3	0	2	2346,00	1759,00	4105,00	782,00	330
TRUE STORY	3	F	PUR SANG	3	0	2	2345,00	1758,00	4103,00	781,67	315
PRINCE LOS	8	H	PUR SANG	11	0	4	2343,00	1053,00	3396,00	213,00	150
TI ESTRELLA	4	F	PUR SANG	7	0	4	2340,00	1053,00	3393,00	334,29	460
DEVILLA	9	F	PUR SANG	3	0	2	2336,00	1050,00	3386,00	778,67	270
ROMANELLO	8	H	PUR SANG	3	0	3	2333,00	1048,00	3381,00	777,67	370
BORN TO DEFEAT	3	H	PUR SANG	4	0	2	2328,00	1746,00	4074,00	582,00	335
MONDIALEO	4	H	PUR SANG	2	0	2	2326,00	1046,00	3372,00	1163,00	
SPINNING MIST	9	F	PUR SANG	7	0	2	2326,00	0,00	2326,00	332,29	175
MR GOODNIGHT	7	H	PUR SANG	10	0	4	2326,00	1046,00	3372,00	232,60	150
DA CHOPE	2	F	PUR SANG	5	0	5	2324,00	1741,00	4065,00	464,80	310
SAIF AL LEITH	3	M	PUR SANG	4	0	2	2323,00	0,00	2323,00	580,75	320
TAKE ME I'M YOURS	4	F	PUR SANG	8	0	2	2320,00	1043,00	3363,00	290,00	250
OVER THE SKY	3	M	PUR SANG	4	0	3	2314,00	1735,00	4049,00	578,50	250
KING TREZY	5	H	PUR SANG	4	0	1	2310,00	1039,00	3349,00	577,50	355
TREIZE DIAMANT	4	F	PUR SANG	1	0	1	2310,00	1039,00	3349,00	2310,00	240
SOLEDAD	4	H	PUR SANG	1	0	1	2310,00	1039,00	3349,00	2310,00	430
ZVAROSHKA	6	F	PUR SANG	2	0	1	2310,00	1039,00	3349,00	1155,00	380
CALLA FONDA	4	F	PUR SANG	1	0	1	2310,00	1039,00	3349,00	2310,00	300
EXPLORAR	9	H	PUR SANG	4	0	3	2308,00	1037,00	3345,00	577,00	160
ROMAN LADY	3	F	PUR SANG	5	1	3	2304,00	1728,00	4032,00	460,80	345
ZARKAVEL	3	F	PUR SANG	1	0	1	2304,00	1728,00	4032,00	2304,00	
GUA LIPA	3	F	PUR SANG	1	0	1	2304,00	1728,00	4032,00	2304,00	380
INSIDIA	3	F	PUR SANG	4	0	1	2304,00	1728,00	4032,00	576,00	375
HOTTOT	3	H	PUR SANG	1	0	1	2304,00	1728,00	4032,00	2304,00	410
NOCTURNE BLOU	3	F	PUR SANG	4	0	3	2304,00	1728,00	4032,00	576,00	290
ARKENSTONE	3	H	PUR SANG	4	0	3	2304,00	1728,00	4032,00	576,00	300
NOBLE ANGEL	8	F	PUR SANG	5	0	2	2304,00	1036,00	3340,00	460,80	190
GOOD BYE MANU	3	M	PUR SANG	4	0	1	2304,00	1728,00	4032,00	576,00	405
RUBIA QUEEN	3	F	PUR SANG	2	0	1	2304,00	1728,00	4032,00	1152,00	385
FILICUDI	3	M	PUR SANG	2	0	1	2304,00	0,00	2304,00	1152,00	390
EX ANIMO	3	M	PUR SANG	2	0	1	2304,00	0,00	2304,00	1152,00	
BRONTE SISTER	5	F	PUR SANG	6	0	3	2297,00	673,00	2970,00	382,83	205
BRISE DE MAI	4	F	PUR SANG	5	0	3	2297,00	133,00	2430,00	459,40	215
DAYTON	4	H	PUR SANG	8	0	4	2293,00	0,00	2293,00	286,63	215
TIGER WHITE	3	F	PUR SANG	4	0	2	2290,00	0,00	2290,00	572,50	290
FANCY	3	F	PUR SANG	4	0	2	2288,00	1716,00	4004,00	572,00	305
DSCHINGIS AREON	3	H	PUR SANG	5	0	3	2288,00	1716,00	4004,00	457,60	240
KILOECHO	10	H	PUR SANG	3	0	2	2284,00	1027,00	3311,00	761,33	280
WASACHOP	9	H	PUR SANG	3	0	1	2282,00	1026,00	3308,00	760,67	235
JUWEL	6	H	PUR SANG	5	0	1	2282,00	1026,00	3308,00	456,40	190
WALLEM	8	H	PUR SANG	5	0	1	2282,00	0,00	2282,00	456,40	260
KAMRONE CHOP	3	H	PUR SANG	6	0	4	2274,00	1705,00	3979,00	379,00	240
TOOGOODTOBEROOD	4	H	PUR SANG	12	0	5	2273,00	1021,00	3294,00	189,42	225
KING LUDWIG	4	H	PUR SANG	8	0	4	2268,00	1020,00	3288,00	283,50	200
SI NOIR	2	M	PUR SANG	2	0	2	2263,00	1697,00	3960,00	1131,50	
SULTANE	5	F	PUR SANG	5	0	1	2262,00	1017,00	3279,00	452,40	270
ASTERALE	5	F	PUR SANG	1	0	1	2262,00	1017,00	3279,00	2262,00	160
SAMENESS	4	F	PUR SANG	2	0	1	2262,00	1017,00	3279,00	1131,00	
MYRIA DE BERCE	4	F	PUR SANG	2	0	1	2262,00	0,00	2262,00	1131,00	
SAXON QUEEN	4	F	PUR SANG	2	0	1	2262,00	1017,00	3279,00	1131,00	
DIORA STREET	6	F	PUR SANG	2	0	2	2255,00	1013,00	3268,00	1127,50	150
ASPEN	7	H	PUR SANG	8	0	3	2250,00	674,00	2924,00	281,25	150
GOT SHINE	7	F	PUR SANG	6	0	2	2250,00	1012,00	3262,00	375,00	160
PERFECT PIC	6	F	PUR SANG	2	0	1	2250,00	0,00	2250,00	1125,00	395
YOUNG MAN	9	H	PUR SANG	5	0	2	2247,00	291,00	2538,00	449,40	325
ETAPARK	3	H	PUR SANG	6	0	3	2242,00	1081,00	3323,00	373,67	225
NOTRE ANGLAISE	3	F	PUR SANG	6	0	3	2239,00	0,00	2239,00	373,17	270
LICHTSTERN	4	H	PUR SANG	4	0	2	2233,00	0,00	2233,00	558,25	330
NATH SHOW	5	H	PUR SANG	4	0	3	2225,00	1000,00	3225,00	556,25	180
JAZIRA	4	F	PUR SANG	2	0	1	2223,00	1000,00	3223,00	1111,50	405
AUSPICIOUS	3	F	PUR SANG	1	0	1	2223,00	1667,00	3890,00	2223,00	370
POWERLIST	3	F	PUR SANG	1	0	1	2223,00	1667,00	3890,00	2223,00	
SAINTE MARTHE	3	F	PUR SANG	1	0	1	2223,00	1667,00	3890,00	2223,00	
GLORY KING	3	M	PUR SANG	2	0	1	2223,00	1667,00	3890,00	1111,50	
SYDNEY SUNSET	3	H	PUR SANG	5	0	1	2223,00	1667,00	3890,00	444,60	305
ROSE NOIR	3	F	PUR SANG	1	0	1	2223,00	1667,00	3890,00	2223,00	
NAGIKHTAAL	3	H	PUR SANG	2	0	1	2223,00	1667,00	3890,00	1111,50	
FINLANDAISE	3	F	PUR SANG	1	0	1	2223,00	1667,00	3890,00	2223,00	
SACRED SPIRIT	6	H	PUR SANG	1	0	1	2223,00	0,00	2223,00	2223,00	445
VOLUNTEER HERO	3	H	PUR SANG	3	0	1	2223,00	1667,00	3890,00	741,00	290
SEAYA	3	F	PUR SANG	1	0	1	2223,00	1667,00	3890,00	2223,00	
PERSIAN CENTURION	3	F	PUR SANG	1	0	1	2223,00	1667,00	3890,00	2223,00	375
ANY MOON	5	H	PUR SANG	1	0	1	2223,00	0,00	2223,00	2223,00	420
ILITHYIE	3	F	PUR SANG	1	0	1	2223,00	0,00	2223,00	2223,00	
ZAKARIIA	3	M	PUR SANG	3	0	1	2223,00	0,00	2223,00	741,00	350
MORGAN BAY	4	F	PUR SANG	4	0	1	2223,00	0,00	2223,00	555,75	385
ISI DORA	4	F	PUR SANG	2	0	2	2217,00	133,00	2350,00	1108,50	
PRAY UNITED	3	H	PUR SANG	3	0	3	2214,00	1660,00	3874,00	738,00	270
QUIEN SABE	6	H	PUR SANG	5	0	3	2211,00	0,00	2211,00	442,20	275
WIKENDA	5	F	PUR SANG	4	0	2	2208,00	993,00	3201,00	552,00	210
GREEN MISCHIEF	3	F	PUR SANG	2	0	2	2208,00	0,00	2208,00	1104,00	305
LORLISALSA	11	F	PUR SANG	7	0	4	2207,00	992,00	3199,00	315,29	200
GUNS AND ROSES	3	H	PUR SANG	5	0	2	2205,00	1653,00	3858,00	441,00	270
FEDJY ROSAY	2	F	PUR SANG	2	0	2	2205,00	1653,00	3858,00	1102,50	
GREAT LORD	4	H	PUR SANG	8	0	3	2200,00	989,00	3189,00	275,00	205
ECTOCET	3	H	PUR SANG	2	0	2	2200,00	750,00	2950,00	1100,00	
ATAVAMADA	5	H	PUR SANG	8	0	7	2195,00	984,00	3179,00	274,38	260
LEMSAIRBAT	5	F	PUR SANG	1	0	1	2195,00	987,00	3182,00	2195,00	445
CHRISTINE	4	F	PUR SANG	9	0	2	2194,00	986,00	3180,00	243,78	255
SILILLY	3	F	PUR SANG	3	0	2	2192,00	1644,00	3836,00	730,67	345
SENZA TE	5	F	PUR SANG	5	0	3	2190,00	985,00	3175,00	438,00	265
JACK O'BOY	9	H	PUR SANG	4	0	2	2188,00	983,00	3171,00	547,00	315
CATALONIA	3	F	PUR SANG	2	0	1	2186,00	1638,00	3824,00	1093,00	355
SCALETTA	3	F	PUR SANG	1	0	1	2186,00	0,00	2186,00	2186,00	345
CUDILLERO	3	H	PUR SANG	1	0	1	2186,00	0,00	2186,00	2186,00	
TORONA RAINBOW	3	F	PUR SANG	1	0	1	2184,00	1638,00	3822,00	2184,00	
ZAGALA	3	F	PUR SANG	1	0	1	2184,00	1638,00	3822,00	2184,00	
NECTAR DES BLINS	3	H	PUR SANG	1	0	1	2184,00	1638,00	3822,00	2184,00	
KANEWKO	3	H	PUR SANG	2	0	1	2184,00	1638,00	3822,00	1092,00	330
ZIPI	3	M	PUR SANG	1	0	1	2184,00	1638,00	3822,00	2184,00	
HAMARS	5	H	PUR SANG	7	0	3	2175,00	505,00	2680,00	310,71	150
NIKULYA FAL	4	F	PUR SANG	9	0	4	2158,00	970,00	3128,00	239,78	250
MISAN	3	F	PUR SANG	5	0	3	2157,00	1617,00	3774,00	431,40	290
MY BLACK LADY	7	F	PUR SANG	2	0	1	2156,00	970,00	3126,00	1078,00	330
LORENZO DE MEDICI	7	H	PUR SANG	1	0	1	2156,00	970,00	3126,00	2156,00	320
GREY TORNADO	6	M	PUR SANG	1	0	1	2156,00	970,00	3126,00	2156,00	380
NURTURE	5	F	PUR SANG	4	0	1	2156,00	970,00	3126,00	539,00	230
EXACT	5	M	PUR SANG	3	0	1	2156,00	970,00	3126,00	718,67	300
KEREMET	4	H	PUR SANG	6	0	1	2156,00	970,00	3126,00	359,33	285
RIBSECRET	4	H	PUR SANG	1	0	1	2156,00	0,00	2156,00	2156,00	
TOOGOODFORSCHOOL	6	F	PUR SANG	8	0	4	2143,00	963,00	3106,00	267,88	195
SINGLEDON	8	H	PUR SANG	1	0	1	2142,00	0,00	2142,00	2142,00	
VILLA DARYA	8	F	PUR SANG	5	0	3	2125,00	955,00	3080,00	425,00	290
ALTXERRI	4	H	PUR SANG	9	0	3	2123,00	954,00	3077,00	235,89	180
DREAMSTAR	3	H	PUR SANG	2	0	2	2118,00	1588,00	3706,00	1059,00	
BAILEYS ENCANTA	3	F	PUR SANG	5	0	2	2118,00	1588,00	3706,00	423,60	315
HAARICIA	6	F	PUR SANG	7	0	3	2117,00	951,00	3068,00	302,43	215
FRENCH EXPRESS	3	F	PUR SANG	2	0	2	2117,00	1587,00	3704,00	1058,50	
LAVIRCA DODVILLE	7	F	PUR SANG	2	0	2	2114,00	951,00	3065,00	1057,00	265
MARIONOR	3	H	PUR SANG	4	0	3	2113,00	1228,00	3341,00	528,25	255
SMOLAR	3	H	PUR SANG	3	0	2	2112,00	1583,00	3695,00	704,00	265
WILD HORSES	5	H	PUR SANG	7	0	3	2105,00	946,00	3051,00	300,71	280
MISTER EAZY	3	H	PUR SANG	3	0	3	2100,00	1575,00	3675,00	700,00	480
GIOVANNI GIORGIO	3	M	PUR SANG	2	0	2	2098,00	1573,00	3671,00	1049,00	350
LEGENDE GREY	5	F	PUR SANG	4	0	3	2097,00	538,00	2635,00	524,25	230
HATEDIA FAL	3	F	PUR SANG	4	0	3	2091,00	992,00	3083,00	522,75	285
FALKENSTEIN	3	M	PUR SANG	2	0	2	2088,00	1566,00	3654,00	1044,00	
LA PRIMA	3	F	PUR SANG	4	0	3	2087,00	0,00	2087,00	521,75	285
ARDEN MIST	3	H	PUR SANG	5	0	2	2072,00	0,00	2072,00	414,40	370
SUCRERIE	2	F	PUR SANG	3	0	1	2070,00	1552,00	3622,00	690,00	310
POUVOIR ROYAL	8	H	PUR SANG	3	0	2	2070,00	930,00	3000,00	690,00	375
FELICIE D'OR	2	F	PUR SANG	2	0	1	2070,00	1552,00	3622,00	1035,00	
AL PASO	3	H	PUR SANG	5	0	4	2067,00	1548,00	3615,00	413,40	290
BUGATTI DESJY	5	F	PUR SANG	4	0	3	2065,00	748,00	2813,00	516,25	205
SONDER EDITION	3	F	PUR SANG	4	0	2	2065,00	1548,00	3613,00	516,25	250
HAKASTE	4	H	PUR SANG	7	0	5	2063,00	926,00	2989,00	294,71	255
AKAGERA	6	F	PUR SANG	7	0	3	2062,00	926,00	2988,00	294,57	190
ACTO	4	H	PUR SANG	6	0	2	2059,00	925,00	2984,00	343,17	340
DAVICHOP	8	H	PUR SANG	7	0	3	2050,00	922,00	2972,00	292,86	570
ALFINA	4	F	PUR SANG	3	0	2	2050,00	0,00	2050,00	683,33	
MOOR MALPIC	5	F	PUR SANG	4	0	2	2046,00	919,00	2965,00	511,50	190
PATERNOSTER SQUARE	6	H	PUR SANG	1	0	1	2044,00	919,00	2963,00	2044,00	300
FREEZE	5	H	PUR SANG	5	0	1	2044,00	919,00	2963,00	408,80	280
DUBLIN CALLING	2	M	PUR SANG	1	0	1	2044,00	1533,00	3577,00	2044,00	
ARAMIS AL GUNAY	5	H	PUR SANG	2	0	2	2041,00	0,00	2041,00	1020,50	
FEE DU VIVIEN	5	F	PUR SANG	5	0	2	2040,00	918,00	2958,00	408,00	185
LA TORNADE	6	F	PUR SANG	2	0	2	2038,00	916,00	2954,00	1019,00	270
MCLEAN HOUSE	6	H	PUR SANG	4	0	1	2036,00	916,00	2952,00	509,00	370
OMICRONE	6	F	PUR SANG	6	0	1	2036,00	916,00	2952,00	339,33	385
RUSSIPANT FAL	7	M	PUR SANG	1	0	1	2036,00	0,00	2036,00	2036,00	400
EL PEQUENIO	4	H	PUR SANG	5	0	1	2036,00	916,00	2952,00	407,20	350
SADALBARI	6	H	PUR SANG	2	0	1	2036,00	0,00	2036,00	1018,00	365
BEAUTY APPROACH	6	F	PUR SANG	2	0	1	2036,00	0,00	2036,00	1018,00	325
CRYSTAL LIGHT	4	F	PUR SANG	4	0	2	2034,00	915,00	2949,00	508,50	240
REGAL CHOP	2	H	PUR SANG	4	0	3	2032,00	1523,00	3555,00	508,00	315
CHARMYE	3	F	PUR SANG	2	0	2	2028,00	1521,00	3549,00	1014,00	
TANTATTENDU	4	H	PUR SANG	7	0	2	2025,00	405,00	2430,00	289,29	165
AMAZING CONTROL	5	H	PUR SANG	4	0	3	2022,00	909,00	2931,00	505,50	240
PETERHOF	11	H	PUR SANG	4	0	1	2016,00	907,00	2923,00	504,00	190
CHARLES LEGEND	10	H	PUR SANG	4	0	1	2016,00	907,00	2923,00	504,00	150
TORTOLA	8	F	PUR SANG	2	0	1	2016,00	907,00	2923,00	1008,00	225
LE CHAT BOTTE	8	H	PUR SANG	8	0	1	2016,00	907,00	2923,00	252,00	210
BRAMANTE	7	H	PUR SANG	5	0	1	2016,00	907,00	2923,00	403,20	150
SORIANE	6	F	PUR SANG	4	0	1	2016,00	907,00	2923,00	504,00	220
ALTIMUS	4	H	PUR SANG	2	0	1	2016,00	907,00	2923,00	1008,00	235
TUNDRA	10	F	PUR SANG	4	0	1	2016,00	0,00	2016,00	504,00	190
KUNGSLAND	5	H	PUR SANG	7	0	4	2006,00	902,00	2908,00	286,57	160
BAGOKEN	7	F	PUR SANG	5	0	3	2000,00	900,00	2900,00	400,00	340
MURMURE DE MANG	4	H	PUR SANG	3	0	2	2000,00	0,00	2000,00	666,67	
NATHAN IS BACK	3	H	PUR SANG	1	0	1	2000,00	0,00	2000,00	2000,00	
DIYAKA	3	F	PUR SANG	1	0	1	2000,00	0,00	2000,00	2000,00	
BELLA JOSEPHINE	3	F	PUR SANG	4	0	1	2000,00	1500,00	3500,00	500,00	260
ULTIME SPIRIT	3	H	PUR SANG	1	0	1	2000,00	0,00	2000,00	2000,00	
UPBEAT SPIRIT	3	F	PUR SANG	2	0	1	2000,00	1500,00	3500,00	1000,00	325
MORO NAABA	2	M	PUR SANG	6	0	4	2000,00	1500,00	3500,00	333,33	285
SANCE	3	F	PUR SANG	2	0	1	2000,00	0,00	2000,00	1000,00	
WISLAWA	3	F	PUR SANG	1	0	1	2000,00	0,00	2000,00	2000,00	
PUNCH COCO	3	H	PUR SANG	2	0	2	1990,00	292,00	2282,00	995,00	
LA GENETTE	3	F	PUR SANG	3	0	1	1989,00	1491,00	3480,00	663,00	660
NABUCCO OF MOON	3	H	PUR SANG	8	0	6	1988,00	1490,00	3478,00	248,50	205
SIR DASCH	2	M	PUR SANG	4	0	3	1982,00	1485,00	3467,00	495,50	335
IGETAKICKOUTOFYOU	3	F	PUR SANG	7	0	4	1982,00	0,00	1982,00	283,14	235
ZAMBRA	4	F	PUR SANG	5	0	2	1981,00	890,00	2871,00	396,20	275
SAINT ROMAIN	9	H	PUR SANG	6	0	2	1980,00	891,00	2871,00	330,00	555
WITH ZEST	4	F	PUR SANG	11	0	5	1980,00	888,00	2868,00	180,00	235
POWER PRINCE	3	M	PUR SANG	2	0	2	1980,00	0,00	1980,00	990,00	
THESIGER	4	H	PUR SANG	8	0	3	1978,00	687,00	2665,00	247,25	155
MISTER SKETCH	5	H	PUR SANG	2	0	2	1976,00	0,00	1976,00	988,00	
LION OF VENICE	3	M	PUR SANG	3	0	2	1976,00	0,00	1976,00	658,67	320
TAJMALY	3	H	PUR SANG	4	0	2	1975,00	1481,00	3456,00	493,75	560
ROBERTO PESTO	3	H	PUR SANG	5	0	2	1975,00	1481,00	3456,00	395,00	300
BLOOM DANCER	3	F	PUR SANG	4	0	3	1975,00	0,00	1975,00	493,75	280
LES DIGGERS	4	F	PUR SANG	9	0	2	1972,00	886,00	2858,00	219,11	265
ALPARSLAN	4	H	PUR SANG	5	0	2	1968,00	885,00	2853,00	393,60	335
NOVA DU CHENET	3	F	PUR SANG	5	0	4	1968,00	1476,00	3444,00	393,60	295
JAMAL	4	M	PUR SANG	5	0	3	1959,00	880,00	2839,00	391,80	235
BAILEN	6	H	PUR SANG	5	0	2	1959,00	0,00	1959,00	391,80	325
GRECIAN RULER	4	H	PUR SANG	9	0	4	1955,00	878,00	2833,00	217,22	225
LASHKER	3	M	PUR SANG	3	0	3	1953,00	1464,00	3417,00	651,00	350
TENDERISTHENIGHT	3	F	PUR SANG	3	0	2	1950,00	0,00	1950,00	650,00	
BAILEYS HIP HOP	3	H	PUR SANG	7	0	2	1941,00	1455,00	3396,00	277,29	225
BAILEYS ILLUSION	5	F	PUR SANG	7	0	4	1934,00	869,00	2803,00	276,29	210
LARLIB	4	H	PUR SANG	6	0	3	1929,00	866,00	2795,00	321,50	275
JIEPIE ET JO	2	M	PUR SANG	3	0	3	1924,00	1442,00	3366,00	641,33	315
L'ANNONCIADE	3	F	PUR SANG	5	0	1	1920,00	1439,00	3359,00	384,00	305
LUCKY TWENTY	3	H	PUR SANG	3	0	1	1920,00	1439,00	3359,00	640,00	610
NEW BEDE	3	F	PUR SANG	1	0	1	1920,00	1439,00	3359,00	1920,00	
BAILADORA	3	F	PUR SANG	1	0	1	1920,00	0,00	1920,00	1920,00	
AMAZING GIRL	3	F	PUR SANG	1	0	1	1920,00	0,00	1920,00	1920,00	
SYNERGETIC	4	H	PUR SANG	5	0	1	1918,00	863,00	2781,00	383,60	250
FRANKLIN AL GUNAY	4	H	PUR SANG	2	0	1	1918,00	0,00	1918,00	959,00	320
POLIVATE	8	F	PUR SANG	6	0	3	1901,00	854,00	2755,00	316,83	185
GOLDEN BELLE	5	F	PUR SANG	2	0	1	1900,00	855,00	2755,00	950,00	360
FRA ANGELICO	3	H	PUR SANG	3	0	2	1900,00	300,00	2200,00	633,33	250
ELLI CHOP	3	M	PUR SANG	5	0	2	1900,00	300,00	2200,00	380,00	235
KEEP AWAY	9	H	PUR SANG	1	0	1	1899,00	854,00	2753,00	1899,00	275
STYLE DE WAY	6	H	PUR SANG	4	0	1	1899,00	854,00	2753,00	474,75	520
POTE	5	H	PUR SANG	2	0	2	1898,00	853,00	2751,00	949,00	300
MON BRAVE DE BERCE	4	H	PUR SANG	3	0	2	1897,00	133,00	2030,00	632,33	
ARVEN GLAZ	3	H	PUR SANG	5	0	4	1896,00	1421,00	3317,00	379,20	280
SUISSE DIAMOND	2	F	PUR SANG	6	0	4	1896,00	1422,00	3318,00	316,00	590
WILDSTAR	3	F	PUR SANG	4	0	2	1893,00	1419,00	3312,00	473,25	290
MALA WYSKA	4	F	PUR SANG	1	0	1	1890,00	850,00	2740,00	1890,00	425
GONAFOOT	2	F	PUR SANG	3	0	1	1890,00	1417,00	3307,00	630,00	300
DILJIT	2	M	PUR SANG	1	0	1	1890,00	1417,00	3307,00	1890,00	
ATOSSA	2	F	PUR SANG	1	0	1	1890,00	1417,00	3307,00	1890,00	
LAST CARAT FAL	2	F	PUR SANG	2	0	1	1890,00	1417,00	3307,00	945,00	
NOOR AL AYN	2	H	PUR SANG	1	0	1	1890,00	1417,00	3307,00	1890,00	
ILOVEYOUMIAMOR	2	F	PUR SANG	3	0	1	1890,00	1417,00	3307,00	630,00	335
IN SPACE	2	M	PUR SANG	1	0	1	1890,00	1417,00	3307,00	1890,00	
LAKME	2	M	PUR SANG	2	0	1	1890,00	1417,00	3307,00	945,00	
HOODWINK	4	F	PUR SANG	4	0	3	1889,00	849,00	2738,00	472,25	270
HEAVEN'S STARKY	3	M	PUR SANG	9	0	3	1887,00	1415,00	3302,00	209,67	235
HAMILTON DESJY	7	H	PUR SANG	6	0	1	1876,00	844,00	2720,00	312,67	240
FIRSTCLASS	7	H	PUR SANG	3	0	1	1876,00	844,00	2720,00	625,33	190
PINCOYA	3	F	PUR SANG	5	0	3	1875,00	0,00	1875,00	375,00	245
GRAND YAKA	9	H	PUR SANG	4	0	3	1872,00	842,00	2714,00	468,00	150
GARDOL MOON	7	F	PUR SANG	2	0	2	1872,00	842,00	2714,00	936,00	160
HAYA SAM	3	F	PUR SANG	3	0	3	1872,00	1404,00	3276,00	624,00	310
GWO KA	4	H	PUR SANG	8	0	3	1871,00	840,00	2711,00	233,88	280
CEROS GOLD	4	H	PUR SANG	3	0	3	1868,00	839,00	2707,00	622,67	275
LES PRINCES	3	H	PUR SANG	7	0	4	1845,00	1382,00	3227,00	263,57	270
ROMANE LAHRA	4	F	PUR SANG	6	0	4	1837,00	353,00	2190,00	306,17	200
GIMANZOR	6	H	PUR SANG	10	0	2	1832,00	824,00	2656,00	183,20	200
VOLT	4	H	PUR SANG	6	0	3	1828,00	822,00	2650,00	304,67	170
EL TELENO	2	M	PUR SANG	4	0	3	1828,00	1370,00	3198,00	457,00	315
MIRABILIA	2	F	PUR SANG	1	0	1	1828,00	1371,00	3199,00	1828,00	
ZACHARI	2	H	PUR SANG	1	0	1	1828,00	1371,00	3199,00	1828,00	
TOMTIT	2	M	PUR SANG	1	0	1	1828,00	1371,00	3199,00	1828,00	
TRIPOLITAIN	2	M	PUR SANG	2	0	1	1828,00	0,00	1828,00	914,00	
LEONA REGINA	4	F	PUR SANG	6	0	2	1826,00	214,00	2040,00	304,33	175
SERENA	4	F	PUR SANG	3	0	1	1818,00	818,00	2636,00	606,00	290
INCENTIVE VICTORY	3	F	PUR SANG	6	0	3	1816,00	1362,00	3178,00	302,67	335
MICCOSUKEE	5	F	PUR SANG	7	0	3	1809,00	273,00	2082,00	258,43	160
TELMORION	3	H	PUR SANG	1	0	1	1809,00	1356,00	3165,00	1809,00	
AS CELESTE	3	H	PUR SANG	2	0	1	1809,00	1356,00	3165,00	904,50	
NON STOP PRECIEUX	3	H	PUR SANG	1	0	1	1809,00	1356,00	3165,00	1809,00	
ASYLLA	3	F	PUR SANG	1	0	1	1809,00	1356,00	3165,00	1809,00	380
TAMMANI	9	H	PUR SANG	2	0	1	1809,00	0,00	1809,00	904,50	385
KAVARI	3	H	PUR SANG	1	0	1	1809,00	1356,00	3165,00	1809,00	
GARVEY	5	M	PUR SANG	1	0	1	1809,00	0,00	1809,00	1809,00	340
DELICADA	3	F	PUR SANG	1	0	1	1809,00	0,00	1809,00	1809,00	370
CLAIREMON	3	M	PUR SANG	1	0	1	1809,00	0,00	1809,00	1809,00	
FIRE UP THE JETS	3	M	PUR SANG	7	0	2	1803,00	0,00	1803,00	257,57	260
TOUZ THE CROWN	5	H	PUR SANG	2	0	1	1800,00	0,00	1800,00	900,00	535
LOUP DU PYLA	5	H	PUR SANG	3	0	1	1800,00	810,00	2610,00	600,00	190
MANNITOL DE BALME	4	H	PUR SANG	3	0	1	1800,00	0,00	1800,00	600,00	230
DEAR CAT	4	F	PUR SANG	7	0	2	1800,00	810,00	2610,00	257,14	205
NAVAMARIN	4	F	PUR SANG	6	0	2	1800,00	0,00	1800,00	300,00	180
HIGHFIELD WORLD	4	H	PUR SANG	5	0	2	1799,00	809,00	2608,00	359,80	305
ARAVACA	3	F	PUR SANG	6	0	3	1797,00	0,00	1797,00	299,50	235
SFUSATO	3	H	PUR SANG	3	0	2	1794,00	1345,00	3139,00	598,00	300
DREAMFORFUTURE	3	F	PUR SANG	3	0	2	1792,00	1344,00	3136,00	597,33	340
TIME TO PARLEY	7	F	PUR SANG	7	0	2	1788,00	0,00	1788,00	255,43	160
NOT AN ANGEL	2	F	PUR SANG	2	0	2	1781,00	1335,00	3116,00	890,50	
HELLO MAJOR TOM	2	M	PUR SANG	2	0	2	1781,00	1335,00	3116,00	890,50	
CAPTAIN JO	6	H	PUR SANG	3	0	3	1778,00	395,00	2173,00	592,67	150
SPEEDY ANGEL	7	F	PUR SANG	6	0	2	1775,00	168,00	1943,00	295,83	150
RAINSILVER	3	H	PUR SANG	4	0	2	1772,00	1329,00	3101,00	443,00	255
WILD CITY	5	H	PUR SANG	5	0	2	1756,00	789,00	2545,00	351,20	375
SWEET NEBULA	5	F	PUR SANG	2	0	2	1756,00	790,00	2546,00	878,00	195
KAMINO	6	H	PUR SANG	1	0	1	1750,00	787,00	2537,00	1750,00	320
ELVIRIA	4	F	PUR SANG	1	0	1	1750,00	787,00	2537,00	1750,00	300
TRIALER	3	H	PUR SANG	5	0	2	1750,00	0,00	1750,00	350,00	545
MISS DIVA	3	F	PUR SANG	3	0	2	1748,00	1311,00	3059,00	582,67	275
CHAIN OF COMMAND	5	M	PUR SANG	5	0	3	1733,00	0,00	1733,00	346,60	365
WESTMINSTER BOBCAT	3	M	PUR SANG	5	0	2	1730,00	0,00	1730,00	346,00	280
DEEP SEA	8	F	PUR SANG	5	0	1	1728,00	777,00	2505,00	345,60	315
HELLO LOUIS	3	M	PUR SANG	3	0	1	1728,00	1296,00	3024,00	576,00	340
CAMBER SANDS	3	F	PUR SANG	1	0	1	1728,00	1296,00	3024,00	1728,00	
WITTELSBACH	3	H	PUR SANG	2	0	1	1728,00	1296,00	3024,00	864,00	360
URBES	3	M	PUR SANG	2	0	1	1728,00	1296,00	3024,00	864,00	300
SIBARITA	3	M	PUR SANG	2	0	1	1728,00	0,00	1728,00	864,00	335
CHULAPA	3	F	PUR SANG	1	0	1	1728,00	0,00	1728,00	1728,00	
XIOMARA	5	F	PUR SANG	3	0	2	1724,00	775,00	2499,00	574,67	340
WINNER HORSE	6	H	PUR SANG	3	0	2	1723,00	55,00	1778,00	574,33	270
MAKILIGHT	2	F	PUR SANG	3	0	2	1717,00	1287,00	3004,00	572,33	300
CEVENNES	3	F	PUR SANG	8	0	3	1716,00	1287,00	3003,00	214,50	230
CAPTAIN EAGLE	8	H	PUR SANG	6	0	4	1692,00	760,00	2452,00	282,00	225
ARKADY	3	H	PUR SANG	2	0	2	1692,00	1269,00	2961,00	846,00	
MISTER MAEL	4	H	PUR SANG	12	0	2	1689,00	759,00	2448,00	140,75	250
LE GARDOLOT	8	H	PUR SANG	6	0	2	1683,00	757,00	2440,00	280,50	220
MOON BE STILL	3	F	PUR SANG	4	0	3	1680,00	1260,00	2940,00	420,00	300
DEESSE D'ARGENT	2	F	PUR SANG	2	0	2	1680,00	1260,00	2940,00	840,00	
GENTLE FLUIDITY	2	F	PUR SANG	4	0	1	1680,00	1260,00	2940,00	420,00	300
DESEO	2	F	PUR SANG	3	0	2	1680,00	0,00	1680,00	560,00	350
PERGOLOR	4	M	PUR SANG	10	0	4	1676,00	753,00	2429,00	167,60	225
KENPIC	5	H	PUR SANG	4	0	1	1666,00	749,00	2415,00	416,50	150
KENOSTORM	4	H	PUR SANG	2	0	1	1666,00	749,00	2415,00	833,00	260
TRIOMPHE DES BOIS	4	H	PUR SANG	4	0	1	1666,00	749,00	2415,00	416,50	245
MEETA	4	F	PUR SANG	2	0	1	1666,00	0,00	1666,00	833,00	
ASTRAL WAY	4	F	PUR SANG	1	0	1	1666,00	0,00	1666,00	1666,00	340
STAR ROCK	7	H	PUR SANG	5	0	2	1660,00	746,00	2406,00	332,00	355
MY SISTER LOVE	3	F	PUR SANG	4	0	2	1659,00	1243,00	2902,00	414,75	270
SUNDAY SPEED	5	F	PUR SANG	1	0	1	1650,00	0,00	1650,00	1650,00	
LA PEPA	2	F	PUR SANG	2	0	1	1650,00	1237,00	2887,00	825,00	
NIGHTDANCE ATTACK	2	M	PUR SANG	1	0	1	1647,00	0,00	1647,00	1647,00	
AMORE BELLA	2	F	PUR SANG	4	0	3	1640,00	1230,00	2870,00	410,00	300
STORMYGO	5	H	PUR SANG	2	0	1	1638,00	737,00	2375,00	819,00	365
ANANKE	3	F	PUR SANG	2	0	1	1638,00	1228,00	2866,00	819,00	405
UNFOLLOW	3	F	PUR SANG	4	0	3	1638,00	1228,00	2866,00	409,50	250
BYMOON	3	F	PUR SANG	2	0	2	1638,00	0,00	1638,00	819,00	
ROCHEUX	7	H	PUR SANG	4	0	3	1632,00	733,00	2365,00	408,00	175
PATZESTEVE	6	H	PUR SANG	3	0	2	1630,00	732,00	2362,00	543,33	225
CHILLIDA	3	M	PUR SANG	4	0	3	1628,00	846,00	2474,00	407,00	260
TINY JOY	2	F	PUR SANG	3	0	3	1620,00	1215,00	2835,00	540,00	300
GREASE	6	H	PUR SANG	3	0	1	1610,00	724,00	2334,00	536,67	190
WHAT ELSE	5	M	PUR SANG	4	0	1	1610,00	724,00	2334,00	402,50	240
RENIA	3	F	PUR SANG	2	0	2	1605,00	1203,00	2808,00	802,50	
PLACE DE L'OPERA	3	F	PUR SANG	2	0	2	1605,00	0,00	1605,00	802,50	
BELLE ANSE	6	F	PUR SANG	5	0	1	1600,00	0,00	1600,00	320,00	345
SHAHZADI	5	F	PUR SANG	6	0	1	1600,00	0,00	1600,00	266,67	180
LOLITA DE BALME	5	F	PUR SANG	1	0	1	1600,00	0,00	1600,00	1600,00	
CHATEL D'OROUX	4	F	PUR SANG	1	0	1	1600,00	0,00	1600,00	1600,00	
KATARAFINA	4	F	PUR SANG	1	0	1	1600,00	0,00	1600,00	1600,00	
IMPERATRICE DOROUX	3	F	PUR SANG	2	0	2	1600,00	0,00	1600,00	800,00	
AQUALI MELODY	3	F	PUR SANG	1	0	1	1600,00	0,00	1600,00	1600,00	
NAVAJOS	3	H	PUR SANG	2	0	1	1600,00	0,00	1600,00	800,00	
ALMA FEVER	3	F	PUR SANG	4	0	1	1600,00	0,00	1600,00	400,00	
MALICE DE VEGUY	3	F	PUR SANG	2	0	2	1600,00	0,00	1600,00	800,00	
TANZANIAS	3	F	PUR SANG	1	0	1	1600,00	0,00	1600,00	1600,00	
DIJON	3	H	PUR SANG	1	0	1	1600,00	0,00	1600,00	1600,00	
HAPPYMINI	3	F	PUR SANG	1	0	1	1600,00	0,00	1600,00	1600,00	
OBSCURE	2	F	PUR SANG	3	0	3	1600,00	1198,00	2798,00	533,33	320
JACKSON BAILEYS	2	H	PUR SANG	3	0	1	1596,00	1197,00	2793,00	532,00	
SOFT PEACH	2	F	PUR SANG	2	0	1	1596,00	1197,00	2793,00	798,00	
FRANCQUEVILLE	3	H	PUR SANG	5	0	4	1595,00	1195,00	2790,00	319,00	320
L'ENNEMI	5	H	PUR SANG	7	0	2	1593,00	716,00	2309,00	227,57	150
UNITED COLOR	3	F	PUR SANG	8	0	3	1592,00	1194,00	2786,00	199,00	265
TROFEO	4	M	PUR SANG	3	0	2	1591,00	715,00	2306,00	530,33	290
MON COEUR ALLEMAND	3	F	PUR SANG	3	0	3	1591,00	1193,00	2784,00	530,33	255
UP AND UP	5	F	PUR SANG	2	0	2	1585,00	713,00	2298,00	792,50	245
ALPHA WONDER	4	H	PUR SANG	4	0	2	1584,00	0,00	1584,00	396,00	360
SAINT PHONIE	3	F	PUR SANG	6	0	2	1569,00	1176,00	2745,00	261,50	200
AZ ZEIVA	4	H	PUR SANG	2	0	1	1566,00	704,00	2270,00	783,00	305
GOOD SPEED	4	H	PUR SANG	1	0	1	1566,00	704,00	2270,00	1566,00	315
MYRIADE MAG	4	F	PUR SANG	5	0	1	1558,00	701,00	2259,00	311,60	245
L'AIR DU TEMPS	8	H	PUR SANG	1	0	1	1557,00	700,00	2257,00	1557,00	180
LADY VITESSE	4	F	PUR SANG	7	0	3	1555,00	698,00	2253,00	222,14	315
RUBY IN THE ROCKS	5	F	PUR SANG	10	0	3	1542,00	693,00	2235,00	154,20	185
PURPLE DAHLIA	3	F	PUR SANG	5	0	3	1536,00	1152,00	2688,00	307,20	290
MAGIC STORM	3	H	PUR SANG	5	0	4	1535,00	1151,00	2686,00	307,00	290
DALIAPUR	6	H	PUR SANG	4	0	3	1532,00	0,00	1532,00	383,00	230
TANTOMILE	5	F	PUR SANG	4	0	2	1531,00	688,00	2219,00	382,75	290
MA REINE	4	F	PUR SANG	2	0	2	1528,00	687,00	2215,00	764,00	
ROYAL NINIAN	5	H	PUR SANG	6	0	3	1524,00	685,00	2209,00	254,00	165
MAVERICK PREMIER	4	H	PUR SANG	6	0	2	1515,00	681,00	2196,00	252,50	200
SAOUDIENNE	2	F	PUR SANG	4	0	2	1512,00	1134,00	2646,00	378,00	300
BLACK TIE	4	H	PUR SANG	8	0	3	1500,00	517,00	2017,00	187,50	185
FLASH D'ARCO	3	H	PUR SANG	2	0	1	1500,00	0,00	1500,00	750,00	
CHIPITO	3	H	PUR SANG	4	0	2	1500,00	0,00	1500,00	375,00	230
PRIMA O POI	3	F	PUR SANG	2	0	1	1500,00	0,00	1500,00	750,00	
KOSLOVSKHY	3	M	PUR SANG	2	0	2	1500,00	1125,00	2625,00	750,00	590
MIMIE DE TEILLEE	3	F	PUR SANG	1	0	1	1500,00	0,00	1500,00	1500,00	
NOBODY DE CHOISEL	3	M	PUR SANG	2	0	1	1500,00	0,00	1500,00	750,00	600
ANOUDEUX	3	H	PUR SANG	3	0	1	1500,00	1125,00	2625,00	500,00	280
ZOULIKA	3	F	PUR SANG	2	0	1	1500,00	1125,00	2625,00	750,00	320
EXCAVATE	3	H	PUR SANG	1	0	1	1500,00	0,00	1500,00	1500,00	
SAHARA BEAUTY	3	F	PUR SANG	2	0	1	1500,00	0,00	1500,00	750,00	
FLY DE LA MOTTE	4	F	PUR SANG	2	0	2	1497,00	133,00	1630,00	748,50	
PULCINELLO	3	H	PUR SANG	5	0	4	1497,00	1122,00	2619,00	299,40	235
JUDICIOUS GAME	7	H	PUR SANG	2	0	2	1496,00	672,00	2168,00	748,00	280
MAZAO	3	M	PUR SANG	3	0	2	1490,00	0,00	1490,00	496,67	350
EN PLEIN AIR	5	H	PUR SANG	3	0	2	1488,00	669,00	2157,00	496,00	305
LOVELYMATCH	5	F	PUR SANG	1	0	1	1485,00	668,00	2153,00	1485,00	405
ALLEZ DIDI	4	F	PUR SANG	2	0	1	1485,00	668,00	2153,00	742,50	285
BOTICELLI	4	H	PUR SANG	3	0	1	1485,00	668,00	2153,00	495,00	390
RANAVALONA	3	F	PUR SANG	4	0	3	1474,00	0,00	1474,00	368,50	320
BAILEYS ROCK	4	H	PUR SANG	5	0	4	1472,00	661,00	2133,00	294,40	215
SHANCEL	4	M	PUR SANG	6	0	4	1470,00	660,00	2130,00	245,00	215
MARRAKESH TIME	3	F	PUR SANG	3	0	2	1468,00	0,00	1468,00	489,33	310
ABSOLUTE	5	F	PUR SANG	4	0	3	1464,00	658,00	2122,00	366,00	295
GREEN GATE	4	F	PUR SANG	5	0	3	1461,00	0,00	1461,00	292,20	265
MAJARA	3	F	PUR SANG	3	0	3	1459,00	1093,00	2552,00	486,33	315
RUE DE VOLGA	7	F	PUR SANG	3	0	2	1457,00	655,00	2112,00	485,67	170
PERKA FAL	2	F	PUR SANG	2	0	2	1457,00	1092,00	2549,00	728,50	
WEST MARTIN	7	H	PUR SANG	7	0	3	1450,00	336,00	1786,00	207,14	165
SOFIA'S SPRING	3	F	PUR SANG	3	0	2	1450,00	712,00	2162,00	483,33	260
FAMILY SECRET	3	F	PUR SANG	5	0	2	1444,00	1083,00	2527,00	288,80	390
HOLY ROMANISED	4	H	PUR SANG	2	0	2	1442,00	648,00	2090,00	721,00	210
ALTIA	3	F	PUR SANG	3	0	2	1436,00	1077,00	2513,00	478,67	310
CONQUEST	3	H	PUR SANG	4	0	2	1436,00	1077,00	2513,00	359,00	300
SHAMSABAD	11	H	PUR SANG	9	0	3	1428,00	642,00	2070,00	158,67	150
LIB DUBAWI	9	H	PUR SANG	1	0	1	1425,00	641,00	2066,00	1425,00	255
NOT SO SILLY	8	H	PUR SANG	8	0	2	1425,00	640,00	2065,00	178,13	150
QUEEN LUNA GAME	3	F	PUR SANG	4	0	2	1420,00	1065,00	2485,00	355,00	260
FIRSTMAN	9	H	PUR SANG	3	0	3	1416,00	636,00	2052,00	472,00	245
MILADY PRESTIGE	4	F	PUR SANG	1	0	1	1414,00	0,00	1414,00	1414,00	580
NOVICE DE CIERGUES	3	H	PUR SANG	1	0	1	1414,00	0,00	1414,00	1414,00	
HIDDENSEE	5	F	PUR SANG	3	0	2	1412,00	635,00	2047,00	470,67	200
SULEIMA	3	F	PUR SANG	6	0	2	1405,00	1053,00	2458,00	234,17	220
OPA HOPPENSTEDT	3	H	PUR SANG	1	0	1	1404,00	1053,00	2457,00	1404,00	
HUNTIQUE	3	F	PUR SANG	2	0	1	1404,00	1053,00	2457,00	702,00	
DIVERTIMENTO	3	F	PUR SANG	2	0	2	1404,00	303,00	1707,00	702,00	310
SAKINAH	3	F	PUR SANG	1	0	1	1404,00	0,00	1404,00	1404,00	
HAKA	4	H	PUR SANG	6	0	3	1402,00	517,00	1919,00	233,67	195
A NOS SOUVENIRS	7	H	PUR SANG	4	0	1	1400,00	0,00	1400,00	350,00	225
MAYDY DE ROMAY	4	F	PUR SANG	4	0	2	1400,00	630,00	2030,00	350,00	190
FLY HALF	4	H	PUR SANG	11	0	4	1399,00	628,00	2027,00	127,18	290
PROMINENT	3	M	PUR SANG	5	0	3	1393,00	0,00	1393,00	278,60	325
CHIARANIYA	5	F	PUR SANG	2	0	1	1392,00	626,00	2018,00	696,00	435
QUASAR	5	H	PUR SANG	3	0	1	1392,00	626,00	2018,00	464,00	435
L'HOTELLERIE	5	F	PUR SANG	2	0	1	1392,00	626,00	2018,00	696,00	390
SEALISKY	2	F	PUR SANG	5	0	3	1390,00	1041,00	2431,00	278,00	305
PURPLE RAY	3	F	PUR SANG	4	0	2	1389,00	0,00	1389,00	347,25	275
WIGMORE STREET	6	H	PUR SANG	6	0	3	1387,00	0,00	1387,00	231,17	330
YOU'VE GOT SAIL	7	H	PUR SANG	5	0	1	1386,00	623,00	2009,00	277,20	250
A STOLEN KISS	6	F	PUR SANG	1	0	1	1386,00	623,00	2009,00	1386,00	225
SHAZAM	6	H	PUR SANG	1	0	1	1386,00	0,00	1386,00	1386,00	540
HENRY THE LION	6	H	PUR SANG	4	0	2	1384,00	622,00	2006,00	346,00	315
GWENN HA DU	6	H	PUR SANG	6	0	2	1378,00	619,00	1997,00	229,67	195
NANALA	3	F	PUR SANG	4	0	2	1376,00	1032,00	2408,00	344,00	230
AMAZORE	4	F	PUR SANG	3	0	2	1376,00	619,00	1995,00	458,67	230
DOMERY	3	H	PUR SANG	4	0	3	1372,00	1029,00	2401,00	343,00	255
PAS DE VELOURS	6	F	PUR SANG	5	0	2	1369,00	615,00	1984,00	273,80	190
ZEA MAYS	2	F	PUR SANG	3	0	2	1365,00	1023,00	2388,00	455,00	325
DANCING EAGLE CEN	2	F	PUR SANG	2	0	2	1365,00	1023,00	2388,00	682,50	
TREAT ME NICE	3	M	PUR SANG	5	0	3	1365,00	1022,00	2387,00	273,00	295
FIZZY	2	F	PUR SANG	2	0	2	1365,00	0,00	1365,00	682,50	
CLOTH OF GOLD	3	H	PUR SANG	2	0	2	1358,00	1018,00	2376,00	679,00	340
ONE EYE JACK	4	H	PUR SANG	3	0	3	1357,00	609,00	1966,00	452,33	315
BETTER TO SMILE	3	F	PUR SANG	5	0	3	1357,00	0,00	1357,00	271,40	270
ADWAN	6	H	PUR SANG	11	0	3	1355,00	0,00	1355,00	123,18	205
HELLO SPRING	3	H	PUR SANG	6	0	3	1354,00	1015,00	2369,00	225,67	255
SWAY WITH ME	4	F	PUR SANG	5	0	3	1351,00	607,00	1958,00	270,20	160
CLOUDBUSTING	2	M	PUR SANG	4	0	2	1351,00	1013,00	2364,00	337,75	355
ADSUM	9	F	PUR SANG	2	0	1	1350,00	0,00	1350,00	675,00	150
ESPERANCE CHAUFOUR	5	F	PUR SANG	4	0	1	1350,00	0,00	1350,00	337,50	210
ARTUSA	4	F	PUR SANG	3	0	1	1350,00	0,00	1350,00	450,00	265
OVER DREAM	4	F	PUR SANG	1	0	1	1350,00	0,00	1350,00	1350,00	
BELLA D'ID	4	F	PUR SANG	3	0	1	1350,00	607,00	1957,00	450,00	
ROMANISSIMA	4	F	PUR SANG	5	0	1	1350,00	607,00	1957,00	270,00	175
THE PRINCE	4	H	PUR SANG	1	0	1	1350,00	0,00	1350,00	1350,00	595
LUKE SKYWALKER	4	H	PUR SANG	5	0	3	1350,00	0,00	1350,00	270,00	200
GRANDEZA	4	F	PUR SANG	2	0	2	1347,00	0,00	1347,00	673,50	225
PEYRASSOL	6	H	PUR SANG	6	0	4	1345,00	604,00	1949,00	224,17	235
ROYALE WELLS	6	H	PUR SANG	9	0	3	1343,00	604,00	1947,00	149,22	180
RISKY LIGHT	6	F	PUR SANG	8	0	3	1341,00	265,00	1606,00	167,63	150
LANDED	3	F	PUR SANG	3	0	3	1340,00	1004,00	2344,00	446,67	285
PUNICA	4	F	PUR SANG	4	0	3	1329,00	597,00	1926,00	332,25	270
WOOD LAND	3	H	PUR SANG	3	0	2	1323,00	992,00	2315,00	441,00	260
HORS LIMITES	4	F	PUR SANG	4	0	3	1319,00	0,00	1319,00	329,75	300
PINK PERSEVERANCE	5	F	PUR SANG	1	0	1	1314,00	591,00	1905,00	1314,00	600
T'ES CHIC	4	F	PUR SANG	5	0	1	1314,00	591,00	1905,00	262,80	235
AS A CHARM	7	H	PUR SANG	5	0	3	1311,00	589,00	1900,00	262,20	175
TAVDA	3	F	PUR SANG	2	0	2	1306,00	0,00	1306,00	653,00	
SILENCIO	3	M	PUR SANG	2	0	2	1306,00	0,00	1306,00	653,00	
TY ZUMS	10	H	PUR SANG	3	0	2	1300,00	585,00	1885,00	433,33	480
ENOLA D'OLIVERIE	3	F	PUR SANG	2	0	2	1299,00	973,00	2272,00	649,50	
L'IENISSEI	8	H	PUR SANG	1	0	1	1296,00	583,00	1879,00	1296,00	315
KARMINA BELLA	6	F	PUR SANG	1	0	1	1296,00	583,00	1879,00	1296,00	220
ROSA TREZY	5	F	PUR SANG	4	0	1	1296,00	583,00	1879,00	324,00	150
FATHIYYA	2	F	PUR SANG	1	0	1	1296,00	972,00	2268,00	1296,00	
GALAYO	2	M	PUR SANG	3	0	1	1296,00	972,00	2268,00	432,00	305
OLYMPIC FILLY	2	F	PUR SANG	2	0	1	1296,00	972,00	2268,00	648,00	
CHONBURI	10	F	PUR SANG	9	0	1	1296,00	0,00	1296,00	144,00	150
USNAVYGIRL	6	F	PUR SANG	2	0	1	1296,00	0,00	1296,00	648,00	155
SUPER MARCY	3	M	PUR SANG	1	0	1	1296,00	0,00	1296,00	1296,00	
FALABELLA	5	F	PUR SANG	9	0	3	1292,00	581,00	1873,00	143,56	150
KENDELYA	3	F	PUR SANG	5	0	2	1291,00	967,00	2258,00	258,20	350
HISTO CHOP	3	H	PUR SANG	2	0	2	1288,00	216,00	1504,00	644,00	280
MAPWORLD	3	H	PUR SANG	4	0	3	1282,00	961,00	2243,00	320,50	250
BLOOM	3	F	PUR SANG	6	0	2	1279,00	958,00	2237,00	213,17	280
DARI RIVER	5	F	PUR SANG	7	0	1	1272,00	572,00	1844,00	181,71	350
NINAO	2	F	PUR SANG	3	0	2	1265,00	948,00	2213,00	421,67	310
JEU	3	H	PUR SANG	5	0	1	1260,00	945,00	2205,00	252,00	260
ALPHA DE CENTAURE	2	H	PUR SANG	2	0	2	1260,00	945,00	2205,00	630,00	
DAKOVKA	5	F	PUR SANG	10	0	3	1251,00	562,00	1813,00	125,10	190
LADY DES BLINS	5	F	PUR SANG	3	0	2	1249,00	80,00	1329,00	416,33	200
GENJI	3	H	PUR SANG	2	0	2	1248,00	936,00	2184,00	624,00	305
FAY	2	M	PUR SANG	1	0	1	1244,00	933,00	2177,00	1244,00	
FIDJI	3	F	PUR SANG	3	0	2	1243,00	932,00	2175,00	414,33	245
VALENTO	10	H	PUR SANG	7	0	2	1236,00	555,00	1791,00	176,57	150
THE WHEEL OF TIME	3	H	PUR SANG	5	0	2	1234,00	924,00	2158,00	246,80	265
PHILAU	8	H	PUR SANG	1	0	1	1233,00	554,00	1787,00	1233,00	385
WONDERFUL BOY	5	M	PUR SANG	1	0	1	1233,00	0,00	1233,00	1233,00	
WIXON'S MEMORY	4	F	PUR SANG	7	0	2	1228,00	552,00	1780,00	175,43	170
ULTIMO MINUTO	2	M	PUR SANG	5	0	4	1227,00	920,00	2147,00	245,40	290
SAID EL FNA	2	H	PUR SANG	4	0	4	1216,00	911,00	2127,00	304,00	310
LAVENDER BREEZE	4	F	PUR SANG	2	0	2	1212,00	0,00	1212,00	606,00	
NORTH STAR	4	F	PUR SANG	2	0	2	1208,00	0,00	1208,00	604,00	
LES PATINS	3	F	PUR SANG	2	0	1	1206,00	904,00	2110,00	603,00	260
BOKRA FIL MISHMISH	12	F	PUR SANG	5	0	2	1200,00	0,00	1200,00	240,00	150
COOBIRD	8	M	PUR SANG	3	0	1	1200,00	540,00	1740,00	400,00	610
LE SICILIEN	7	H	PUR SANG	2	0	1	1200,00	0,00	1200,00	600,00	270
PIMPRENELLE	5	F	PUR SANG	7	0	3	1200,00	359,00	1559,00	171,43	160
JUST JIM	5	H	PUR SANG	3	0	1	1200,00	0,00	1200,00	400,00	370
FORCEIGHT	5	F	PUR SANG	5	0	1	1200,00	0,00	1200,00	240,00	160
LAZARD D'ESTRUVAL	5	H	PUR SANG	1	0	1	1200,00	0,00	1200,00	1200,00	
KRISE D'HUMOUR	5	F	PUR SANG	4	0	2	1200,00	0,00	1200,00	300,00	180
MEA CULPA JACTA	4	F	PUR SANG	2	0	2	1200,00	0,00	1200,00	600,00	
PRINCESUKKA	4	H	PUR SANG	1	0	1	1200,00	0,00	1200,00	1200,00	
DEMASKETOI	4	H	PUR SANG	1	0	1	1200,00	0,00	1200,00	1200,00	
ZAGOR	4	H	PUR SANG	3	0	1	1200,00	540,00	1740,00	400,00	370
MALYA DES LITEAUX	4	F	PUR SANG	2	0	2	1200,00	0,00	1200,00	600,00	
MISTERROMINO	4	H	PUR SANG	2	0	1	1200,00	0,00	1200,00	600,00	
GRISE D'AZUR PELEM	4	F	PUR SANG	5	0	1	1200,00	0,00	1200,00	240,00	270
MAITRE D'AUTEUIL	4	H	PUR SANG	2	0	1	1200,00	0,00	1200,00	600,00	
HANGE DES MONTS	4	F	PUR SANG	1	0	1	1200,00	0,00	1200,00	1200,00	
GERMINAL DES BEAUX	4	H	PUR SANG	1	0	1	1200,00	0,00	1200,00	1200,00	510
SAKHALINE	4	H	PUR SANG	1	0	1	1200,00	540,00	1740,00	1200,00	350
SANAIYA	4	F	PUR SANG	1	0	1	1200,00	0,00	1200,00	1200,00	
DALIVANA	3	F	PUR SANG	1	0	1	1200,00	0,00	1200,00	1200,00	
LE BOSC	3	H	PUR SANG	4	0	1	1200,00	900,00	2100,00	300,00	245
MIX MATCH	3	H	PUR SANG	1	0	1	1200,00	0,00	1200,00	1200,00	
ECLIPSE D'AURE	3	F	PUR SANG	2	0	1	1200,00	0,00	1200,00	600,00	
PINK CERTITUDE	3	F	PUR SANG	2	0	1	1200,00	0,00	1200,00	600,00	
MARTINI GREEN	3	F	PUR SANG	1	0	1	1200,00	0,00	1200,00	1200,00	
WHIZASTREL	3	H	PUR SANG	3	0	1	1200,00	0,00	1200,00	400,00	
BLACK BILL	3	H	PUR SANG	5	0	1	1200,00	0,00	1200,00	240,00	235
LA BELLE DE BELLEM	3	F	PUR SANG	4	0	2	1200,00	900,00	2100,00	300,00	250
BOULEVARD BARBIZON	3	H	PUR SANG	1	0	1	1200,00	0,00	1200,00	1200,00	
FALA CHOP	2	H	PUR SANG	2	0	2	1200,00	900,00	2100,00	600,00	
COSMIC MALPIC	2	F	PUR SANG	3	0	2	1200,00	900,00	2100,00	400,00	
CASTLE HOWARD	3	M	PUR SANG	1	0	1	1200,00	0,00	1200,00	1200,00	
OLE OLE	4	F	PUR SANG	2	0	2	1197,00	0,00	1197,00	598,50	
BANSKY	3	H	PUR SANG	3	0	3	1194,00	895,00	2089,00	398,00	290
STOP THE ROCK	3	H	PUR SANG	7	0	2	1182,00	0,00	1182,00	168,86	250
SUNBEAM	10	H	PUR SANG	6	0	2	1175,00	168,00	1343,00	195,83	150
VITESSE	5	F	PUR SANG	4	0	2	1175,00	527,00	1702,00	293,75	270
APOGEO	4	M	PUR SANG	4	0	2	1175,00	528,00	1703,00	293,75	365
ELKABIER	5	H	PUR SANG	4	0	3	1163,00	522,00	1685,00	290,75	240
ACQUA ROSA	3	F	PUR SANG	3	0	2	1160,00	870,00	2030,00	386,67	250
RIVERHEIGHT	2	H	PUR SANG	2	0	2	1155,00	866,00	2021,00	577,50	
BADEN ROCKS	9	H	PUR SANG	4	0	1	1152,00	518,00	1670,00	288,00	320
VERT ET MER	5	H	PUR SANG	2	0	1	1152,00	518,00	1670,00	576,00	250
JEANS AND JEWELLS	4	F	PUR SANG	3	0	1	1152,00	518,00	1670,00	384,00	310
SARAMO	4	H	PUR SANG	2	0	1	1152,00	518,00	1670,00	576,00	275
RAINIER	8	H	PUR SANG	7	0	2	1152,00	518,00	1670,00	164,57	150
RED TORCH	11	M	PUR SANG	1	0	1	1150,00	517,00	1667,00	1150,00	225
LOUNA BEACH	8	F	PUR SANG	4	0	2	1150,00	337,00	1487,00	287,50	150
MISS JANG	4	F	PUR SANG	5	0	2	1150,00	0,00	1150,00	230,00	500
ROMIN	4	H	PUR SANG	2	0	1	1148,00	516,00	1664,00	574,00	250
PARISA	3	F	PUR SANG	7	0	3	1147,00	859,00	2006,00	163,86	265
MAHASIAH	2	M	PUR SANG	1	0	1	1142,00	856,00	1998,00	1142,00	
MABROUKA	2	F	PUR SANG	1	0	1	1142,00	856,00	1998,00	1142,00	
WONDER BAILEYS	2	F	PUR SANG	1	0	1	1142,00	856,00	1998,00	1142,00	
AKMANOVKHA	2	F	PUR SANG	1	0	1	1142,00	856,00	1998,00	1142,00	
ELMO PUTNEY	2	M	PUR SANG	1	0	1	1142,00	856,00	1998,00	1142,00	
SALMY	2	M	PUR SANG	1	0	1	1142,00	0,00	1142,00	1142,00	
REMIND ME TOO	2	F	PUR SANG	3	0	2	1136,00	852,00	1988,00	378,67	305
FAZAYAH	3	F	PUR SANG	4	0	3	1130,00	472,00	1602,00	282,50	245
WINGS OF FIRE	7	H	PUR SANG	4	0	2	1128,00	507,00	1635,00	282,00	195
ARYVESAN	4	F	PUR SANG	6	0	3	1128,00	507,00	1635,00	188,00	225
ONE EDITION	3	F	PUR SANG	6	0	3	1127,00	0,00	1127,00	187,83	250
LOR LAGOON	5	H	PUR SANG	7	0	3	1126,00	506,00	1632,00	160,86	255
DOWN TOWN	7	F	PUR SANG	5	0	1	1125,00	0,00	1125,00	225,00	155
ALYAQUT	5	F	PUR SANG	7	0	1	1125,00	506,00	1631,00	160,71	285
WAY TO MARBELLA	5	F	PUR SANG	9	0	1	1125,00	0,00	1125,00	125,00	150
MARKEZA	3	F	PUR SANG	2	0	2	1119,00	838,00	1957,00	559,50	
JIOFYOR	3	M	PUR SANG	2	0	2	1117,00	462,00	1579,00	558,50	
BAILEYS TOPAZE	5	F	PUR SANG	6	0	3	1114,00	499,00	1613,00	185,67	265
KISSES	3	F	PUR SANG	7	0	3	1113,00	834,00	1947,00	159,00	230
DA TEMPO DEA	4	F	PUR SANG	3	0	2	1112,00	500,00	1612,00	370,67	220
HEMATITE	4	F	PUR SANG	12	0	2	1110,00	0,00	1110,00	92,50	205
TUATAPERE	3	F	PUR SANG	5	0	3	1109,00	531,00	1640,00	221,80	240
ODONNELL'S ORCHARD	5	H	PUR SANG	4	0	3	1102,00	0,00	1102,00	275,50	350
THE BOY CAN PLAY	2	M	PUR SANG	2	0	1	1100,00	825,00	1925,00	550,00	
OFF SPRING	2	H	PUR SANG	4	0	2	1100,00	824,00	1924,00	275,00	305
SUMAVA	3	F	PUR SANG	4	0	2	1097,00	822,00	1919,00	274,25	590
SCHERWOOD	7	H	PUR SANG	8	0	4	1096,00	492,00	1588,00	137,00	150
VILLANESQUE	3	F	PUR SANG	2	0	1	1096,00	822,00	1918,00	548,00	
ASIAH	2	F	PUR SANG	1	0	1	1096,00	822,00	1918,00	1096,00	
ALMOONTASIRA	2	F	PUR SANG	1	0	1	1096,00	822,00	1918,00	1096,00	
JALMOUD	2	M	PUR SANG	2	0	1	1096,00	822,00	1918,00	548,00	
MICHELLE	2	F	PUR SANG	1	0	1	1096,00	822,00	1918,00	1096,00	
BUKORISHIA	2	F	PUR SANG	1	0	1	1096,00	822,00	1918,00	1096,00	
ROYAL SPIRIT	2	M	PUR SANG	1	0	1	1096,00	822,00	1918,00	1096,00	
CARIB SONG	2	M	PUR SANG	1	0	1	1096,00	0,00	1096,00	1096,00	
SCRIBE OF WISDOM	2	M	PUR SANG	1	0	1	1096,00	0,00	1096,00	1096,00	
MAMORE	2	F	PUR SANG	2	0	1	1096,00	0,00	1096,00	548,00	
LA BILLEBAUDE	4	F	PUR SANG	4	0	2	1084,00	487,00	1571,00	271,00	235
SENSATIONNELLE	3	F	PUR SANG	2	0	1	1080,00	810,00	1890,00	540,00	580
BAILYCHKA	2	F	PUR SANG	1	0	1	1080,00	810,00	1890,00	1080,00	
BEAUTIFUL MESS	4	F	PUR SANG	6	0	3	1075,00	483,00	1558,00	179,17	230
MA LILI	8	F	PUR SANG	1	0	1	1071,00	481,00	1552,00	1071,00	150
LOONA BAI	4	F	PUR SANG	2	0	1	1071,00	481,00	1552,00	535,50	
VICTORY GATSBY	4	F	PUR SANG	3	0	1	1071,00	481,00	1552,00	357,00	250
TENDER MOMENT	4	H	PUR SANG	1	0	1	1071,00	481,00	1552,00	1071,00	270
LA COMEDIENNE	4	F	PUR SANG	1	0	1	1071,00	481,00	1552,00	1071,00	
VIVID	4	H	PUR SANG	1	0	1	1071,00	481,00	1552,00	1071,00	355
FAR BEYOND	4	M	PUR SANG	4	0	2	1071,00	481,00	1552,00	267,75	300
NELSONN	3	M	PUR SANG	2	0	2	1056,00	792,00	1848,00	528,00	
PERIWINKLE	2	F	PUR SANG	3	0	3	1050,00	786,00	1836,00	350,00	315
LOVE IN GLORY	2	H	PUR SANG	2	0	2	1050,00	786,00	1836,00	525,00	
AERION	10	H	PUR SANG	1	0	1	1050,00	0,00	1050,00	1050,00	250
BAUHINIA RHAPSODY	6	H	PUR SANG	8	0	2	1048,00	0,00	1048,00	131,00	305
ADEL SUN	7	F	PUR SANG	4	0	2	1040,00	468,00	1508,00	260,00	420
NOT TODAY	4	F	PUR SANG	3	0	3	1039,00	467,00	1506,00	346,33	240
GENTILESCHI	5	F	PUR SANG	3	0	1	1036,00	466,00	1502,00	345,33	225
ESCAPE GAME	4	H	PUR SANG	1	0	1	1036,00	466,00	1502,00	1036,00	340
MACCA	4	H	PUR SANG	4	0	1	1035,00	465,00	1500,00	258,75	190
PARC FLORAL	3	H	PUR SANG	4	0	1	1035,00	776,00	1811,00	258,75	265
AVATINE IMPACT	3	F	PUR SANG	3	0	1	1035,00	776,00	1811,00	345,00	265
XAARTA	3	F	PUR SANG	2	0	1	1035,00	776,00	1811,00	517,50	300
JURMALA	4	F	PUR SANG	6	0	2	1031,00	0,00	1031,00	171,83	265
PINK FEVER	3	F	PUR SANG	6	0	4	1028,00	769,00	1797,00	171,33	235
PIANA DU MAZET	3	F	PUR SANG	2	0	2	1028,00	771,00	1799,00	514,00	
MIA RARE	2	F	PUR SANG	3	0	1	1026,00	769,00	1795,00	342,00	
RIVER DREAM	2	M	PUR SANG	1	0	1	1026,00	769,00	1795,00	1026,00	
RACING GREEN	4	H	PUR SANG	4	0	3	1025,00	460,00	1485,00	256,25	265
LIBERTY AMOUR	3	F	PUR SANG	2	0	1	1024,00	768,00	1792,00	512,00	395
JOSEFOVA	3	F	PUR SANG	1	0	1	1024,00	768,00	1792,00	1024,00	380
REAL NEWS	3	H	PUR SANG	1	0	1	1024,00	768,00	1792,00	1024,00	415
MADRAS	7	F	PUR SANG	7	0	3	1023,00	0,00	1023,00	146,14	150
KARINATA	5	F	PUR SANG	6	0	2	1012,00	455,00	1467,00	168,67	155
SKIMBLESHANKS	5	H	PUR SANG	3	0	2	1001,00	450,00	1451,00	333,67	305
CLYDE DU BERLAIS	3	H	PUR SANG	1	0	1	1000,00	750,00	1750,00	1000,00	
TCHI TCHA	3	F	PUR SANG	3	0	1	1000,00	750,00	1750,00	333,33	255
NOUS Y VOILA	3	H	PUR SANG	1	0	1	1000,00	750,00	1750,00	1000,00	
ORAKLE TILE	3	H	PUR SANG	3	0	1	1000,00	750,00	1750,00	333,33	260
MADONNA DES PLACES	3	F	PUR SANG	1	0	1	1000,00	0,00	1000,00	1000,00	
ASTOVE	3	H	PUR SANG	2	0	1	1000,00	0,00	1000,00	500,00	290
POLKEN	3	H	PUR SANG	2	0	1	1000,00	750,00	1750,00	500,00	
AQUA ALLEGORIA	3	F	PUR SANG	2	0	1	1000,00	750,00	1750,00	500,00	
LOVELY CHURCH	3	F	PUR SANG	1	0	1	1000,00	0,00	1000,00	1000,00	
PONDERADO	4	H	PUR SANG	2	0	1	1000,00	0,00	1000,00	500,00	395
MOONLIT ROSE	3	F	PUR SANG	2	0	1	1000,00	0,00	1000,00	500,00	
SWINGUER	4	H	PUR SANG	1	0	1	988,00	444,00	1432,00	988,00	450
TAJMAWAN	3	M	PUR SANG	5	0	1	988,00	741,00	1729,00	197,60	275
LUCKY WOOD	3	H	PUR SANG	4	0	1	988,00	741,00	1729,00	247,00	350
DON SAINT ROCK	3	H	PUR SANG	3	0	1	988,00	741,00	1729,00	329,33	340
PARKER	3	H	PUR SANG	1	0	1	988,00	741,00	1729,00	988,00	585
HODIE MIHI	3	F	PUR SANG	4	0	1	988,00	741,00	1729,00	247,00	300
ZACK EARTH	3	M	PUR SANG	4	0	1	988,00	741,00	1729,00	247,00	305
QUELLIS	3	F	PUR SANG	3	0	1	988,00	741,00	1729,00	329,33	300
CARAMEL	3	F	PUR SANG	2	0	1	988,00	741,00	1729,00	494,00	
SOLDIER'S GOLD	5	M	PUR SANG	2	0	1	988,00	0,00	988,00	494,00	440
AUTENTICA	3	F	PUR SANG	1	0	1	988,00	741,00	1729,00	988,00	
GRECIAN CONQUEST	3	H	PUR SANG	3	0	1	988,00	741,00	1729,00	329,33	310
NATIVE IRISH	4	H	PUR SANG	1	0	1	988,00	0,00	988,00	988,00	445
CASABLANCA	3	F	PUR SANG	1	0	1	988,00	0,00	988,00	988,00	
LORD LINDETH	3	H	PUR SANG	1	0	1	988,00	0,00	988,00	988,00	
TARADIF	3	H	PUR SANG	2	0	1	988,00	0,00	988,00	494,00	320
NAME LORD	4	M	PUR SANG	1	0	1	988,00	0,00	988,00	988,00	
SEA POETRY	4	F	PUR SANG	2	0	1	988,00	0,00	988,00	494,00	400
IVANOVKA	3	F	PUR SANG	3	0	2	987,00	739,00	1726,00	329,00	
LE TABOU	6	H	PUR SANG	4	0	2	987,00	443,00	1430,00	246,75	360
BAIETA	3	F	PUR SANG	5	0	2	987,00	739,00	1726,00	197,40	295
STILL LOVING DREAM	3	H	PUR SANG	4	0	2	985,00	738,00	1723,00	246,25	300
CALEDONIE SIM	3	F	PUR SANG	4	0	2	985,00	738,00	1723,00	246,25	270
PLACE DU TROCADERO	2	M	PUR SANG	2	0	2	982,00	735,00	1717,00	491,00	
BLANCA	3	F	PUR SANG	7	0	2	980,00	735,00	1715,00	140,00	200
HEY RISE UP	4	F	PUR SANG	2	0	2	978,00	80,00	1058,00	489,00	
INTRIGUING	3	H	PUR SANG	4	0	3	973,00	729,00	1702,00	243,25	280
ZARFAL	3	M	PUR SANG	3	0	2	973,00	729,00	1702,00	324,33	275
TIERNA ESTRELLITA	3	F	PUR SANG	3	0	2	972,00	729,00	1701,00	324,00	240
DYNAMITIC	4	M	PUR SANG	3	0	2	971,00	436,00	1407,00	323,67	345
KHENOU CHOPE	3	F	PUR SANG	8	0	3	967,00	725,00	1692,00	120,88	210
LOKI	6	H	PUR SANG	6	0	2	966,00	434,00	1400,00	161,00	170
MIRADERO	5	H	PUR SANG	4	0	3	963,00	433,00	1396,00	240,75	240
ALMERIA	4	F	PUR SANG	1	0	1	960,00	432,00	1392,00	960,00	330
FIUMICCINO	4	H	PUR SANG	3	0	1	960,00	432,00	1392,00	320,00	630
OSER ROSE	3	F	PUR SANG	3	0	2	960,00	720,00	1680,00	320,00	280
ICE CRACKER	3	M	PUR SANG	3	0	1	960,00	720,00	1680,00	320,00	330
SUGAAR	3	H	PUR SANG	2	0	2	960,00	720,00	1680,00	480,00	
CARRERA	3	F	PUR SANG	3	0	2	956,00	717,00	1673,00	318,67	270
ALHUNTER	4	H	PUR SANG	1	0	1	950,00	0,00	950,00	950,00	560
WELCOME CHARLY	5	H	PUR SANG	2	0	2	947,00	425,00	1372,00	473,50	290
PRINCE JO	5	M	PUR SANG	2	0	2	940,00	423,00	1363,00	470,00	410
BIRDY SUN	3	F	PUR SANG	5	0	2	940,00	330,00	1270,00	188,00	245
LADY'ARMOR	3	F	PUR SANG	4	0	2	940,00	705,00	1645,00	235,00	285
CALOUNIYA	4	F	PUR SANG	6	0	2	939,00	422,00	1361,00	156,50	270
MA CHOPE	2	F	PUR SANG	4	0	2	920,00	689,00	1609,00	230,00	295
DIAMANTE	2	F	PUR SANG	2	0	2	920,00	689,00	1609,00	460,00	
DENGIE	4	F	PUR SANG	6	0	2	919,00	413,00	1332,00	153,17	260
GRIS DE MYM	4	H	PUR SANG	3	0	3	918,00	412,00	1330,00	306,00	240
BIG RED SOLO	3	M	PUR SANG	4	0	2	918,00	0,00	918,00	229,50	320
BLACK SHEEP	4	M	PUR SANG	3	0	2	917,00	412,00	1329,00	305,67	260
ZABIR	6	H	PUR SANG	6	0	2	912,00	410,00	1322,00	152,00	180
RUN AROUND	3	H	PUR SANG	2	0	2	912,00	684,00	1596,00	456,00	
L'ARMENIENNE	3	F	PUR SANG	4	0	2	912,00	684,00	1596,00	228,00	270
BE TRUE	5	H	PUR SANG	4	0	3	910,00	409,00	1319,00	227,50	330
VISIONNAIRE	3	H	PUR SANG	4	0	1	909,00	681,00	1590,00	227,25	250
PERSIAN HEROE	3	H	PUR SANG	5	0	3	907,00	680,00	1587,00	181,40	270
STYLO	4	M	PUR SANG	2	0	2	907,00	0,00	907,00	453,50	
SLIPPER ORCHID	2	F	PUR SANG	2	0	2	902,00	675,00	1577,00	451,00	
HYNNDAH	9	H	PUR SANG	3	0	2	900,00	405,00	1305,00	300,00	390
KELDOZ D HUMOUR	8	H	PUR SANG	1	0	1	900,00	0,00	900,00	900,00	150
SPRING WAY	5	F	PUR SANG	1	0	1	900,00	0,00	900,00	900,00	505
TAGANAY	5	H	PUR SANG	2	0	1	900,00	405,00	1305,00	450,00	450
JO FRANCAIS	4	H	PUR SANG	3	0	1	900,00	405,00	1305,00	300,00	245
CLOSE UP	4	H	PUR SANG	1	0	1	900,00	405,00	1305,00	900,00	260
ZALAMERA	4	F	PUR SANG	1	0	1	900,00	0,00	900,00	900,00	
NEW LIGHT	6	H	PUR SANG	3	0	2	896,00	402,00	1298,00	298,67	290
BOMBEY	5	H	PUR SANG	3	0	2	896,00	403,00	1299,00	298,67	200
SILAHAI GIRL	5	F	PUR SANG	7	0	2	896,00	402,00	1298,00	128,00	240
TOUT SCHUSS	4	H	PUR SANG	8	0	2	895,00	234,00	1129,00	111,88	170
LADY BYRON	2	F	PUR SANG	2	0	2	890,00	667,00	1557,00	445,00	
ALF A STAR	10	F	PUR SANG	3	0	3	888,00	399,00	1287,00	296,00	150
ZODIACO	3	M	PUR SANG	1	0	1	884,00	663,00	1547,00	884,00	
LIEBEROSE	3	F	PUR SANG	4	0	1	884,00	663,00	1547,00	221,00	275
MR WONKA	3	H	PUR SANG	3	0	1	884,00	663,00	1547,00	294,67	340
FREENESS	4	F	PUR SANG	4	0	1	884,00	397,00	1281,00	221,00	260
SECRET WOOD	4	F	PUR SANG	6	0	2	878,00	394,00	1272,00	146,33	340
IVAWAI	3	F	PUR SANG	3	0	2	872,00	654,00	1526,00	290,67	250
TXIRIMIRI	4	F	PUR SANG	2	0	1	870,00	391,00	1261,00	435,00	355
ANNIE'S SONG	4	F	PUR SANG	2	0	1	870,00	391,00	1261,00	435,00	390
GUN OF BRIXTON	4	H	PUR SANG	1	0	1	870,00	391,00	1261,00	870,00	400
DEURIANNA	3	F	PUR SANG	2	0	2	870,00	652,00	1522,00	435,00	
PRIVATE STORY	3	F	PUR SANG	2	0	2	870,00	652,00	1522,00	435,00	275
ALMACADO GREE	11	H	PUR SANG	5	0	2	868,00	390,00	1258,00	173,60	295
CHERE ROSE	3	F	PUR SANG	4	0	1	864,00	648,00	1512,00	216,00	270
ANFIELD	3	H	PUR SANG	4	0	2	858,00	643,00	1501,00	214,50	245
REAL SOCIEDAD	4	F	PUR SANG	4	0	1	844,00	379,00	1223,00	211,00	285
PAINT IT BLACK	8	H	PUR SANG	4	0	1	841,00	378,00	1219,00	210,25	300
SECRET QUEEN	3	F	PUR SANG	6	0	2	840,00	630,00	1470,00	140,00	235
PERSIA ON LINE	3	F	PUR SANG	6	0	2	840,00	630,00	1470,00	140,00	245
MESSIPONTINE	3	F	PUR SANG	1	0	1	840,00	630,00	1470,00	840,00	335
OLGA D'ARGENT	2	F	PUR SANG	2	0	1	840,00	630,00	1470,00	420,00	
GADZART	2	M	PUR SANG	2	0	1	840,00	630,00	1470,00	420,00	
NAQOURA	2	F	PUR SANG	1	0	1	840,00	630,00	1470,00	840,00	
LIZA CHOPE	2	F	PUR SANG	3	0	2	840,00	629,00	1469,00	280,00	300
LADY LUCKY CHARM	2	F	PUR SANG	1	0	1	840,00	630,00	1470,00	840,00	
LADY ZARQA	2	F	PUR SANG	1	0	1	840,00	630,00	1470,00	840,00	
BLUE SEA	2	M	PUR SANG	2	0	2	840,00	629,00	1469,00	420,00	
SO MUCH TRAOU LAND	2	M	PUR SANG	1	0	1	840,00	630,00	1470,00	840,00	
VATANEZ	2	M	PUR SANG	3	0	1	840,00	630,00	1470,00	280,00	
PARTIE ROCKET	2	F	PUR SANG	3	0	1	840,00	630,00	1470,00	280,00	310
CIRCEO	6	M	PUR SANG	1	0	1	840,00	378,00	1218,00	840,00	345
JERICHO RIDGE	3	H	PUR SANG	3	0	3	824,00	617,00	1441,00	274,67	290
BUSHI	2	M	PUR SANG	2	0	2	822,00	0,00	822,00	411,00	
GUNNAR ENLUND	2	H	PUR SANG	2	0	2	816,00	612,00	1428,00	408,00	
UMINEKO	4	F	PUR SANG	2	0	1	808,00	363,00	1171,00	404,00	285
SON VIDA	5	F	PUR SANG	5	0	2	808,00	0,00	808,00	161,60	260
HOMO DEUS	8	H	PUR SANG	3	0	1	804,00	361,00	1165,00	268,00	400
PERTUISANE	3	F	PUR SANG	1	0	1	804,00	603,00	1407,00	804,00	
NORMANDONNA	3	F	PUR SANG	1	0	1	804,00	603,00	1407,00	804,00	
ACTE MANQUE	3	H	PUR SANG	1	0	1	804,00	603,00	1407,00	804,00	
ON THE DOUBLE	3	H	PUR SANG	2	0	1	804,00	603,00	1407,00	402,00	
POLLY SHELBY	3	F	PUR SANG	2	0	1	804,00	603,00	1407,00	402,00	390
IF NOT NOW	6	H	PUR SANG	1	0	1	804,00	0,00	804,00	804,00	
PISTOIA	3	F	PUR SANG	2	0	1	804,00	603,00	1407,00	402,00	360
MILORD DE BAREL	10	H	PUR SANG	2	0	1	800,00	0,00	800,00	400,00	190
WEMATCH	7	M	PUR SANG	2	0	1	800,00	0,00	800,00	400,00	305
BLACK MAGIC WOMAN	6	F	PUR SANG	4	0	1	800,00	0,00	800,00	200,00	190
I LOVE CHACHA	5	H	PUR SANG	3	0	2	800,00	360,00	1160,00	266,67	290
HONEY BADGER	5	H	PUR SANG	2	0	1	800,00	360,00	1160,00	400,00	285
FALIWAY LAUJAC	5	H	PUR SANG	2	0	1	800,00	360,00	1160,00	400,00	
KOUMBALA	5	F	PUR SANG	3	0	1	800,00	0,00	800,00	266,67	200
CHOEUR ROYALE JEYL	5	H	PUR SANG	5	0	1	800,00	0,00	800,00	160,00	
MAYBERIKO	4	H	PUR SANG	1	0	1	800,00	0,00	800,00	800,00	
MODUS VIVENDI	4	F	PUR SANG	2	0	1	800,00	0,00	800,00	400,00	
PASS OVER	4	H	PUR SANG	1	0	1	800,00	0,00	800,00	800,00	
BELLE VENDANGE	4	F	PUR SANG	1	0	1	800,00	0,00	800,00	800,00	550
RAYLA	4	F	PUR SANG	4	0	1	800,00	360,00	1160,00	200,00	270
MARSANNAY	4	H	PUR SANG	1	0	1	800,00	0,00	800,00	800,00	
DUENDECITO	4	H	PUR SANG	1	0	1	800,00	0,00	800,00	800,00	
GINO DE MAINE	4	H	PUR SANG	1	0	1	800,00	0,00	800,00	800,00	
SI CAVALLINA	4	F	PUR SANG	1	0	1	800,00	0,00	800,00	800,00	
ILE DE RE	4	F	PUR SANG	2	0	1	800,00	360,00	1160,00	400,00	300
WAKA WAKA	4	H	PUR SANG	1	0	1	800,00	360,00	1160,00	800,00	400
ECLAIR DU MONT	4	H	PUR SANG	1	0	1	800,00	0,00	800,00	800,00	
L'ODISSAY	4	F	PUR SANG	1	0	1	800,00	0,00	800,00	800,00	500
KERMANSHAH	4	H	PUR SANG	1	0	1	800,00	360,00	1160,00	800,00	555
MON ORPAILLEUSE	4	F	PUR SANG	2	0	1	800,00	0,00	800,00	400,00	235
MLLE CLARCK	4	F	PUR SANG	6	0	1	800,00	360,00	1160,00	133,33	250
AS DARLENE	4	H	PUR SANG	2	0	1	800,00	0,00	800,00	400,00	
MAITRE DE BALME	4	H	PUR SANG	3	0	2	800,00	0,00	800,00	266,67	
MASTER DU MESTIVEL	4	H	PUR SANG	1	0	1	800,00	0,00	800,00	800,00	
MAMA CHIA	4	F	PUR SANG	2	0	1	800,00	0,00	800,00	400,00	
VACQUERA	3	F	PUR SANG	1	0	1	800,00	0,00	800,00	800,00	
ZILIKHA	3	F	PUR SANG	5	0	1	800,00	600,00	1400,00	160,00	250
INVINCIBLE GUARD	3	H	PUR SANG	1	0	1	800,00	0,00	800,00	800,00	610
PIA DU BUET	3	F	PUR SANG	2	0	1	800,00	0,00	800,00	400,00	
NICE DAYS	3	F	PUR SANG	2	0	2	800,00	300,00	1100,00	400,00	
GARIGA	3	F	PUR SANG	3	0	1	800,00	600,00	1400,00	266,67	320
LIFE AS IT COMES	3	H	PUR SANG	1	0	1	800,00	0,00	800,00	800,00	
DANCE AGAIN	3	F	PUR SANG	1	0	1	800,00	0,00	800,00	800,00	
SHAVIYANI	3	F	PUR SANG	5	0	1	800,00	0,00	800,00	160,00	
PLEYWAY	3	M	PUR SANG	1	0	1	800,00	0,00	800,00	800,00	
BEST WAY	3	F	PUR SANG	4	0	1	800,00	600,00	1400,00	200,00	250
POWER CASH	3	H	PUR SANG	2	0	1	800,00	0,00	800,00	400,00	
NARCISSE MOME	3	H	PUR SANG	2	0	1	800,00	0,00	800,00	400,00	
ZITA'S DAUGHTER	3	F	PUR SANG	1	0	1	800,00	0,00	800,00	800,00	
SANJI FAL	3	M	PUR SANG	5	0	1	800,00	600,00	1400,00	160,00	260
SURBOUM	4	F	PUR SANG	2	0	1	800,00	0,00	800,00	400,00	285
HERMESSA	3	F	PUR SANG	1	0	1	800,00	0,00	800,00	800,00	
TIMES SPIRIT	3	F	PUR SANG	3	0	1	800,00	0,00	800,00	266,67	250
KILKENNY WARRIOR	3	F	PUR SANG	1	0	1	800,00	0,00	800,00	800,00	
FEEDESREVES	8	F	PUR SANG	9	0	2	792,00	356,00	1148,00	88,00	150
KING FIERCE	2	H	PUR SANG	5	0	2	792,00	594,00	1386,00	158,40	295
SUPER CUTE	8	F	PUR SANG	4	0	2	792,00	356,00	1148,00	198,00	190
FALASTINI	3	H	PUR SANG	3	0	2	790,00	592,00	1382,00	263,33	290
MAYDANA	7	F	PUR SANG	4	0	2	788,00	354,00	1142,00	197,00	190
LUCK HILA	3	F	PUR SANG	5	0	2	788,00	216,00	1004,00	157,60	250
WITHOUT NEWS	3	F	PUR SANG	6	0	2	783,00	0,00	783,00	130,50	220
GAME RUN	7	H	PUR SANG	3	0	2	782,00	351,00	1133,00	260,67	400
TABATA	3	F	PUR SANG	2	0	2	781,00	585,00	1366,00	390,50	
TCHERKANOV	2	M	PUR SANG	2	1	1	777,00	582,00	1359,00	388,50	
CARQUEIRANNE	4	H	PUR SANG	2	0	2	775,00	168,00	943,00	387,50	195
THE GREAT HEAVEN	5	H	PUR SANG	7	0	2	773,00	347,00	1120,00	110,43	150
BEATRICE SHILLING	5	F	PUR SANG	1	0	1	773,00	0,00	773,00	773,00	
CICCINA MIA	4	F	PUR SANG	5	0	3	769,00	345,00	1114,00	153,80	220
RAPIDO	3	H	PUR SANG	4	0	2	769,00	576,00	1345,00	192,25	265
FECAMP	7	H	PUR SANG	8	0	1	768,00	345,00	1113,00	96,00	215
PIANO MAN	6	H	PUR SANG	2	0	1	768,00	345,00	1113,00	384,00	330
LADY COOL	4	F	PUR SANG	4	0	1	768,00	345,00	1113,00	192,00	305
ANGE NOIR PELEM	4	F	PUR SANG	4	0	1	768,00	345,00	1113,00	192,00	215
COKTAIL	4	H	PUR SANG	2	0	1	768,00	345,00	1113,00	384,00	365
ZAPE	3	M	PUR SANG	1	0	1	768,00	576,00	1344,00	768,00	
DEUX DE COUPE	3	F	PUR SANG	4	0	1	768,00	576,00	1344,00	192,00	275
KARLITO	3	H	PUR SANG	3	0	2	768,00	576,00	1344,00	256,00	255
TOUCH IN THE NIGHT	3	F	PUR SANG	4	0	1	768,00	576,00	1344,00	192,00	250
LOST FREQUANCIZE	3	M	PUR SANG	3	0	1	768,00	576,00	1344,00	256,00	270
IRY	3	M	PUR SANG	2	0	1	768,00	576,00	1344,00	384,00	285
I AM GORGEOUS	3	H	PUR SANG	4	0	1	768,00	576,00	1344,00	192,00	250
VALSERINE	3	F	PUR SANG	5	0	1	768,00	576,00	1344,00	153,60	265
DELTA DU HAUT	3	H	PUR SANG	1	0	1	768,00	576,00	1344,00	768,00	
PORTAL	3	M	PUR SANG	1	0	1	768,00	576,00	1344,00	768,00	330
ALBERTINE	3	F	PUR SANG	3	0	1	768,00	576,00	1344,00	256,00	
FERDY	3	H	PUR SANG	4	0	1	768,00	576,00	1344,00	192,00	260
HAREMOTION	3	F	PUR SANG	2	0	1	768,00	576,00	1344,00	384,00	
WOOD STORM	3	H	PUR SANG	3	0	2	768,00	576,00	1344,00	256,00	270
MOUNTAIN BLUES	3	M	PUR SANG	2	0	1	768,00	576,00	1344,00	384,00	330
CIRCO MASSIMO	7	H	PUR SANG	4	0	1	768,00	0,00	768,00	192,00	240
GUARDIAN	5	H	PUR SANG	2	0	1	768,00	0,00	768,00	384,00	335
EL GADY	3	M	PUR SANG	1	0	1	768,00	0,00	768,00	768,00	
GRITTI	3	F	PUR SANG	1	0	1	768,00	0,00	768,00	768,00	
REGINA LILLIE	6	F	PUR SANG	6	0	2	767,00	344,00	1111,00	127,83	150
TWIRLING	6	F	PUR SANG	4	0	2	767,00	0,00	767,00	191,75	300
LORD OF WAR	5	H	PUR SANG	4	0	1	763,00	343,00	1106,00	190,75	385
ZITTO	3	H	PUR SANG	5	0	2	763,00	572,00	1335,00	152,60	280
SEVENTH WONDER	5	H	PUR SANG	5	0	1	750,00	337,00	1087,00	150,00	150
LORD MIESQUE	5	H	PUR SANG	2	0	2	750,00	180,00	930,00	375,00	150
LA KARAGOOL	4	F	PUR SANG	6	0	1	750,00	0,00	750,00	125,00	165
LORETTEDESOUCHEZ	4	F	PUR SANG	1	0	1	750,00	337,00	1087,00	750,00	205
DIANA	8	F	PUR SANG	2	0	1	750,00	0,00	750,00	375,00	200
GRACIOSA	5	F	PUR SANG	4	0	2	747,00	335,00	1082,00	186,75	180
OCEAN DROP	3	F	PUR SANG	3	0	3	747,00	560,00	1307,00	249,00	260
NAJEM SHALGHODA	7	H	PUR SANG	3	0	2	745,00	0,00	745,00	248,33	180
SOHAR	3	M	PUR SANG	4	0	2	740,00	554,00	1294,00	185,00	300
CHERRY PIE	3	F	PUR SANG	4	0	2	734,00	550,00	1284,00	183,50	255
ATLANTIC WAR	3	M	PUR SANG	2	0	2	734,00	0,00	734,00	367,00	
AKHILLEUS	2	M	PUR SANG	1	0	1	732,00	549,00	1281,00	732,00	
BELVEDERE PALACE	4	H	PUR SANG	4	0	2	731,00	328,00	1059,00	182,75	285
VOGUE A L'AME	3	F	PUR SANG	6	0	2	730,00	547,00	1277,00	121,67	235
VALINA	7	F	PUR SANG	2	0	1	728,00	327,00	1055,00	364,00	235
ALLURE	4	H	PUR SANG	1	0	1	728,00	327,00	1055,00	728,00	565
SISTINE CHAPEL	3	F	PUR SANG	5	0	1	728,00	546,00	1274,00	145,60	260
LILY ANGEL	2	F	PUR SANG	3	0	1	728,00	546,00	1274,00	242,67	300
MADAM SECRETARY	4	F	PUR SANG	1	0	1	728,00	0,00	728,00	728,00	325
RASTRELLARE	4	H	PUR SANG	1	0	1	728,00	0,00	728,00	728,00	405
BAGAZ	4	H	PUR SANG	4	0	3	718,00	322,00	1040,00	179,50	270
ZENYA	4	F	PUR SANG	3	0	2	701,00	135,00	836,00	233,67	220
RED THE WEST	9	H	PUR SANG	5	0	1	700,00	315,00	1015,00	140,00	150
LA CHAUME	5	F	PUR SANG	2	0	1	700,00	315,00	1015,00	350,00	160
LEX LUTHOR	9	H	PUR SANG	3	0	1	700,00	0,00	700,00	233,33	235
KATALINA	6	F	PUR SANG	1	0	1	700,00	0,00	700,00	700,00	265
MATHYRHA DU ROAN	4	F	PUR SANG	3	0	2	697,00	0,00	697,00	232,33	
GYPSY DEVIL	4	H	PUR SANG	6	0	2	697,00	133,00	830,00	116,17	160
TAKTIK FLAG	4	F	PUR SANG	6	0	2	697,00	0,00	697,00	116,17	
SABLE DU PYLA	6	H	PUR SANG	2	0	2	696,00	313,00	1009,00	348,00	215
SNOW GHOST	5	H	PUR SANG	2	0	1	696,00	313,00	1009,00	348,00	320
DENVER CHOP	6	M	PUR SANG	6	0	1	692,00	311,00	1003,00	115,33	190
RED IN SIGHT	5	F	PUR SANG	4	0	1	692,00	311,00	1003,00	173,00	230
PAINT CHOP	4	H	PUR SANG	3	0	1	692,00	311,00	1003,00	230,67	240
ALPENGEIST	9	H	PUR SANG	8	0	1	692,00	311,00	1003,00	86,50	150
COLOSAAL	2	M	PUR SANG	1	0	1	685,00	513,00	1198,00	685,00	
NAVAJOE	2	M	PUR SANG	3	0	1	685,00	513,00	1198,00	228,33	
FERRA CHOPE	2	F	PUR SANG	5	0	1	685,00	513,00	1198,00	137,00	300
GRANDE LUCKY	2	F	PUR SANG	1	0	1	685,00	513,00	1198,00	685,00	
NOGAI KHAN	2	M	PUR SANG	1	0	1	685,00	513,00	1198,00	685,00	
ILEOLA	2	F	PUR SANG	2	0	1	685,00	513,00	1198,00	342,50	
ALPHA LEPORIS	2	M	PUR SANG	1	0	1	685,00	513,00	1198,00	685,00	
MONT ROCHELLE	2	M	PUR SANG	2	0	1	685,00	513,00	1198,00	342,50	
SOL INDIGES	2	M	PUR SANG	3	0	1	685,00	513,00	1198,00	228,33	
RISCAL	2	F	PUR SANG	1	0	1	685,00	513,00	1198,00	685,00	
GREYZABELLA	2	F	PUR SANG	1	0	1	685,00	0,00	685,00	685,00	
FOREIGN MINISTER	2	M	PUR SANG	2	0	1	685,00	0,00	685,00	342,50	
ROYALLY	2	F	PUR SANG	1	0	1	685,00	0,00	685,00	685,00	
STRONG CROWN	2	F	PUR SANG	1	0	1	685,00	0,00	685,00	685,00	
ARIZONA'S VICTORIA	2	F	PUR SANG	1	0	1	685,00	0,00	685,00	685,00	
RAVENA RED	3	F	PUR SANG	1	0	1	685,00	0,00	685,00	685,00	
NEREUS	2	M	PUR SANG	1	0	1	685,00	0,00	685,00	685,00	
BRAZZAVILLE	6	F	PUR SANG	1	0	1	680,00	306,00	986,00	680,00	455
NUIT CHOPE	5	F	PUR SANG	4	0	2	680,00	306,00	986,00	170,00	450
FANLINE	4	F	PUR SANG	6	0	2	680,00	306,00	986,00	113,33	190
EBROSINDRA	2	M	PUR SANG	4	0	2	675,00	506,00	1181,00	168,75	305
PIOLI IS ON FIRE	5	H	PUR SANG	10	0	2	666,00	299,00	965,00	66,60	175
NAOS MOON	3	F	PUR SANG	4	0	2	665,00	123,00	788,00	166,25	200
MIAMI SKY	6	F	PUR SANG	1	0	1	660,00	297,00	957,00	660,00	
BELLA VITA	4	F	PUR SANG	3	0	1	660,00	297,00	957,00	220,00	280
SEVEN TIMER	4	F	PUR SANG	6	0	1	660,00	297,00	957,00	110,00	180
BRAVO BAY	4	F	PUR SANG	2	0	1	660,00	297,00	957,00	330,00	275
MASIBA	4	F	PUR SANG	1	0	1	660,00	0,00	660,00	660,00	
SATOSHI	4	H	PUR SANG	1	0	1	660,00	0,00	660,00	660,00	
SILVERO	3	M	PUR SANG	4	0	2	658,00	493,00	1151,00	164,50	260
NO LIMIT PRECIEUSE	3	F	PUR SANG	4	0	2	658,00	493,00	1151,00	164,50	315
VITALY	4	F	PUR SANG	3	0	2	654,00	0,00	654,00	218,00	230
CITE MALESHERBES	5	F	PUR SANG	3	0	1	652,00	293,00	945,00	217,33	215
EL TIGRE	5	H	PUR SANG	6	0	1	652,00	293,00	945,00	108,67	260
AL HABISSET	5	F	PUR SANG	2	0	1	652,00	293,00	945,00	326,00	250
BANDALIGHT	4	F	PUR SANG	4	0	1	652,00	293,00	945,00	163,00	240
MAGNIFICENT SEVEN	4	F	PUR SANG	6	0	1	652,00	293,00	945,00	108,67	270
EL PROFESSOR	3	H	PUR SANG	5	0	1	652,00	489,00	1141,00	130,40	265
CARMEN COLLECTED	3	F	PUR SANG	5	0	1	652,00	489,00	1141,00	130,40	270
MLLE FLEURANT	3	F	PUR SANG	3	0	1	652,00	489,00	1141,00	217,33	290
DESERT RHAPSODY	5	H	PUR SANG	2	0	1	652,00	0,00	652,00	326,00	230
HONNEUR'S ORACLE	4	F	PUR SANG	4	0	2	651,00	292,00	943,00	162,75	225
PRINCE OF CLOUDS	5	H	PUR SANG	6	0	1	647,00	291,00	938,00	107,83	300
RIDE ON	4	M	PUR SANG	6	0	2	647,00	290,00	937,00	107,83	290
YAFTAGOLD	3	H	PUR SANG	2	0	1	640,00	480,00	1120,00	320,00	
GREGOIRE OF STARS	3	M	PUR SANG	3	0	2	640,00	480,00	1120,00	213,33	480
WADI	3	H	PUR SANG	2	0	1	640,00	0,00	640,00	320,00	390
JUPITER DES ROCS	5	H	PUR SANG	7	0	2	637,00	286,00	923,00	91,00	150
MARGARITA	2	F	PUR SANG	5	0	2	633,00	474,00	1107,00	126,60	300
FADO	4	M	PUR SANG	5	0	2	632,00	0,00	632,00	126,40	265
PROXIMA CENTAURI	5	H	PUR SANG	11	0	2	626,00	281,00	907,00	56,91	225
MACHETE	7	H	PUR SANG	1	0	1	625,00	281,00	906,00	625,00	370
RECOLEROS	6	H	PUR SANG	9	0	1	625,00	281,00	906,00	69,44	150
BAD DESIRE	5	H	PUR SANG	4	0	1	625,00	281,00	906,00	156,25	310
ALTMORE	5	H	PUR SANG	2	0	1	625,00	281,00	906,00	312,50	
ROSAPENNA	4	H	PUR SANG	2	0	1	625,00	281,00	906,00	312,50	410
ZARALADY	3	F	PUR SANG	7	0	1	625,00	468,00	1093,00	89,29	250
CLAIR DE LUNE	6	F	PUR SANG	5	0	2	624,00	280,00	904,00	124,80	215
HONEYBLISS	3	F	PUR SANG	1	0	1	624,00	468,00	1092,00	624,00	
KAPLYA	3	F	PUR SANG	4	0	1	624,00	468,00	1092,00	156,00	290
IRISH D'AUNOU	3	H	PUR SANG	1	0	1	624,00	468,00	1092,00	624,00	
TELENO	3	H	PUR SANG	2	0	1	624,00	468,00	1092,00	312,00	
HOLD MY DREAMS	3	M	PUR SANG	2	0	1	624,00	468,00	1092,00	312,00	
MARANTAO	3	M	PUR SANG	1	0	1	624,00	468,00	1092,00	624,00	
SAKURASOU	3	F	PUR SANG	2	0	1	624,00	0,00	624,00	312,00	
KELISTAN	4	F	PUR SANG	2	0	2	620,00	279,00	899,00	310,00	460
ZANTARIO	11	H	PUR SANG	3	0	2	619,00	0,00	619,00	206,33	150
GARDEN ANGEL	3	F	PUR SANG	2	0	1	617,00	462,00	1079,00	308,50	
ZARKYANA	3	F	PUR SANG	3	0	1	617,00	462,00	1079,00	205,67	330
GOLDNIGHT	3	F	PUR SANG	3	0	1	617,00	462,00	1079,00	205,67	340
SAIL ROCK	3	H	PUR SANG	2	0	1	617,00	462,00	1079,00	308,50	315
SURFIN SAFARI	3	F	PUR SANG	5	0	1	617,00	462,00	1079,00	123,40	260
SUGAR BROWN	3	M	PUR SANG	2	0	1	617,00	462,00	1079,00	308,50	
SOCRATES	3	H	PUR SANG	1	0	1	617,00	462,00	1079,00	617,00	
SYDNEY BOYS	3	M	PUR SANG	1	0	1	617,00	462,00	1079,00	617,00	
PRINCE SAKURA	3	M	PUR SANG	1	0	1	617,00	462,00	1079,00	617,00	
CHARMINGSTAR	2	H	PUR SANG	2	0	1	617,00	462,00	1079,00	308,50	
AGILE	7	F	PUR SANG	2	0	1	617,00	0,00	617,00	308,50	425
IAKOVOS	3	H	PUR SANG	2	0	1	617,00	462,00	1079,00	308,50	
MY LOVE SONG	3	F	PUR SANG	2	0	1	617,00	0,00	617,00	308,50	320
PRAETORIA	3	F	PUR SANG	3	0	1	617,00	0,00	617,00	205,67	340
ASIF ALI	3	M	PUR SANG	2	0	1	617,00	0,00	617,00	308,50	310
DELTA DAN	3	H	PUR SANG	2	0	1	617,00	0,00	617,00	308,50	
SANPEDRO	7	H	PUR SANG	3	0	2	616,00	277,00	893,00	205,33	180
PRINCE A RIO	5	H	PUR SANG	2	0	1	616,00	277,00	893,00	308,00	310
BONJOUR CA VA	4	H	PUR SANG	6	0	1	616,00	277,00	893,00	102,67	300
HOLY WOODED	4	F	PUR SANG	3	0	1	616,00	277,00	893,00	205,33	295
BELLE LUMIERE	4	F	PUR SANG	2	0	1	616,00	277,00	893,00	308,00	260
BLACK SWAN	3	H	PUR SANG	4	0	2	616,00	461,00	1077,00	154,00	350
ALREHB	9	H	PUR SANG	1	0	1	616,00	0,00	616,00	616,00	340
ZELVAGGIA	2	F	PUR SANG	2	0	2	615,00	461,00	1076,00	307,50	
RAJMAMAILLE	6	F	PUR SANG	6	0	2	607,00	272,00	879,00	101,17	280
QUEEN NZINGA	3	F	PUR SANG	2	0	2	602,00	450,00	1052,00	301,00	
CRYSTAL KARA	8	F	PUR SANG	4	0	1	600,00	270,00	870,00	150,00	400
LUNA ROCK	5	F	PUR SANG	2	0	1	600,00	270,00	870,00	300,00	300
TEEN D'AUTHIE	4	H	PUR SANG	2	0	2	600,00	0,00	600,00	300,00	
DREAM IN BROOKE	4	F	PUR SANG	1	0	1	600,00	270,00	870,00	600,00	350
LORD RAGNAR	2	M	PUR SANG	1	0	1	600,00	450,00	1050,00	600,00	
LITTLE BROOX	2	H	PUR SANG	1	0	1	600,00	450,00	1050,00	600,00	
ARKANDIA	2	M	PUR SANG	2	0	1	600,00	450,00	1050,00	300,00	
LADY OF THE CROSS	4	F	PUR SANG	4	0	2	599,00	269,00	868,00	149,75	230
MIEUX QUE PAPA	4	F	PUR SANG	4	0	2	594,00	266,00	860,00	148,50	175
PIU DREAM	5	H	PUR SANG	2	0	2	591,00	265,00	856,00	295,50	220
L'ARLEQUIN	4	H	PUR SANG	6	0	2	591,00	265,00	856,00	98,50	185
TOVABIEN	4	F	PUR SANG	7	0	2	591,00	265,00	856,00	84,43	175
LOUGHCREW	6	H	PUR SANG	4	0	2	590,00	264,00	854,00	147,50	200
INDIAN STREAK	4	H	PUR SANG	4	0	1	584,00	262,00	846,00	146,00	310
OMARBEK	2	M	PUR SANG	1	0	1	584,00	438,00	1022,00	584,00	
ARWOOD	2	M	PUR SANG	2	0	1	584,00	438,00	1022,00	292,00	
SENECHALE	4	F	PUR SANG	5	0	1	584,00	262,00	846,00	116,80	230
RICHMOND	7	H	PUR SANG	6	0	2	581,00	260,00	841,00	96,83	150
JUSSIFER	9	H	PUR SANG	3	0	1	576,00	259,00	835,00	192,00	150
ROCK OF SPIRIT	7	H	PUR SANG	7	0	1	576,00	259,00	835,00	82,29	150
PENNYWELL	6	F	PUR SANG	6	0	1	576,00	259,00	835,00	96,00	150
ZELINA	6	F	PUR SANG	5	0	2	576,00	259,00	835,00	115,20	175
LIKETHEWIND	4	F	PUR SANG	5	0	1	576,00	259,00	835,00	115,20	240
BOEZA	4	F	PUR SANG	3	0	1	576,00	259,00	835,00	192,00	235
PEGASUS D'AZUR	3	H	PUR SANG	4	0	2	576,00	216,00	792,00	144,00	280
YEXIAN	2	M	PUR SANG	2	0	1	576,00	432,00	1008,00	288,00	
GO CASSIS	2	M	PUR SANG	2	0	1	576,00	432,00	1008,00	288,00	
HAYA DANCER	2	H	PUR SANG	1	0	1	576,00	432,00	1008,00	576,00	
CACHOPO	3	H	PUR SANG	1	0	1	576,00	0,00	576,00	576,00	
OTHON	3	M	PUR SANG	2	0	2	575,00	431,00	1006,00	287,50	310
LADY IN RED	3	F	PUR SANG	3	0	2	572,00	429,00	1001,00	190,67	250
LADY DANAE	2	F	PUR SANG	5	0	2	561,00	420,00	981,00	112,20	285
REGAL EYE	3	H	PUR SANG	2	0	2	561,00	0,00	561,00	280,50	390
MADOUSS	8	F	PUR SANG	6	0	1	560,00	252,00	812,00	93,33	230
ZAFES	3	M	PUR SANG	3	0	2	553,00	414,00	967,00	184,33	280
MISS BEAR	3	F	PUR SANG	3	0	1	552,00	414,00	966,00	184,00	260
LA CHUNGA	3	F	PUR SANG	5	0	1	552,00	414,00	966,00	110,40	265
MAROOCHYDORE	3	H	PUR SANG	3	0	1	552,00	414,00	966,00	184,00	240
TREMBLANT	6	H	PUR SANG	2	0	1	552,00	0,00	552,00	276,00	290
DESTROYING ANGEL	4	F	PUR SANG	2	0	1	552,00	248,00	800,00	276,00	335
JERRY ELMY	7	H	PUR SANG	2	0	1	550,00	0,00	550,00	275,00	
NOUVELLE TRIXIA	4	F	PUR SANG	2	0	2	550,00	247,00	797,00	275,00	305
CORTADO	5	H	PUR SANG	2	0	1	548,00	246,00	794,00	274,00	355
GABYLOU	4	H	PUR SANG	9	0	1	548,00	246,00	794,00	60,89	240
EAGLE EMBLEM	4	M	PUR SANG	1	0	1	548,00	0,00	548,00	548,00	
BAY MOON	4	H	PUR SANG	5	0	2	541,00	242,00	783,00	108,20	190
NATHEPOLO	8	F	PUR SANG	2	0	1	540,00	243,00	783,00	270,00	150
PEGGIES REVENGE	4	F	PUR SANG	6	0	1	536,00	0,00	536,00	89,33	150
ALCALA	5	F	PUR SANG	2	0	2	528,00	237,00	765,00	264,00	225
SILAWAY	4	F	PUR SANG	2	0	1	525,00	236,00	761,00	262,50	360
RUN TO ME	3	F	PUR SANG	3	0	1	525,00	393,00	918,00	175,00	260
BAIE CHOPE	3	F	PUR SANG	5	0	1	525,00	393,00	918,00	105,00	260
GOLDY MAN	2	H	PUR SANG	1	0	1	525,00	393,00	918,00	525,00	
ALTXUNEA	2	F	PUR SANG	2	0	1	525,00	393,00	918,00	262,50	
HOCKNEY	2	H	PUR SANG	3	0	1	525,00	393,00	918,00	175,00	305
MIYASAKI	2	F	PUR SANG	2	0	1	525,00	393,00	918,00	262,50	
LE MINOT	2	H	PUR SANG	3	0	1	525,00	393,00	918,00	175,00	305
MALAVELLO	2	F	PUR SANG	1	0	1	525,00	393,00	918,00	525,00	
MEISHO ARCS	2	M	PUR SANG	1	0	1	525,00	393,00	918,00	525,00	
YELLOW DONUTS	2	F	PUR SANG	3	0	1	525,00	393,00	918,00	175,00	330
QUESACO	2	M	PUR SANG	1	0	1	525,00	393,00	918,00	525,00	
COUCOU	2	M	PUR SANG	3	0	1	525,00	0,00	525,00	175,00	
TWISTING RING	2	F	PUR SANG	2	0	1	525,00	0,00	525,00	262,50	
EXTRAWELL	2	F	PUR SANG	1	0	1	525,00	0,00	525,00	525,00	
BIRR CASTLE	6	H	PUR SANG	2	0	1	522,00	234,00	756,00	261,00	495
LITTLE LION	4	H	PUR SANG	3	0	1	522,00	234,00	756,00	174,00	200
IRONICO	4	H	PUR SANG	1	0	1	522,00	0,00	522,00	522,00	350
WANT AND POWER	4	M	PUR SANG	1	0	1	522,00	0,00	522,00	522,00	445
STORM STAR	4	F	PUR SANG	2	0	1	512,00	230,00	742,00	256,00	290
NOSHOWLIKEAJOESHOW	6	H	PUR SANG	1	0	1	512,00	0,00	512,00	512,00	270
L'ENFANT TERRIBLE	6	H	PUR SANG	2	0	2	505,00	226,00	731,00	252,50	240
DSCHINGIS ZANDEE	4	F	PUR SANG	5	0	1	505,00	227,00	732,00	101,00	250
LORD ASCOT	4	H	PUR SANG	2	0	1	505,00	227,00	732,00	252,50	210
FANTASTICO	4	M	PUR SANG	2	0	1	502,00	225,00	727,00	251,00	
THORDIS	4	F	PUR SANG	1	0	1	502,00	225,00	727,00	502,00	395
VARDIF	3	H	PUR SANG	2	0	1	502,00	376,00	878,00	251,00	425
VERTICAL	3	H	PUR SANG	2	0	1	502,00	376,00	878,00	251,00	
EOWYN LOVE	3	F	PUR SANG	1	0	1	502,00	376,00	878,00	502,00	
RAGNAR DU BERLAIS	3	M	PUR SANG	1	0	1	502,00	376,00	878,00	502,00	
DORADO	3	M	PUR SANG	1	0	1	502,00	376,00	878,00	502,00	400
GAZELLE DU BRIZAIS	3	F	PUR SANG	2	0	1	502,00	376,00	878,00	251,00	
ZALO	3	H	PUR SANG	2	0	1	502,00	376,00	878,00	251,00	
HOUSE OF TUDOR	3	M	PUR SANG	1	0	1	502,00	0,00	502,00	502,00	
FREEHEARTED	3	H	PUR SANG	2	0	1	502,00	0,00	502,00	251,00	
MOLOPO	3	H	PUR SANG	1	0	1	502,00	0,00	502,00	502,00	
ROXY BREEZE	3	F	PUR SANG	1	0	1	502,00	0,00	502,00	502,00	
SAYULITA	3	F	PUR SANG	1	0	1	502,00	0,00	502,00	502,00	
ASTROFIGHT	3	H	PUR SANG	1	0	1	502,00	0,00	502,00	502,00	
THE BLACK SKY	4	H	PUR SANG	4	0	1	500,00	225,00	725,00	125,00	290
XTRALEEWAY	4	F	PUR SANG	5	0	1	500,00	225,00	725,00	100,00	225
BLUE MARTINI	4	H	PUR SANG	2	0	1	500,00	225,00	725,00	250,00	230
PAINTED EYES	3	F	PUR SANG	3	0	1	500,00	0,00	500,00	166,67	
STELLA MELODY	3	F	PUR SANG	1	0	1	500,00	375,00	875,00	500,00	
SWEET CHARLIE	3	F	PUR SANG	1	0	1	500,00	0,00	500,00	500,00	
DREAM IN PINK	3	H	PUR SANG	3	0	1	500,00	0,00	500,00	166,67	215
LADIES DAY	3	F	PUR SANG	3	0	1	500,00	0,00	500,00	166,67	270
LOVELY FILLY	3	F	PUR SANG	6	0	1	500,00	375,00	875,00	83,33	
ALLIANCE ROYALE	3	F	PUR SANG	5	0	1	500,00	375,00	875,00	100,00	275
SEGOVIA	3	F	PUR SANG	5	0	1	500,00	0,00	500,00	100,00	230
PIANOTEUR	3	M	PUR SANG	2	0	1	500,00	0,00	500,00	250,00	310
ZAGARRY	3	H	PUR SANG	1	0	1	500,00	0,00	500,00	500,00	
BUBBLE TEK	3	F	PUR SANG	4	0	1	500,00	375,00	875,00	125,00	
BELLA RENATA	3	F	PUR SANG	3	0	1	500,00	0,00	500,00	166,67	
AWJ	4	F	PUR SANG	7	0	2	489,00	0,00	489,00	69,86	175
AMAZING GRACE	3	F	PUR SANG	4	0	2	488,00	366,00	854,00	122,00	285
ROCKABELLA	3	F	PUR SANG	4	0	2	486,00	0,00	486,00	121,50	250
GALILEE DREAM	6	F	PUR SANG	3	0	1	480,00	216,00	696,00	160,00	220
ANGLESEA	5	F	PUR SANG	4	0	1	480,00	216,00	696,00	120,00	245
UNA REVELACION	4	F	PUR SANG	4	0	1	480,00	216,00	696,00	120,00	300
MELLOW YELLOW	4	H	PUR SANG	5	0	1	480,00	216,00	696,00	96,00	325
THORGALLE	4	F	PUR SANG	4	0	1	480,00	216,00	696,00	120,00	305
HAVEN LAKE CITY	3	F	PUR SANG	4	0	1	480,00	360,00	840,00	120,00	280
NEATIKAT	3	F	PUR SANG	1	0	1	480,00	360,00	840,00	480,00	545
AVENUE OF HONOUR	3	F	PUR SANG	3	0	1	480,00	360,00	840,00	160,00	275
YARDBIRD	3	H	PUR SANG	4	0	1	480,00	360,00	840,00	120,00	230
LE MARCEL	3	H	PUR SANG	4	0	1	480,00	360,00	840,00	120,00	255
BOTIKI	3	F	PUR SANG	1	0	1	480,00	360,00	840,00	480,00	
TACHELIHT	3	H	PUR SANG	2	0	1	480,00	360,00	840,00	240,00	270
WHITE NIGHT	3	F	PUR SANG	1	0	1	480,00	360,00	840,00	480,00	345
LADY BLACK	2	F	PUR SANG	3	0	1	480,00	360,00	840,00	160,00	
FARDELA	2	F	PUR SANG	5	0	2	480,00	360,00	840,00	96,00	295
PLACID'OO	4	H	PUR SANG	2	0	1	480,00	0,00	480,00	240,00	265
POET DE VEGA	3	H	PUR SANG	3	0	1	480,00	0,00	480,00	160,00	255
GRANDE MERCI	3	F	PUR SANG	1	0	1	480,00	0,00	480,00	480,00	
EASILY CONVINCED	4	H	PUR SANG	7	0	1	480,00	0,00	480,00	68,57	200
MAZZARINO	3	F	PUR SANG	2	0	1	480,00	0,00	480,00	240,00	
BORN TO BRIGHT	3	F	PUR SANG	2	0	1	480,00	0,00	480,00	240,00	
HAPPY FAMILY	5	F	PUR SANG	1	0	1	476,00	214,00	690,00	476,00	565
ECCLOR	5	M	PUR SANG	1	0	1	476,00	214,00	690,00	476,00	230
LAKES DANCER	4	H	PUR SANG	3	0	1	476,00	214,00	690,00	158,67	280
BLESSED BIRD	4	F	PUR SANG	1	0	1	476,00	214,00	690,00	476,00	
ROXANA DU MAZET	4	F	PUR SANG	3	0	1	476,00	214,00	690,00	158,67	220
PTI LOUIS	5	H	PUR SANG	2	0	1	476,00	214,00	690,00	238,00	235
ROSE OF MONTREUX	4	F	PUR SANG	5	0	1	476,00	0,00	476,00	95,20	180
MARVELOUSA	4	F	PUR SANG	1	0	1	475,00	0,00	475,00	475,00	
RAINBOW DANCE	4	H	PUR SANG	3	0	2	475,00	213,00	688,00	158,33	555
SOFT PLACE	3	F	PUR SANG	3	0	1	475,00	0,00	475,00	158,33	
SCOFIELD	3	H	PUR SANG	1	0	1	475,00	356,00	831,00	475,00	280
ON THE ROCK BLOU	2	M	PUR SANG	2	0	1	466,00	349,00	815,00	233,00	
DUBARA	2	F	PUR SANG	1	0	1	466,00	349,00	815,00	466,00	
TRADE HONOR	5	H	PUR SANG	2	0	2	462,00	206,00	668,00	231,00	300
GLORY DAYS	11	H	PUR SANG	2	0	1	460,00	207,00	667,00	230,00	165
GLACIER PEAK	8	M	PUR SANG	5	0	1	460,00	207,00	667,00	92,00	225
EVER READY	6	H	PUR SANG	2	0	1	460,00	0,00	460,00	230,00	150
PAGAN SUN	5	H	PUR SANG	4	0	1	460,00	207,00	667,00	115,00	215
LABELLEGNAC	3	F	PUR SANG	3	0	1	460,00	345,00	805,00	153,33	230
HERVAS	3	H	PUR SANG	1	0	1	460,00	345,00	805,00	460,00	270
LE BON DOCTEUR	3	F	PUR SANG	5	0	1	460,00	0,00	460,00	92,00	270
CHELSEA MONDAY	2	M	PUR SANG	1	0	1	456,00	0,00	456,00	456,00	
MATT MACHINE	7	H	PUR SANG	2	0	1	455,00	0,00	455,00	227,50	370
SCANDALO	4	H	PUR SANG	4	0	1	455,00	0,00	455,00	113,75	370
MUDHAWI	4	F	PUR SANG	3	0	1	455,00	0,00	455,00	151,67	230
CHARISMATIC GOLD	3	F	PUR SANG	5	0	1	455,00	0,00	455,00	91,00	225
PRAIRIE MOUSE	5	F	PUR SANG	1	0	1	455,00	0,00	455,00	455,00	
LAUNAY	4	H	PUR SANG	1	0	1	450,00	202,00	652,00	450,00	
DIMANCHE SOIR	4	F	PUR SANG	6	0	1	450,00	202,00	652,00	75,00	175
ZIZANIE VAL	4	F	PUR SANG	2	0	1	450,00	0,00	450,00	225,00	
L'ASCINGER	4	H	PUR SANG	3	0	1	450,00	0,00	450,00	150,00	240
BOCCA DI LUPO	4	H	PUR SANG	1	0	1	450,00	202,00	652,00	450,00	220
SICILIAN THREAT	4	H	PUR SANG	7	0	1	450,00	202,00	652,00	64,29	175
PARSIFAL D'OMBREE	5	H	PUR SANG	8	0	2	448,00	201,00	649,00	56,00	150
TREIZE ACTIVE	3	F	PUR SANG	7	0	1	440,00	330,00	770,00	62,86	210
SEA THE AURORA	4	F	PUR SANG	1	0	1	435,00	195,00	630,00	435,00	340
LAURA TREZY	7	F	PUR SANG	1	0	1	432,00	194,00	626,00	432,00	220
COLGAN SENORA	5	H	PUR SANG	3	0	1	432,00	194,00	626,00	144,00	390
DSCHINGIS GALILEI	4	H	PUR SANG	3	0	1	412,00	185,00	597,00	137,33	285
GOLD AND DREAM	4	F	PUR SANG	3	0	1	412,00	185,00	597,00	137,33	290
HEMEVEZ	4	H	PUR SANG	2	0	1	412,00	185,00	597,00	206,00	375
PANAY	5	F	PUR SANG	1	0	1	412,00	185,00	597,00	412,00	210
LA BELLA OTERO	4	F	PUR SANG	1	0	1	412,00	0,00	412,00	412,00	305
STARLIGHT LIPS	4	F	PUR SANG	1	0	1	412,00	0,00	412,00	412,00	
LADJA	3	F	PUR SANG	1	0	1	411,00	308,00	719,00	411,00	410
SONIC	2	M	PUR SANG	1	0	1	411,00	308,00	719,00	411,00	
KARISMATIK	2	M	PUR SANG	1	0	1	411,00	308,00	719,00	411,00	
ARGENTINO MIA	2	M	PUR SANG	2	0	1	411,00	308,00	719,00	205,50	
SANSA	2	F	PUR SANG	1	0	1	411,00	308,00	719,00	411,00	
AFFIRMATIF	2	M	PUR SANG	3	0	1	411,00	308,00	719,00	137,00	
MON ANGE	2	M	PUR SANG	1	0	1	411,00	308,00	719,00	411,00	
SAXEEN	2	F	PUR SANG	1	0	1	411,00	308,00	719,00	411,00	
NEVER ALWAYS	2	F	PUR SANG	1	0	1	411,00	0,00	411,00	411,00	
SHAMAS	2	M	PUR SANG	1	0	1	411,00	0,00	411,00	411,00	
DEAR AUNT LUCY	2	F	PUR SANG	1	0	1	411,00	0,00	411,00	411,00	
HADEWIN	9	H	PUR SANG	3	0	1	407,00	183,00	590,00	135,67	295
SAINT LANGIS	8	H	PUR SANG	3	0	1	407,00	183,00	590,00	135,67	230
BANSHIE	5	F	PUR SANG	2	0	1	407,00	183,00	590,00	203,50	255
ELFENN	4	F	PUR SANG	1	0	1	407,00	183,00	590,00	407,00	320
MONTE CINTO	9	H	PUR SANG	4	0	1	407,00	0,00	407,00	101,75	195
NAIKO DE ROMAY	3	H	PUR SANG	1	0	1	404,00	303,00	707,00	404,00	
ARCADIA	3	F	PUR SANG	3	0	1	404,00	0,00	404,00	134,67	
LANDSCAPE	3	H	PUR SANG	5	0	1	403,00	302,00	705,00	80,60	255
HAMAAMM	7	F	PUR SANG	2	0	1	400,00	180,00	580,00	200,00	
KING DES BLAISES	6	H	PUR SANG	2	0	1	400,00	0,00	400,00	200,00	
KOBI BAIE	6	H	PUR SANG	2	0	1	400,00	0,00	400,00	200,00	
DAYAL	5	H	PUR SANG	3	0	1	400,00	180,00	580,00	133,33	245
VIF DE BOISTRON	4	H	PUR SANG	5	0	1	400,00	180,00	580,00	80,00	235
BROWNY BLUE	4	F	PUR SANG	4	0	1	400,00	0,00	400,00	100,00	
MAHALA	4	F	PUR SANG	4	0	1	400,00	0,00	400,00	100,00	240
MOI AIMER TOI	4	H	PUR SANG	3	0	1	400,00	0,00	400,00	133,33	
CORBOYER	4	H	PUR SANG	2	0	1	400,00	0,00	400,00	200,00	520
MERLIN DU LARGE	4	H	PUR SANG	3	0	1	400,00	0,00	400,00	133,33	
PENNY DREADFUL	4	F	PUR SANG	1	0	1	400,00	0,00	400,00	400,00	
YAVENINIA	4	F	PUR SANG	3	0	1	400,00	180,00	580,00	133,33	235
MACARENA DE BRION	4	F	PUR SANG	1	0	1	400,00	0,00	400,00	400,00	
STEF LE MAGNIFIQUE	4	H	PUR SANG	3	0	1	400,00	180,00	580,00	133,33	350
CAMICA	4	F	PUR SANG	7	0	1	400,00	180,00	580,00	57,14	170
FIRST LADYKIN	4	F	PUR SANG	3	0	1	400,00	180,00	580,00	133,33	170
MISS MENJO	4	F	PUR SANG	3	0	1	400,00	0,00	400,00	133,33	220
BALBEC	4	H	PUR SANG	6	0	1	400,00	180,00	580,00	66,67	240
SHEITAN DE CHAIS	3	H	PUR SANG	1	0	1	400,00	0,00	400,00	400,00	
NEPTUNE CASSANDRE	3	H	PUR SANG	1	0	1	400,00	0,00	400,00	400,00	
MONARQUE D'ANJOU	3	H	PUR SANG	1	0	1	400,00	0,00	400,00	400,00	
MISS ST ELOI	3	F	PUR SANG	1	0	1	400,00	0,00	400,00	400,00	
LAGER	3	H	PUR SANG	2	0	1	400,00	300,00	700,00	200,00	
BENEFACT	3	H	PUR SANG	4	0	1	400,00	0,00	400,00	100,00	245
REGIS CAMBACERES	3	H	PUR SANG	5	0	1	400,00	0,00	400,00	80,00	230
ZAKYRA	3	F	PUR SANG	1	0	1	400,00	0,00	400,00	400,00	
ELMY	3	H	PUR SANG	6	0	1	400,00	300,00	700,00	66,67	200
LASTEXITTOPARADISE	3	F	PUR SANG	4	0	1	400,00	300,00	700,00	100,00	230
NUMBER ONE DELAPEY	3	H	PUR SANG	1	0	1	400,00	0,00	400,00	400,00	
LYS DU NINIAN	3	H	PUR SANG	1	0	1	400,00	0,00	400,00	400,00	
BIALYSTOK	8	H	PUR SANG	2	0	1	400,00	180,00	580,00	200,00	330
VIENNA'S PRIDE	3	H	PUR SANG	3	0	1	390,00	292,00	682,00	130,00	290
PROVOCATRICE	3	F	PUR SANG	2	0	1	390,00	292,00	682,00	195,00	
PASTILLE BAM'S	3	F	PUR SANG	1	0	1	390,00	292,00	682,00	390,00	
AIR GUN	3	M	PUR SANG	1	0	1	390,00	0,00	390,00	390,00	
ANTRIM	8	M	PUR SANG	4	0	1	388,00	174,00	562,00	97,00	275
KALEONA	7	F	PUR SANG	1	0	1	388,00	174,00	562,00	388,00	285
LOU MARINA	7	F	PUR SANG	2	0	1	385,00	173,00	558,00	192,50	245
KINGDOM	7	H	PUR SANG	1	0	1	385,00	173,00	558,00	385,00	290
GAULOIS GLORIEUX	4	H	PUR SANG	3	0	1	385,00	173,00	558,00	128,33	285
WOODSTONE	7	H	PUR SANG	2	0	1	385,00	0,00	385,00	192,50	250
WONDER BOY	4	H	PUR SANG	4	0	1	385,00	0,00	385,00	96,25	350
FUN ON THE BAY	3	F	PUR SANG	3	0	1	384,00	288,00	672,00	128,00	290
MISS TALVARD	3	F	PUR SANG	1	0	1	384,00	288,00	672,00	384,00	355
DODGE CITY	3	H	PUR SANG	1	0	1	384,00	288,00	672,00	384,00	
SI CA ME CHANTE	3	H	PUR SANG	2	0	1	384,00	288,00	672,00	192,00	
LA ZARRA	3	F	PUR SANG	1	0	1	384,00	288,00	672,00	384,00	
CHILD OF VISION	3	F	PUR SANG	1	0	1	384,00	288,00	672,00	384,00	390
HIGH HOPE	8	H	PUR SANG	1	0	1	375,00	0,00	375,00	375,00	535
LORDRECORD	7	H	PUR SANG	4	0	1	375,00	168,00	543,00	93,75	175
SUCH A DIAMOND	6	F	PUR SANG	4	0	1	375,00	168,00	543,00	93,75	150
CAROLINE BAY	5	F	PUR SANG	5	0	1	375,00	0,00	375,00	75,00	170
IVORY TRAOU LAND	5	F	PUR SANG	2	0	1	375,00	168,00	543,00	187,50	170
L AMICALEMENT	5	F	PUR SANG	1	0	1	375,00	168,00	543,00	375,00	165
CHAHINE	4	H	PUR SANG	6	0	1	375,00	168,00	543,00	62,50	150
MAHAL PICH	4	F	PUR SANG	2	0	1	375,00	168,00	543,00	187,50	165
BRIONI	5	H	PUR SANG	1	0	1	370,00	166,00	536,00	370,00	
PARISI LADY	4	F	PUR SANG	2	0	1	370,00	166,00	536,00	185,00	360
AVANT L'ORAGE	4	H	PUR SANG	2	0	1	370,00	166,00	536,00	185,00	340
MUTEKI	3	H	PUR SANG	4	0	1	370,00	277,00	647,00	92,50	285
YPSILONE	3	F	PUR SANG	2	0	1	370,00	277,00	647,00	185,00	285
LIVORNO	3	M	PUR SANG	2	0	1	370,00	277,00	647,00	185,00	
AFYON	3	H	PUR SANG	2	0	1	370,00	277,00	647,00	185,00	285
KISRAK	3	F	PUR SANG	5	0	1	370,00	277,00	647,00	74,00	280
LOCK HEART	3	H	PUR SANG	3	0	1	370,00	277,00	647,00	123,33	310
CZAJKOWSKI	3	M	PUR SANG	2	0	1	370,00	277,00	647,00	185,00	440
CHARM PLATIN	3	H	PUR SANG	7	0	1	370,00	277,00	647,00	52,86	205
INVINO VERITAS	3	H	PUR SANG	1	0	1	370,00	277,00	647,00	370,00	
CREATOR	9	H	PUR SANG	3	0	1	370,00	166,00	536,00	123,33	300
THE ANGEL KING	4	H	PUR SANG	1	0	1	370,00	166,00	536,00	370,00	420
AWICK	3	H	PUR SANG	1	0	1	370,00	277,00	647,00	370,00	
FLYING AQUANGEL	5	H	PUR SANG	1	0	1	370,00	0,00	370,00	370,00	
SCHWYZER	3	H	PUR SANG	2	0	1	370,00	0,00	370,00	185,00	
TOPAZE VENDOME	4	M	PUR SANG	3	0	1	365,00	164,00	529,00	121,67	240
CAMELOR	4	H	PUR SANG	2	0	1	365,00	164,00	529,00	182,50	305
INFINITY CHOP	3	H	PUR SANG	2	0	1	365,00	273,00	638,00	182,50	255
GOLDY FILLY	3	F	PUR SANG	4	0	1	365,00	273,00	638,00	91,25	250
SPORT WOOD	3	M	PUR SANG	2	0	1	365,00	273,00	638,00	182,50	340
ADHARA	2	M	PUR SANG	2	0	1	365,00	273,00	638,00	182,50	
POETESSA	3	F	PUR SANG	2	0	1	365,00	0,00	365,00	182,50	
CISKY	8	F	PUR SANG	1	0	1	360,00	162,00	522,00	360,00	255
SZAFRAN	6	H	PUR SANG	1	0	1	360,00	162,00	522,00	360,00	160
LAZULITE	5	F	PUR SANG	5	0	1	360,00	162,00	522,00	72,00	150
NUNUKA	4	F	PUR SANG	3	0	1	360,00	162,00	522,00	120,00	240
BIHOTZ BASC	3	F	PUR SANG	4	0	1	360,00	270,00	630,00	90,00	240
PERFECTA	3	F	PUR SANG	2	0	1	360,00	270,00	630,00	180,00	325
ICETS	4	F	PUR SANG	7	0	1	360,00	162,00	522,00	51,43	180
MARCUS ATILIUS	3	M	PUR SANG	1	0	1	360,00	0,00	360,00	360,00	350
LADY ANGELINA	6	F	PUR SANG	4	0	1	350,00	157,00	507,00	87,50	170
VALWUGREEN	6	F	PUR SANG	6	0	1	350,00	157,00	507,00	58,33	150
ALGOT	5	H	PUR SANG	9	0	1	350,00	0,00	350,00	38,89	150
WAIWERA	4	F	PUR SANG	2	0	2	350,00	157,00	507,00	175,00	235
LA GRANDE JOA	3	F	PUR SANG	3	0	1	345,00	258,00	603,00	115,00	255
STAR MES	4	F	PUR SANG	2	0	1	342,00	153,00	495,00	171,00	
OBLENSKHY	3	H	PUR SANG	6	0	1	342,00	256,00	598,00	57,00	245
PADDY WHITE HEART	5	F	PUR SANG	6	0	1	337,00	151,00	488,00	56,17	150
FIVE BY FIVE	11	H	PUR SANG	4	0	1	335,00	150,00	485,00	83,75	150
ATSANA	8	F	PUR SANG	3	0	1	335,00	150,00	485,00	111,67	200
CELTIC STONE HENGE	6	F	PUR SANG	3	0	1	335,00	150,00	485,00	111,67	195
ROYAUMONT	9	H	PUR SANG	4	0	1	331,00	148,00	479,00	82,75	310
ALL STORY	7	F	PUR SANG	3	0	1	331,00	148,00	479,00	110,33	240
ROSETTA STONE	7	H	PUR SANG	2	0	1	331,00	148,00	479,00	165,50	275
PLATINE	5	F	PUR SANG	2	0	1	331,00	148,00	479,00	165,50	225
POKER STAR	4	F	PUR SANG	4	0	1	331,00	148,00	479,00	82,75	260
MUHA MALPIC	3	F	PUR SANG	2	0	1	331,00	248,00	579,00	165,50	260
JENIPHILOST	3	F	PUR SANG	3	0	1	331,00	248,00	579,00	110,33	270
LA FLANDRINE	4	F	PUR SANG	4	0	1	331,00	148,00	479,00	82,75	235
ICE CLIMBER	6	H	PUR SANG	1	0	1	331,00	0,00	331,00	331,00	255
PEYKAN	3	H	PUR SANG	1	0	1	331,00	0,00	331,00	331,00	
YOR	6	H	PUR SANG	3	0	1	320,00	144,00	464,00	106,67	230
CHUBASCO	9	H	PUR SANG	6	0	1	316,00	142,00	458,00	52,67	220
JOHN STYLE	6	H	PUR SANG	1	0	1	316,00	142,00	458,00	316,00	250
AMAZONE ISLAND	5	F	PUR SANG	6	0	1	316,00	142,00	458,00	52,67	250
STEALL PLETUDE	5	H	PUR SANG	5	0	1	316,00	142,00	458,00	63,20	255
JENILAT BRIGHT	4	H	PUR SANG	5	0	1	316,00	142,00	458,00	63,20	350
HORDEARII	3	H	PUR SANG	5	0	1	315,00	236,00	551,00	63,00	260
FARES	3	H	PUR SANG	3	0	1	315,00	236,00	551,00	105,00	275
ALTA GRACIAS	2	F	PUR SANG	2	0	1	315,00	236,00	551,00	157,50	
JEMAA EL FNA	2	F	PUR SANG	2	0	1	315,00	236,00	551,00	157,50	
ROCKET LEAGUE	2	M	PUR SANG	1	0	1	315,00	236,00	551,00	315,00	
HELIUNA	2	F	PUR SANG	1	0	1	315,00	236,00	551,00	315,00	
LALOU CHOPE	2	F	PUR SANG	1	0	1	315,00	236,00	551,00	315,00	
UKIYO	2	F	PUR SANG	1	0	1	315,00	236,00	551,00	315,00	
CARLA VELOSSO	2	F	PUR SANG	1	0	1	315,00	236,00	551,00	315,00	
FONTANA DI TREVI	2	F	PUR SANG	2	0	1	315,00	236,00	551,00	157,50	
KANDORS	2	M	PUR SANG	2	0	1	315,00	236,00	551,00	157,50	
OUNHA	2	F	PUR SANG	1	0	1	315,00	236,00	551,00	315,00	
MAMONCEY	2	F	PUR SANG	1	0	1	315,00	236,00	551,00	315,00	
RIMANOVKHA	2	F	PUR SANG	1	0	1	315,00	236,00	551,00	315,00	
CONFLUENT	2	H	PUR SANG	1	0	1	315,00	236,00	551,00	315,00	
BRAE ROY	2	M	PUR SANG	1	0	1	315,00	0,00	315,00	315,00	
WOLKE SIEBEN	4	F	PUR SANG	4	0	1	312,00	140,00	452,00	78,00	245
MYTHICONOR	6	H	PUR SANG	2	0	1	312,00	140,00	452,00	156,00	240
GRACIA	4	F	PUR SANG	5	0	1	312,00	0,00	312,00	62,40	255
KADRANE	6	F	PUR SANG	5	0	1	310,00	139,00	449,00	62,00	390
VASIWOOD PARIS	3	H	PUR SANG	1	0	1	310,00	232,00	542,00	310,00	
REACH THE STARS	4	H	PUR SANG	2	0	1	303,00	136,00	439,00	151,50	220
STYLE DE MIMI	4	H	PUR SANG	4	0	1	303,00	136,00	439,00	75,75	190
MAYUMI	4	F	PUR SANG	4	0	1	303,00	136,00	439,00	75,75	210
INTER POL	4	H	PUR SANG	5	0	1	303,00	136,00	439,00	60,60	170
THE GREY FEJAA	3	F	PUR SANG	2	0	2	302,00	0,00	302,00	151,00	
LIKE MAGIC	7	H	PUR SANG	1	0	1	301,00	135,00	436,00	301,00	
ROMANCE CERTAINE	4	F	PUR SANG	2	0	1	301,00	135,00	436,00	150,50	375
BORNTORUN	3	F	PUR SANG	2	0	1	301,00	225,00	526,00	150,50	
MARTINVAST	3	H	PUR SANG	2	0	1	301,00	225,00	526,00	150,50	
NEPTUNE DU HUTREL	3	H	PUR SANG	1	0	1	301,00	225,00	526,00	301,00	
CHAMAREL	3	H	PUR SANG	2	0	1	301,00	225,00	526,00	150,50	
HIGHFIELD DREAM	3	F	PUR SANG	1	0	1	301,00	225,00	526,00	301,00	
MISS GEORGINA	3	F	PUR SANG	1	0	1	301,00	225,00	526,00	301,00	
GRAND PALAIS	3	H	PUR SANG	2	0	1	301,00	225,00	526,00	150,50	
CHIRON	3	M	PUR SANG	3	0	1	301,00	225,00	526,00	100,33	260
SIDIZA	5	F	PUR SANG	1	0	1	301,00	0,00	301,00	301,00	
ASENOVGRAD	3	M	PUR SANG	1	0	1	301,00	0,00	301,00	301,00	
DUSKWIND	3	F	PUR SANG	1	0	1	301,00	0,00	301,00	301,00	
ZIG PALET	6	H	PUR SANG	2	0	1	300,00	135,00	435,00	150,00	390
ALVESS	3	H	PUR SANG	2	0	1	300,00	225,00	525,00	150,00	440
CELINISSIME	2	F	PUR SANG	3	0	1	300,00	225,00	525,00	100,00	300
PLEIN SUD	5	H	PUR SANG	1	0	1	297,00	133,00	430,00	297,00	480
LADY DI LA COLMINE	5	F	PUR SANG	1	0	1	297,00	133,00	430,00	297,00	540
SILENCE ON TOURNE	4	H	PUR SANG	1	0	1	297,00	133,00	430,00	297,00	
SIN CITY	4	F	PUR SANG	2	0	1	297,00	133,00	430,00	148,50	230
VALERIE	4	F	PUR SANG	1	0	1	297,00	133,00	430,00	297,00	225
CARADO DES PINS	4	H	PUR SANG	4	0	1	297,00	133,00	430,00	74,25	235
BRYVIDO	4	H	PUR SANG	2	0	1	297,00	133,00	430,00	148,50	230
ALCAWOOD DOLOISE	4	F	PUR SANG	3	0	1	297,00	133,00	430,00	99,00	220
HARTMAN	4	H	PUR SANG	4	0	1	297,00	133,00	430,00	74,25	220
SUBSIDENCE	4	H	PUR SANG	1	0	1	297,00	133,00	430,00	297,00	
CAELIAN HILL	4	H	PUR SANG	1	0	1	297,00	0,00	297,00	297,00	
MAMA IMELDA	8	F	PUR SANG	3	0	1	288,00	129,00	417,00	96,00	285
GALILODGE	7	H	PUR SANG	5	0	1	288,00	129,00	417,00	57,60	290
AMIDARGENT	4	H	PUR SANG	6	0	1	288,00	129,00	417,00	48,00	335
TWIN DOVER	4	F	PUR SANG	5	0	1	288,00	129,00	417,00	57,60	230
POP STARS	3	H	PUR SANG	1	0	1	288,00	216,00	504,00	288,00	570
GOLDEN MAZEL	3	H	PUR SANG	3	0	1	288,00	216,00	504,00	96,00	300
MUSICAL MOON	3	F	PUR SANG	1	0	1	288,00	216,00	504,00	288,00	560
LADY COSY	3	F	PUR SANG	3	0	1	288,00	216,00	504,00	96,00	250
CHANALI DOREE	3	F	PUR SANG	3	0	1	288,00	216,00	504,00	96,00	250
MAGIC PARK	3	H	PUR SANG	4	0	1	288,00	216,00	504,00	72,00	275
HAGEN	3	M	PUR SANG	1	0	1	288,00	216,00	504,00	288,00	
KISS THE SKY	3	H	PUR SANG	1	0	1	288,00	216,00	504,00	288,00	
YOU PROBLEM	3	M	PUR SANG	1	0	1	288,00	216,00	504,00	288,00	
PURPLE POWER	3	H	PUR SANG	3	0	1	288,00	216,00	504,00	96,00	650
ELNATH	3	F	PUR SANG	2	0	1	288,00	216,00	504,00	144,00	
IGHARKA	3	F	PUR SANG	3	0	1	288,00	0,00	288,00	96,00	285
BAYOUQUEEN	3	F	PUR SANG	5	0	1	288,00	216,00	504,00	57,60	335
ROMAN'S LOVE	3	H	PUR SANG	3	0	1	288,00	216,00	504,00	96,00	270
LA MINCHE	3	F	PUR SANG	2	0	1	288,00	216,00	504,00	144,00	
OBERTURA	3	F	PUR SANG	1	0	1	288,00	216,00	504,00	288,00	
GOKU	3	H	PUR SANG	1	0	1	288,00	0,00	288,00	288,00	
EAGLE SPEED	3	F	PUR SANG	4	0	1	288,00	216,00	504,00	72,00	250
HURACAN JO	3	M	PUR SANG	1	0	1	288,00	216,00	504,00	288,00	
GREY KYLAINE	3	F	PUR SANG	1	0	1	288,00	216,00	504,00	288,00	
PELERIN	3	H	PUR SANG	1	0	1	288,00	216,00	504,00	288,00	
STEEL DRUM	3	H	PUR SANG	3	0	1	288,00	216,00	504,00	96,00	260
GUNTER DES MOTTES	3	H	PUR SANG	1	0	1	288,00	216,00	504,00	288,00	260
COCO SOLEIL	3	F	PUR SANG	2	0	1	288,00	0,00	288,00	144,00	350
NORMANDICO	3	H	PUR SANG	2	0	1	288,00	216,00	504,00	144,00	
CRACKNELL	6	H	PUR SANG	3	0	1	288,00	129,00	417,00	96,00	245
NOFIX	4	H	PUR SANG	6	0	1	288,00	129,00	417,00	48,00	335
OLITE	3	H	PUR SANG	1	0	1	288,00	216,00	504,00	288,00	
TRACANFIELD	4	H	PUR SANG	5	0	1	288,00	0,00	288,00	57,60	200
NARIMAN	3	H	PUR SANG	1	0	1	288,00	0,00	288,00	288,00	300
TURF RUNNER	3	M	PUR SANG	1	0	1	288,00	0,00	288,00	288,00	
WHAT DO YOU SAY	10	H	PUR SANG	6	0	1	287,00	129,00	416,00	47,83	150
BOW LANE	6	H	PUR SANG	4	0	1	287,00	129,00	416,00	71,75	160
ALBERTINA	3	F	PUR SANG	1	0	1	287,00	215,00	502,00	287,00	
PHILAE	3	F	PUR SANG	2	0	1	287,00	215,00	502,00	143,50	
N'EST QU'UN DESTIN	3	F	PUR SANG	2	0	1	287,00	215,00	502,00	143,50	
L'INITIE	5	H	PUR SANG	2	0	1	287,00	129,00	416,00	143,50	240
TERRATINO FIRE	5	H	PUR SANG	2	0	1	287,00	0,00	287,00	143,50	190
ROVEZZANA	3	F	PUR SANG	1	0	1	287,00	0,00	287,00	287,00	
FARAWAY TREE	3	H	PUR SANG	5	0	1	287,00	0,00	287,00	57,40	205
BAKENEKO	3	F	PUR SANG	2	0	1	287,00	0,00	287,00	143,50	
WOODWAY	2	H	PUR SANG	4	0	1	285,00	213,00	498,00	71,25	295
QUEENS HONOUR	2	F	PUR SANG	1	0	1	285,00	0,00	285,00	285,00	
SOLEA	2	F	PUR SANG	2	0	1	274,00	205,00	479,00	137,00	
BEAU GARS	4	H	PUR SANG	4	0	1	273,00	122,00	395,00	68,25	345
WOODBRIDGE	3	F	PUR SANG	4	0	1	273,00	204,00	477,00	68,25	260
BASCO BEARNAIS	4	H	PUR SANG	1	0	1	273,00	0,00	273,00	273,00	340
HIMALAYAN HEIGHTS	5	H	PUR SANG	3	0	1	273,00	0,00	273,00	91,00	330
RECORDING QUEEN	5	F	PUR SANG	5	0	1	262,00	117,00	379,00	52,40	155
CASARES	5	H	PUR SANG	8	0	1	261,00	117,00	378,00	32,63	305
FORCEFULL	5	F	PUR SANG	3	0	1	261,00	117,00	378,00	87,00	295
BURLINGTON ARCADE	5	F	PUR SANG	1	0	1	261,00	117,00	378,00	261,00	335
PEYTON PLACE	8	F	PUR SANG	5	0	1	259,00	116,00	375,00	51,80	160
RAVEN'S SPIRIT	8	M	PUR SANG	3	0	1	259,00	116,00	375,00	86,33	200
KYNADA	6	F	PUR SANG	2	0	1	259,00	116,00	375,00	129,50	240
GUALTALLARY	4	H	PUR SANG	5	0	1	259,00	116,00	375,00	51,80	150
LAWFUL LADY	4	F	PUR SANG	1	0	1	259,00	116,00	375,00	259,00	300
AMERICAN PLACE	4	H	PUR SANG	1	0	1	252,00	113,00	365,00	252,00	500
CLOCKS	3	H	PUR SANG	1	0	1	252,00	0,00	252,00	252,00	
INZAIRE	3	F	PUR SANG	4	0	1	252,00	189,00	441,00	63,00	275
PLANTEUR'S WHISKEY	9	H	PUR SANG	1	0	1	247,00	111,00	358,00	247,00	
NIGHTS ON BROADWAY	8	M	PUR SANG	2	0	1	247,00	111,00	358,00	123,50	400
KAMSTYLE	4	F	PUR SANG	2	0	1	247,00	111,00	358,00	123,50	275
FLAVIA MAXIMA	4	F	PUR SANG	1	0	1	247,00	111,00	358,00	247,00	
DHALEM	4	H	PUR SANG	1	0	1	247,00	111,00	358,00	247,00	
FLAME D'AMOUR	5	F	PUR SANG	3	0	1	244,00	109,00	353,00	81,33	190
CRICRI D'AMOUR	5	H	PUR SANG	1	0	1	244,00	109,00	353,00	244,00	245
DUANA	5	F	PUR SANG	3	0	1	244,00	109,00	353,00	81,33	150
RUE DAGUERRE	5	F	PUR SANG	2	0	1	244,00	109,00	353,00	122,00	270
DARBASAN	5	H	PUR SANG	4	0	1	244,00	109,00	353,00	61,00	250
BIG DRIFT	6	H	PUR SANG	1	0	1	244,00	0,00	244,00	244,00	320
SOMMERBLITZ	5	M	PUR SANG	1	0	1	244,00	0,00	244,00	244,00	275
MIDNIGHT MAGIC	3	F	PUR SANG	1	0	1	234,00	175,00	409,00	234,00	325
SEE YOU TREZY	3	F	PUR SANG	5	0	1	234,00	175,00	409,00	46,80	240
KIPCHOGUA	3	F	PUR SANG	4	0	1	234,00	175,00	409,00	58,50	260
BEST SIXTEEN	7	H	PUR SANG	1	0	1	231,00	103,00	334,00	231,00	240
LUNANERA	6	H	PUR SANG	3	0	1	231,00	0,00	231,00	77,00	330
KANZASHI	5	F	PUR SANG	1	0	1	231,00	0,00	231,00	231,00	265
SUNSET ASHRAM	4	M	PUR SANG	2	0	1	231,00	103,00	334,00	115,50	290
BLISTRO	4	H	PUR SANG	1	0	1	231,00	103,00	334,00	231,00	245
COUR SAINT ELOI	4	F	PUR SANG	1	0	1	231,00	103,00	334,00	231,00	175
EKLAIRDEGENY	4	H	PUR SANG	2	0	1	231,00	103,00	334,00	115,50	310
QUELLA	4	F	PUR SANG	5	0	1	231,00	103,00	334,00	46,20	230
MERI SHARMA	4	F	PUR SANG	7	0	1	231,00	103,00	334,00	33,00	150
MADIBA	4	F	PUR SANG	2	0	1	231,00	103,00	334,00	115,50	325
ANGEL'S TRUMPET	9	H	PUR SANG	1	0	1	231,00	0,00	231,00	231,00	
HARPER'S FERRY	5	H	PUR SANG	1	0	1	231,00	0,00	231,00	231,00	415
BIG ZOU	5	H	PUR SANG	2	0	1	231,00	0,00	231,00	115,50	330
BALTIC DUKE	4	H	PUR SANG	2	0	1	219,00	0,00	219,00	109,50	315
AL RASSOUL	11	H	PUR SANG	6	0	1	216,00	97,00	313,00	36,00	150
MI C'INFILO	8	H	PUR SANG	4	0	1	216,00	97,00	313,00	54,00	180
CATELLE ROSE	5	F	PUR SANG	3	0	1	216,00	97,00	313,00	72,00	150
SATOSHI	3	F	PUR SANG	2	0	1	216,00	162,00	378,00	108,00	245
MADAME GAZELLE	3	F	PUR SANG	3	0	1	216,00	162,00	378,00	72,00	240
PENSEE DU NINIAN	2	F	PUR SANG	2	0	1	216,00	162,00	378,00	108,00	
ZURITO	3	H	PUR SANG	1	0	1	216,00	0,00	216,00	216,00	
MIEUX VAUT CROIRE	3	F	PUR SANG	6	0	1	210,00	0,00	210,00	35,00	205
MERRY BLUES	4	F	PUR SANG	6	0	1	205,00	92,00	297,00	34,17	160
ACME	3	F	PUR SANG	4	0	1	205,00	153,00	358,00	51,25	250
MQSE DES NYMPHES	4	F	PUR SANG	3	0	1	205,00	92,00	297,00	68,33	400
PROMISE TIME	4	H	PUR SANG	4	0	1	205,00	0,00	205,00	51,25	305
BECQUANON	10	H	PUR SANG	2	0	1	201,00	90,00	291,00	100,50	180
IL RITORNO	6	H	PUR SANG	2	0	1	201,00	90,00	291,00	100,50	155
THE WHEEL	4	F	PUR SANG	6	0	1	201,00	90,00	291,00	33,50	230
ARIANE	6	F	PUR SANG	6	0	1	201,00	0,00	201,00	33,50	245
DIEPPE	7	F	PUR SANG	5	0	1	195,00	87,00	282,00	39,00	150
PRINCESSE DU LYS	6	F	PUR SANG	2	0	1	192,00	86,00	278,00	96,00	520
PONTE DE LIMA	4	M	PUR SANG	1	0	1	192,00	86,00	278,00	192,00	235
WAZLAW	5	M	PUR SANG	2	0	1	192,00	0,00	192,00	96,00	255
YENKA	4	F	PUR SANG	2	0	1	187,00	84,00	271,00	93,50	265
MAS SLADE	2	F	PUR SANG	2	0	1	180,00	135,00	315,00	90,00	
TOUT SAUF PETITE	2	F	PUR SANG	3	0	1	180,00	0,00	180,00	60,00	300
CHERISH THE DAY	7	H	PUR SANG	3	0	1	178,00	80,00	258,00	59,33	160
KOWALSKI	5	H	PUR SANG	1	0	1	178,00	80,00	258,00	178,00	265
ARRASAGE	5	F	PUR SANG	5	0	1	178,00	80,00	258,00	35,60	230
LANCIA SPORT	5	F	PUR SANG	1	0	1	178,00	0,00	178,00	178,00	
TOUZ DREAM	4	H	PUR SANG	2	0	1	178,00	80,00	258,00	89,00	
HIRAETH	4	F	PUR SANG	3	0	1	178,00	80,00	258,00	59,33	220
SIR KARA	4	H	PUR SANG	1	0	1	178,00	80,00	258,00	178,00	
WOOCHAPATONE	4	H	PUR SANG	4	0	1	178,00	80,00	258,00	44,50	180
BERINGIA	4	F	PUR SANG	1	0	1	178,00	0,00	178,00	178,00	175
LA FRENCHIE	4	F	PUR SANG	4	0	1	178,00	0,00	178,00	44,50	150
YUKATA ROSA	4	F	PUR SANG	1	0	1	178,00	0,00	178,00	178,00	
FILZMOOSERIN	7	F	PUR SANG	1	0	1	172,00	77,00	249,00	172,00	150
POMPANO	6	H	PUR SANG	1	0	1	172,00	77,00	249,00	172,00	240
GOGO DU BREUIL	5	H	PUR SANG	3	0	1	172,00	77,00	249,00	57,33	190
HOMMAGE A NADINE	3	F	PUR SANG	5	0	1	172,00	129,00	301,00	34,40	225
EPOKUNE	3	F	PUR SANG	4	0	1	172,00	129,00	301,00	43,00	250
GOOD BELLO	3	H	PUR SANG	3	0	1	172,00	129,00	301,00	57,33	240
COSMIC MOON	3	F	PUR SANG	6	0	1	172,00	129,00	301,00	28,67	220
LANDREVIE	3	M	PUR SANG	2	0	1	172,00	129,00	301,00	86,00	
SHOW SET	3	F	PUR SANG	6	0	1	172,00	129,00	301,00	28,67	245
GOLDY BIRD	3	F	PUR SANG	5	0	1	172,00	129,00	301,00	34,40	210
SABIRA	2	F	PUR SANG	1	0	1	171,00	128,00	299,00	171,00	
BALLE D'ESPRESSO	2	F	PUR SANG	1	0	1	171,00	128,00	299,00	171,00	
TSUNAMIA	2	F	PUR SANG	3	0	1	171,00	128,00	299,00	57,00	300
LIONESSA	3	F	PUR SANG	3	0	1	165,00	0,00	165,00	55,00	285
ZYMEK	5	H	PUR SANG	4	0	1	151,00	0,00	151,00	37,75	200
BERYL MACNAB	4	F	PUR SANG	2	0	1	151,00	67,00	218,00	75,50	
NOE DE ROMAY	3	H	PUR SANG	1	0	1	151,00	113,00	264,00	151,00	
QUEL BONHEUR	3	H	PUR SANG	1	0	1	151,00	113,00	264,00	151,00	545
VIA AURELIA	3	F	PUR SANG	2	0	1	151,00	113,00	264,00	75,50	
CHACUN SA VIE	3	H	PUR SANG	5	0	1	144,00	108,00	252,00	28,80	225
ZELAST	3	H	PUR SANG	5	0	1	144,00	108,00	252,00	28,80	250
FLEUR DE JAVA	5	F	PUR SANG	2	0	1	123,00	55,00	178,00	61,50	205
MELODY OF ETERNITY	4	F	PUR SANG	2	0	1	123,00	0,00	123,00	61,50	
ELYT OF GOLD	12	H	PUR SANG	5	0	0	0,00	0,00	0,00	0,00	150
CROCY	12	H	PUR SANG	2	0	0	0,00	0,00	0,00	0,00	150
ASHUTOR	12	H	PUR SANG	4	0	0	0,00	0,00	0,00	0,00	150
LARNO	12	H	PUR SANG	2	0	0	0,00	0,00	0,00	0,00	260
ONCLE FERNAND	12	H	PUR SANG	2	0	0	0,00	0,00	0,00	0,00	150
SHAMSOUN	12	H	PUR SANG	2	0	0	0,00	0,00	0,00	0,00	150
FORZA CAPITANO	11	H	PUR SANG	1	0	0	0,00	0,00	0,00	0,00	345
QATAR RIVER	11	H	PUR SANG	1	0	0	0,00	0,00	0,00	0,00	180
JACK'S SON	11	H	PUR SANG	1	0	0	0,00	0,00	0,00	0,00	210
KING COBRA	10	H	PUR SANG	1	0	0	0,00	0,00	0,00	0,00	270
RUUDJE	10	H	PUR SANG	1	0	0	0,00	0,00	0,00	0,00	240
TOIJK	10	H	PUR SANG	3	0	0	0,00	0,00	0,00	0,00	285
KIROZ	10	M	PUR SANG	3	0	0	0,00	0,00	0,00	0,00	215
PLATEADO	10	H	PUR SANG	5	0	0	0,00	0,00	0,00	0,00	265
TULIPE	10	F	PUR SANG	2	0	0	0,00	0,00	0,00	0,00	420
THE TIME	10	H	PUR SANG	2	0	0	0,00	0,00	0,00	0,00	210
TICKLISH	10	F	PUR SANG	1	0	0	0,00	0,00	0,00	0,00	150
YSSINGEAUX	10	H	PUR SANG	1	0	0	0,00	0,00	0,00	0,00	195
KARIBBEAN DREAM	10	H	PUR SANG	1	0	0	0,00	0,00	0,00	0,00	170
BAILEYS SANS DOUTE	9	F	PUR SANG	1	0	0	0,00	0,00	0,00	0,00	150
CALY ROSAY	9	F	PUR SANG	1	0	0	0,00	0,00	0,00	0,00	150
BLUE SWAN	9	H	PUR SANG	1	0	0	0,00	0,00	0,00	0,00	195
PARK OF DIAMOND	9	H	PUR SANG	2	0	0	0,00	0,00	0,00	0,00	185
NATIONAL SERVICE	9	H	PUR SANG	3	0	0	0,00	0,00	0,00	0,00	345
MAFALDA STORY	9	F	PUR SANG	1	0	0	0,00	0,00	0,00	0,00	270
KALEO PALACE	9	H	PUR SANG	4	0	0	0,00	0,00	0,00	0,00	305
BLEUSKY	9	F	PUR SANG	1	0	0	0,00	0,00	0,00	0,00	150
SHINNING OCEAN	9	M	PUR SANG	5	0	0	0,00	0,00	0,00	0,00	345
CELESTIN	9	H	PUR SANG	3	0	0	0,00	0,00	0,00	0,00	340
MOWAEVA	9	H	PUR SANG	2	0	0	0,00	0,00	0,00	0,00	215
PRINCE EXPRESS	9	H	PUR SANG	2	0	0	0,00	0,00	0,00	0,00	200
MISSRIYA	9	F	PUR SANG	1	0	0	0,00	0,00	0,00	0,00	285
REINARDO	9	H	PUR SANG	2	0	0	0,00	0,00	0,00	0,00	160
VICTIM OF LOVE	9	F	PUR SANG	1	0	0	0,00	0,00	0,00	0,00	150
TORPEN	9	H	PUR SANG	1	0	0	0,00	0,00	0,00	0,00	365
KARAKORUM	9	H	PUR SANG	1	0	0	0,00	0,00	0,00	0,00	285
IDEAL KING	9	H	PUR SANG	1	0	0	0,00	0,00	0,00	0,00	345
POULORIUS	9	H	PUR SANG	1	0	0	0,00	0,00	0,00	0,00	285
GRAF MANAMA	9	H	PUR SANG	1	0	0	0,00	0,00	0,00	0,00	210
ANGEL DUST	8	F	PUR SANG	3	0	0	0,00	0,00	0,00	0,00	170
EVERSTORM	8	H	PUR SANG	2	0	0	0,00	0,00	0,00	0,00	325
SWETTY BEAUTY	8	F	PUR SANG	1	0	0	0,00	0,00	0,00	0,00	470
SIR SPARKALOT	8	H	PUR SANG	1	0	0	0,00	0,00	0,00	0,00	270
SEVENTH SEAL	8	F	PUR SANG	1	0	0	0,00	0,00	0,00	0,00	260
EARLY LIGHT	8	H	PUR SANG	2	0	0	0,00	0,00	0,00	0,00	180
MOON WOLF	8	H	PUR SANG	1	0	0	0,00	0,00	0,00	0,00	440
TYTAN	8	H	PUR SANG	2	0	0	0,00	0,00	0,00	0,00	170
TAKAMAKA	8	F	PUR SANG	1	0	0	0,00	0,00	0,00	0,00	505
BLUE PLANET	8	F	PUR SANG	2	0	0	0,00	0,00	0,00	0,00	150
LEJENDARIO	8	H	PUR SANG	3	0	0	0,00	0,00	0,00	0,00	160
LOVE AFFAIR	8	F	PUR SANG	2	0	0	0,00	0,00	0,00	0,00	190
BREIZH EAGLE	8	H	PUR SANG	1	0	0	0,00	0,00	0,00	0,00	420
GOLD SHIVA	8	H	PUR SANG	2	0	0	0,00	0,00	0,00	0,00	200
ITALO	8	H	PUR SANG	1	0	0	0,00	0,00	0,00	0,00	315
MAGIC DAVIER	8	H	PUR SANG	2	0	0	0,00	0,00	0,00	0,00	460
SOTCHI	8	F	PUR SANG	1	0	0	0,00	0,00	0,00	0,00	150
RICHAUNERADOXE	8	M	PUR SANG	3	0	0	0,00	0,00	0,00	0,00	380
BEL ARISTO	8	H	PUR SANG	1	0	0	0,00	0,00	0,00	0,00	290
ALBERT BRIDGE	8	H	PUR SANG	1	0	0	0,00	0,00	0,00	0,00	210
RAIKU	8	H	PUR SANG	1	0	0	0,00	0,00	0,00	0,00	290
ISEULT	8	F	PUR SANG	4	0	0	0,00	0,00	0,00	0,00	235
VENTURA VISION	8	F	PUR SANG	1	0	0	0,00	0,00	0,00	0,00	235
AZOV	8	H	PUR SANG	1	0	0	0,00	0,00	0,00	0,00	325
NOVA SCOTIA	7	H	PUR SANG	1	0	0	0,00	0,00	0,00	0,00	290
AIRA	7	F	PUR SANG	2	0	0	0,00	0,00	0,00	0,00	200
JOUR POLAIRE	7	H	PUR SANG	1	0	0	0,00	0,00	0,00	0,00	605
HOLLYHOCK	7	H	PUR SANG	1	0	0	0,00	0,00	0,00	0,00	270
SKIPPER	7	H	PUR SANG	1	0	0	0,00	0,00	0,00	0,00	225
ELEGANCE DOREE	7	F	PUR SANG	3	0	0	0,00	0,00	0,00	0,00	170
SPEED CHOP	7	H	PUR SANG	1	0	0	0,00	0,00	0,00	0,00	150
MASSA CHOP	7	H	PUR SANG	9	0	0	0,00	0,00	0,00	0,00	220
AGENT SIM	7	H	PUR SANG	1	0	0	0,00	0,00	0,00	0,00	345
CHAAM	7	H	PUR SANG	1	0	0	0,00	0,00	0,00	0,00	160
RED CRAZY	7	M	PUR SANG	3	0	0	0,00	0,00	0,00	0,00	150
COURTING	7	H	PUR SANG	1	0	0	0,00	0,00	0,00	0,00	210
CENTENARIO	7	H	PUR SANG	1	0	0	0,00	0,00	0,00	0,00	405
POUSSY CAT	7	F	PUR SANG	1	0	0	0,00	0,00	0,00	0,00	150
TARGUI	7	H	PUR SANG	5	0	0	0,00	0,00	0,00	0,00	150
CRIN NOIR	7	H	PUR SANG	1	0	0	0,00	0,00	0,00	0,00	205
OPALUS ROAD	7	H	PUR SANG	1	0	0	0,00	0,00	0,00	0,00	400
STEELHAMMER	7	H	PUR SANG	2	0	0	0,00	0,00	0,00	0,00	280
TOLLEVAST	7	H	PUR SANG	3	0	0	0,00	0,00	0,00	0,00	195
CURARO LIGHT	7	F	PUR SANG	1	0	0	0,00	0,00	0,00	0,00	250
HAPPY HARRY	7	H	PUR SANG	1	0	0	0,00	0,00	0,00	0,00	250
GAYLOR SENORA	7	M	PUR SANG	1	0	0	0,00	0,00	0,00	0,00	320
FULL GAIN	7	F	PUR SANG	5	0	0	0,00	0,00	0,00	0,00	200
ATHELIA	7	F	PUR SANG	1	0	0	0,00	0,00	0,00	0,00	165
RAFALE	7	F	PUR SANG	1	0	0	0,00	0,00	0,00	0,00	215
MONOGRAM	7	H	PUR SANG	1	0	0	0,00	0,00	0,00	0,00	150
PERFECT TIGER	7	H	PUR SANG	2	0	0	0,00	0,00	0,00	0,00	230
DRAPEAU BLANC	7	F	PUR SANG	1	0	0	0,00	0,00	0,00	0,00	170
ONE MORE NIGHT	7	F	PUR SANG	2	0	0	0,00	0,00	0,00	0,00	285
LA DIVA D'ALBEN	7	F	PUR SANG	2	0	0	0,00	0,00	0,00	0,00	280
LOU MAN	7	H	PUR SANG	1	0	0	0,00	0,00	0,00	0,00	355
SCALA D'ASPE	7	F	PUR SANG	2	0	0	0,00	0,00	0,00	0,00	
CHIEF RED CLOUD	7	M	PUR SANG	1	0	0	0,00	0,00	0,00	0,00	190
DIMASTY MAJTALL	7	F	PUR SANG	2	0	0	0,00	0,00	0,00	0,00	170
GAMECHANGER	7	H	PUR SANG	2	0	0	0,00	0,00	0,00	0,00	235
SUNFAST	7	H	PUR SANG	1	0	0	0,00	0,00	0,00	0,00	335
GOT BLOOM	7	F	PUR SANG	3	0	0	0,00	0,00	0,00	0,00	150
POWER PAPERS	7	M	PUR SANG	1	0	0	0,00	0,00	0,00	0,00	260
MOUTARDE	7	H	PUR SANG	3	0	0	0,00	0,00	0,00	0,00	250
HERMANO	6	H	PUR SANG	4	0	0	0,00	0,00	0,00	0,00	250
LONG STORY SHORT	6	F	PUR SANG	1	0	0	0,00	0,00	0,00	0,00	260
GOLDEN CITY	6	H	PUR SANG	1	0	0	0,00	0,00	0,00	0,00	255
FAIS NOUS PLAISIR	6	H	PUR SANG	2	0	0	0,00	0,00	0,00	0,00	230
ROUGE	6	F	PUR SANG	2	0	0	0,00	0,00	0,00	0,00	180
VICTORY SALUTE	6	H	PUR SANG	5	0	0	0,00	0,00	0,00	0,00	290
FALIMAX	6	H	PUR SANG	2	0	0	0,00	0,00	0,00	0,00	150
HALEINE	6	F	PUR SANG	1	0	0	0,00	0,00	0,00	0,00	310
RELY ON OLD SPORT	6	H	PUR SANG	1	0	0	0,00	0,00	0,00	0,00	290
KASIMSKA	6	F	PUR SANG	5	0	0	0,00	0,00	0,00	0,00	150
NANTMOR	6	H	PUR SANG	2	0	0	0,00	0,00	0,00	0,00	260
KHAMALGANE	6	F	PUR SANG	2	0	0	0,00	0,00	0,00	0,00	155
LOVELY TESS	6	F	PUR SANG	4	0	0	0,00	0,00	0,00	0,00	200
OPERA	6	F	PUR SANG	1	0	0	0,00	0,00	0,00	0,00	240
VIKING D'AUMONT	6	H	PUR SANG	2	0	0	0,00	0,00	0,00	0,00	195
FIVE DAYS	6	F	PUR SANG	2	0	0	0,00	0,00	0,00	0,00	150
MISS GREELEY	6	F	PUR SANG	2	0	0	0,00	0,00	0,00	0,00	205
MER NOIR	6	F	PUR SANG	1	0	0	0,00	0,00	0,00	0,00	235
CORO CHOP	6	H	PUR SANG	2	0	0	0,00	0,00	0,00	0,00	175
COEUR EN OR	6	F	PUR SANG	3	0	0	0,00	0,00	0,00	0,00	505
VERY GOOD BOY	6	H	PUR SANG	1	0	0	0,00	0,00	0,00	0,00	440
PORTRERO	6	H	PUR SANG	2	0	0	0,00	0,00	0,00	0,00	230
EASTERN STAR	6	H	PUR SANG	7	0	0	0,00	0,00	0,00	0,00	240
HARRY WAY	6	H	PUR SANG	1	0	0	0,00	0,00	0,00	0,00	355
GOLDYWAY DE SAON	6	H	PUR SANG	1	0	0	0,00	0,00	0,00	0,00	280
MISTER GOKEN	6	H	PUR SANG	1	0	0	0,00	0,00	0,00	0,00	245
GENNY DANCE	6	F	PUR SANG	1	0	0	0,00	0,00	0,00	0,00	410
IWANTOBREAK FREE	6	H	PUR SANG	4	0	0	0,00	0,00	0,00	0,00	210
KAICLATHOLUKEV	6	F	PUR SANG	2	0	0	0,00	0,00	0,00	0,00	150
SUNWHITE	6	H	PUR SANG	3	0	0	0,00	0,00	0,00	0,00	170
BENVENUTO	6	H	PUR SANG	1	0	0	0,00	0,00	0,00	0,00	165
AZAMASTAM	6	F	PUR SANG	1	0	0	0,00	0,00	0,00	0,00	225
LUSIO	6	H	PUR SANG	1	0	0	0,00	0,00	0,00	0,00	470
HENRIETTA BLACK	6	F	PUR SANG	1	0	0	0,00	0,00	0,00	0,00	225
QUE VENDRA	6	F	PUR SANG	3	0	0	0,00	0,00	0,00	0,00	320
MONDAINAI	6	F	PUR SANG	1	0	0	0,00	0,00	0,00	0,00	155
WHATEVER IT COSTS	6	F	PUR SANG	2	0	0	0,00	0,00	0,00	0,00	150
CATCH THE STARS	6	H	PUR SANG	4	0	0	0,00	0,00	0,00	0,00	255
MADDOX	6	H	PUR SANG	2	0	0	0,00	0,00	0,00	0,00	150
DRIMYS	6	H	PUR SANG	1	0	0	0,00	0,00	0,00	0,00	330
AVERSA	6	F	PUR SANG	3	0	0	0,00	0,00	0,00	0,00	310
WUKHANN	6	H	PUR SANG	2	0	0	0,00	0,00	0,00	0,00	250
SIXTUS	6	H	PUR SANG	5	0	0	0,00	0,00	0,00	0,00	185
KHABESA	6	F	PUR SANG	4	0	0	0,00	0,00	0,00	0,00	180
SOURCE YVETTE	6	F	PUR SANG	2	0	0	0,00	0,00	0,00	0,00	150
LUXU	6	F	PUR SANG	1	0	0	0,00	0,00	0,00	0,00	440
WINTER PUDDING	6	H	PUR SANG	1	0	0	0,00	0,00	0,00	0,00	410
KIRWANAKO CHANAY	6	H	PUR SANG	1	0	0	0,00	0,00	0,00	0,00	200
MY LORD	6	H	PUR SANG	8	0	0	0,00	0,00	0,00	0,00	150
PINTXOPOTE	6	H	PUR SANG	4	0	0	0,00	0,00	0,00	0,00	150
MAGICAL LOVE	6	F	PUR SANG	1	0	0	0,00	0,00	0,00	0,00	185
SYMBOLE	6	H	PUR SANG	4	0	0	0,00	0,00	0,00	0,00	205
ALVA	6	F	PUR SANG	1	0	0	0,00	0,00	0,00	0,00	460
KAWARETH	6	F	PUR SANG	5	0	0	0,00	0,00	0,00	0,00	240
TRIESTE	6	F	PUR SANG	2	0	0	0,00	0,00	0,00	0,00	150
PEANUT ROYALE	6	F	PUR SANG	1	0	0	0,00	0,00	0,00	0,00	150
BOLSHKINOV	6	H	PUR SANG	2	0	0	0,00	0,00	0,00	0,00	215
DAFNE	6	F	PUR SANG	3	0	0	0,00	0,00	0,00	0,00	150
FILLE DU ROI	6	F	PUR SANG	1	0	0	0,00	0,00	0,00	0,00	195
HAVANDI	5	H	PUR SANG	2	0	0	0,00	0,00	0,00	0,00	
JOHN STEED	5	M	PUR SANG	2	0	0	0,00	0,00	0,00	0,00	380
SPEED HUNTER	5	H	PUR SANG	3	0	0	0,00	0,00	0,00	0,00	225
LIPTON KA	5	H	PUR SANG	1	0	0	0,00	0,00	0,00	0,00	245
LADYSHOW	5	F	PUR SANG	4	0	0	0,00	0,00	0,00	0,00	150
MEMORY DU LEMO	5	H	PUR SANG	1	0	0	0,00	0,00	0,00	0,00	500
ROOSTER CROWING	5	H	PUR SANG	1	0	0	0,00	0,00	0,00	0,00	695
LADY OF NABEUL	5	F	PUR SANG	1	0	0	0,00	0,00	0,00	0,00	245
HARMONY GREY	5	F	PUR SANG	1	0	0	0,00	0,00	0,00	0,00	340
FLY OF NIGHT	5	H	PUR SANG	1	0	0	0,00	0,00	0,00	0,00	480
TERRA MADRE	5	F	PUR SANG	4	0	0	0,00	0,00	0,00	0,00	210
GRAND AIGLE	5	H	PUR SANG	2	0	0	0,00	0,00	0,00	0,00	230
LILITH	5	F	PUR SANG	2	0	0	0,00	0,00	0,00	0,00	155
KIND OF STAR	5	H	PUR SANG	1	0	0	0,00	0,00	0,00	0,00	265
ALI PACHA	5	H	PUR SANG	1	0	0	0,00	0,00	0,00	0,00	210
LE LAVANDOU	5	M	PUR SANG	4	0	0	0,00	0,00	0,00	0,00	425
FIRST DIVA	5	F	PUR SANG	3	0	0	0,00	0,00	0,00	0,00	190
MY SWEET HOPE	5	F	PUR SANG	1	0	0	0,00	0,00	0,00	0,00	280
ALGABAS	5	H	PUR SANG	1	0	0	0,00	0,00	0,00	0,00	240
QUARTIER MAITRE	5	H	PUR SANG	7	0	0	0,00	0,00	0,00	0,00	185
IRADIE	5	F	PUR SANG	1	0	0	0,00	0,00	0,00	0,00	380
BRAMANS	5	H	PUR SANG	4	0	0	0,00	0,00	0,00	0,00	305
DSCHINGIS JOY	5	F	PUR SANG	3	0	0	0,00	0,00	0,00	0,00	260
KITTEN DREAM	5	H	PUR SANG	1	0	0	0,00	0,00	0,00	0,00	245
I STILL DREAM	5	H	PUR SANG	3	0	0	0,00	0,00	0,00	0,00	295
LITHIUM DU BREUIL	5	H	PUR SANG	1	0	0	0,00	0,00	0,00	0,00	
LAZAR DE BEAUFOUR	5	H	PUR SANG	2	0	0	0,00	0,00	0,00	0,00	
DO IT FOR ME	5	F	PUR SANG	3	0	0	0,00	0,00	0,00	0,00	150
LOUISE DE BADE	5	F	PUR SANG	1	0	0	0,00	0,00	0,00	0,00	225
VULDETRADE	5	F	PUR SANG	1	0	0	0,00	0,00	0,00	0,00	225
COMPOSITION	5	F	PUR SANG	1	0	0	0,00	0,00	0,00	0,00	195
PERLI CHOPE	5	F	PUR SANG	1	0	0	0,00	0,00	0,00	0,00	305
LIYA CHOPE	5	F	PUR SANG	3	0	0	0,00	0,00	0,00	0,00	205
MISS DONNA	5	F	PUR SANG	4	0	0	0,00	0,00	0,00	0,00	190
LADY DU GRAND VAL	5	F	PUR SANG	1	0	0	0,00	0,00	0,00	0,00	
EUFRASIA	5	F	PUR SANG	2	0	0	0,00	0,00	0,00	0,00	
GODESSA	5	F	PUR SANG	10	0	0	0,00	0,00	0,00	0,00	220
GO WITH THE ROSES	5	F	PUR SANG	3	0	0	0,00	0,00	0,00	0,00	200
SOUL AND ROMANCE	5	F	PUR SANG	3	0	0	0,00	0,00	0,00	0,00	215
RAAGI	5	H	PUR SANG	1	0	0	0,00	0,00	0,00	0,00	265
PORT GALLAND	5	H	PUR SANG	3	0	0	0,00	0,00	0,00	0,00	165
AMAGI	5	F	PUR SANG	1	0	0	0,00	0,00	0,00	0,00	170
LITTLE BEE	5	F	PUR SANG	2	0	0	0,00	0,00	0,00	0,00	480
PIANO BAR	5	H	PUR SANG	2	0	0	0,00	0,00	0,00	0,00	280
PENAGOS	5	H	PUR SANG	4	0	0	0,00	0,00	0,00	0,00	210
WALDLADY	5	F	PUR SANG	8	0	0	0,00	0,00	0,00	0,00	150
SUPER TIE BREAK	5	H	PUR SANG	1	0	0	0,00	0,00	0,00	0,00	255
INSPIRADO	5	H	PUR SANG	1	0	0	0,00	0,00	0,00	0,00	235
CRUSH DES PINS	5	H	PUR SANG	1	0	0	0,00	0,00	0,00	0,00	
CHERY CHARGE	5	F	PUR SANG	7	0	0	0,00	0,00	0,00	0,00	150
SEVEN ANGELS	5	F	PUR SANG	1	0	0	0,00	0,00	0,00	0,00	240
OLAF	5	H	PUR SANG	1	0	0	0,00	0,00	0,00	0,00	250
LIV GOLD	5	F	PUR SANG	2	0	0	0,00	0,00	0,00	0,00	215
MALTOCK D'ORGERES	5	H	PUR SANG	1	0	0	0,00	0,00	0,00	0,00	220
TESSALOS	5	H	PUR SANG	2	0	0	0,00	0,00	0,00	0,00	305
LUCKY CHARM	5	F	PUR SANG	1	0	0	0,00	0,00	0,00	0,00	215
SO LATE	5	H	PUR SANG	1	0	0	0,00	0,00	0,00	0,00	
GENERALAY	5	H	PUR SANG	1	0	0	0,00	0,00	0,00	0,00	245
ST ELVIRA	5	F	PUR SANG	1	0	0	0,00	0,00	0,00	0,00	325
BLOOD DIAMOND	5	F	PUR SANG	1	0	0	0,00	0,00	0,00	0,00	215
NICASTRO	5	H	PUR SANG	3	0	0	0,00	0,00	0,00	0,00	220
AL SKA	5	F	PUR SANG	1	0	0	0,00	0,00	0,00	0,00	230
LE PHOCEA	5	H	PUR SANG	1	0	0	0,00	0,00	0,00	0,00	265
ALVAR	5	H	PUR SANG	7	0	0	0,00	0,00	0,00	0,00	150
ADORABLE	5	H	PUR SANG	1	0	0	0,00	0,00	0,00	0,00	210
EXIT POINT	5	F	PUR SANG	1	0	0	0,00	0,00	0,00	0,00	180
CANNELLE DOREE	5	F	PUR SANG	1	0	0	0,00	0,00	0,00	0,00	
HOT IN FRONT	5	H	PUR SANG	3	0	0	0,00	0,00	0,00	0,00	235
STELLO TALLY	5	F	PUR SANG	3	0	0	0,00	0,00	0,00	0,00	185
LOUP DU LARGE	5	H	PUR SANG	1	0	0	0,00	0,00	0,00	0,00	
YLLIWELL	5	H	PUR SANG	1	0	0	0,00	0,00	0,00	0,00	
LOPPORTUNISTE	5	H	PUR SANG	1	0	0	0,00	0,00	0,00	0,00	220
EDCO	5	H	PUR SANG	1	0	0	0,00	0,00	0,00	0,00	
ASALIAH	5	F	PUR SANG	1	0	0	0,00	0,00	0,00	0,00	
QUIDDICH	5	H	PUR SANG	3	0	0	0,00	0,00	0,00	0,00	310
SEALERIA	5	H	PUR SANG	3	0	0	0,00	0,00	0,00	0,00	190
LEGENDE D OSVIN	5	F	PUR SANG	1	0	0	0,00	0,00	0,00	0,00	190
LUNA CITY	5	H	PUR SANG	1	0	0	0,00	0,00	0,00	0,00	195
FRENCH GIRL EFFECT	5	F	PUR SANG	1	0	0	0,00	0,00	0,00	0,00	170
ITAO DE BOUSSAY	5	H	PUR SANG	2	0	0	0,00	0,00	0,00	0,00	150
SARAVINA	5	F	PUR SANG	2	0	0	0,00	0,00	0,00	0,00	170
OSCURIDAD	5	H	PUR SANG	1	0	0	0,00	0,00	0,00	0,00	
CARIBBEAN PEARL	5	H	PUR SANG	1	0	0	0,00	0,00	0,00	0,00	150
AGRIMONIA	5	F	PUR SANG	1	0	0	0,00	0,00	0,00	0,00	280
BERINE DE DIANE	5	F	PUR SANG	1	0	0	0,00	0,00	0,00	0,00	200
BARBIE THE STAR	5	F	PUR SANG	2	0	0	0,00	0,00	0,00	0,00	
PERLE DE BEAUVAIS	5	F	PUR SANG	1	0	0	0,00	0,00	0,00	0,00	250
LIBRE DES ONGRAIS	5	F	PUR SANG	2	0	0	0,00	0,00	0,00	0,00	
ECLIPSE MAGIC JEYL	5	H	PUR SANG	4	0	0	0,00	0,00	0,00	0,00	
ETINCELLE UNIQUE	5	F	PUR SANG	1	0	0	0,00	0,00	0,00	0,00	470
HARRY GOLD	5	H	PUR SANG	1	0	0	0,00	0,00	0,00	0,00	275
WELPOME	5	F	PUR SANG	3	0	0	0,00	0,00	0,00	0,00	190
GOLDEN FLASH	5	F	PUR SANG	1	0	0	0,00	0,00	0,00	0,00	305
NEVER GIVE IN	5	H	PUR SANG	2	0	0	0,00	0,00	0,00	0,00	350
L'HORLOGE	5	F	PUR SANG	4	0	0	0,00	0,00	0,00	0,00	150
ZEPLACETOBE	5	F	PUR SANG	1	0	0	0,00	0,00	0,00	0,00	270
CANATIYANN	5	H	PUR SANG	2	0	0	0,00	0,00	0,00	0,00	285
ANGELY DE CLUNY	5	F	PUR SANG	4	0	0	0,00	0,00	0,00	0,00	240
SAXON GIRL	5	F	PUR SANG	1	0	0	0,00	0,00	0,00	0,00	435
TRENO	5	H	PUR SANG	2	0	0	0,00	0,00	0,00	0,00	215
TAHINI	5	M	PUR SANG	2	0	0	0,00	0,00	0,00	0,00	265
ZAEL	4	H	PUR SANG	4	0	0	0,00	0,00	0,00	0,00	235
KISS ME AT SEA	4	F	PUR SANG	2	0	0	0,00	0,00	0,00	0,00	250
DEW POINT	4	H	PUR SANG	1	0	0	0,00	0,00	0,00	0,00	285
MARY JAYNE	4	F	PUR SANG	1	0	0	0,00	0,00	0,00	0,00	325
MARLON SUN	4	H	PUR SANG	1	0	0	0,00	0,00	0,00	0,00	500
FAUST	4	H	PUR SANG	1	0	0	0,00	0,00	0,00	0,00	335
MAGIC LE DUN	4	H	PUR SANG	1	0	0	0,00	0,00	0,00	0,00	
CHA'HORE	4	F	PUR SANG	1	0	0	0,00	0,00	0,00	0,00	260
SIGNOR GALLI	4	H	PUR SANG	2	0	0	0,00	0,00	0,00	0,00	315
SOGNIAMO INSIEME	4	H	PUR SANG	2	0	0	0,00	0,00	0,00	0,00	235
SNOWDANCE	4	F	PUR SANG	2	0	0	0,00	0,00	0,00	0,00	
LITTLE SOCKS	4	M	PUR SANG	1	0	0	0,00	0,00	0,00	0,00	220
DADDY'S HEART	4	H	PUR SANG	5	0	0	0,00	0,00	0,00	0,00	250
MARQUISE DELF	4	F	PUR SANG	1	0	0	0,00	0,00	0,00	0,00	
HELP DAVIER	4	F	PUR SANG	1	0	0	0,00	0,00	0,00	0,00	285
MARIN D ARGENT	4	H	PUR SANG	2	0	0	0,00	0,00	0,00	0,00	
ROSES D'ANGE	4	F	PUR SANG	1	0	0	0,00	0,00	0,00	0,00	
PETITE THEYSS	4	F	PUR SANG	1	0	0	0,00	0,00	0,00	0,00	510
STUBBORN QUEEN	4	F	PUR SANG	1	0	0	0,00	0,00	0,00	0,00	
MANATHILDE	4	F	PUR SANG	1	0	0	0,00	0,00	0,00	0,00	
AMANDINES	4	F	PUR SANG	2	0	0	0,00	0,00	0,00	0,00	240
SAOGAWA	4	F	PUR SANG	1	0	0	0,00	0,00	0,00	0,00	220
BREIZH DANSE	4	F	PUR SANG	4	0	0	0,00	0,00	0,00	0,00	195
MUSSET DE COUGNY	4	H	PUR SANG	4	0	0	0,00	0,00	0,00	0,00	160
ANONYMA	4	F	PUR SANG	1	0	0	0,00	0,00	0,00	0,00	275
PERLE DU SUD	4	F	PUR SANG	3	0	0	0,00	0,00	0,00	0,00	
MACHU PICCHU	4	H	PUR SANG	1	0	0	0,00	0,00	0,00	0,00	
SYLVABELLE	4	F	PUR SANG	3	0	0	0,00	0,00	0,00	0,00	195
PRINCESSE IRONA	4	F	PUR SANG	1	0	0	0,00	0,00	0,00	0,00	
GANZEVILLE	4	F	PUR SANG	4	0	0	0,00	0,00	0,00	0,00	175
GOLDEN ALQA	4	F	PUR SANG	1	0	0	0,00	0,00	0,00	0,00	320
GOLDY DAY	4	F	PUR SANG	3	0	0	0,00	0,00	0,00	0,00	220
YASHAN FAL	4	H	PUR SANG	5	0	0	0,00	0,00	0,00	0,00	245
HAVE A NICE DAY	4	F	PUR SANG	1	0	0	0,00	0,00	0,00	0,00	
BOGADO	4	H	PUR SANG	1	0	0	0,00	0,00	0,00	0,00	275
MON PROPHETE	4	H	PUR SANG	2	0	0	0,00	0,00	0,00	0,00	
MINUIT DU SEUIL	4	F	PUR SANG	1	0	0	0,00	0,00	0,00	0,00	570
SENS D'ASPE	4	H	PUR SANG	1	0	0	0,00	0,00	0,00	0,00	
FANCY DAVIS	4	F	PUR SANG	1	0	0	0,00	0,00	0,00	0,00	
VAUTOUR DU BERLAIS	4	H	PUR SANG	1	0	0	0,00	0,00	0,00	0,00	
KARIGOLIA	4	F	PUR SANG	1	0	0	0,00	0,00	0,00	0,00	530
MY WITH	4	F	PUR SANG	1	0	0	0,00	0,00	0,00	0,00	
MASKARADE	4	F	PUR SANG	5	0	0	0,00	0,00	0,00	0,00	220
LITTLE DARLING	4	F	PUR SANG	1	0	0	0,00	0,00	0,00	0,00	205
LEGEND DU NINIAN	4	H	PUR SANG	1	0	0	0,00	0,00	0,00	0,00	250
MACKENZIE DU DON	4	H	PUR SANG	2	0	0	0,00	0,00	0,00	0,00	
OCEAN DU NINIAN	4	H	PUR SANG	3	0	0	0,00	0,00	0,00	0,00	
SHANA LISES	4	F	PUR SANG	3	0	0	0,00	0,00	0,00	0,00	220
BIRDY LISES	4	H	PUR SANG	2	0	0	0,00	0,00	0,00	0,00	
KISS ME LADY	4	F	PUR SANG	1	0	0	0,00	0,00	0,00	0,00	210
KARAWAN	4	H	PUR SANG	9	0	0	0,00	0,00	0,00	0,00	150
BEAUTY MAGIC	4	F	PUR SANG	3	0	0	0,00	0,00	0,00	0,00	220
LADY ZAZA	4	F	PUR SANG	1	0	0	0,00	0,00	0,00	0,00	510
NAVINSKY	4	H	PUR SANG	1	0	0	0,00	0,00	0,00	0,00	
ZEN	4	F	PUR SANG	1	0	0	0,00	0,00	0,00	0,00	325
RIVERA	4	F	PUR SANG	3	0	0	0,00	0,00	0,00	0,00	225
FORNALI	4	F	PUR SANG	4	0	0	0,00	0,00	0,00	0,00	310
SCULPTURALE	4	F	PUR SANG	2	0	0	0,00	0,00	0,00	0,00	300
ROSALITA	4	F	PUR SANG	2	0	0	0,00	0,00	0,00	0,00	250
GOT PLAY	4	H	PUR SANG	1	0	0	0,00	0,00	0,00	0,00	205
MEYUDINE'K	4	F	PUR SANG	2	0	0	0,00	0,00	0,00	0,00	280
ADAIYA D'OR	4	F	PUR SANG	2	0	0	0,00	0,00	0,00	0,00	
ESSEX	4	F	PUR SANG	2	0	0	0,00	0,00	0,00	0,00	250
PETITFLEURDECHAMPS	4	F	PUR SANG	2	0	0	0,00	0,00	0,00	0,00	250
L ORIENT EXPRESS	4	F	PUR SANG	4	0	0	0,00	0,00	0,00	0,00	190
MERVEILLEUXDULIVET	4	H	PUR SANG	1	0	0	0,00	0,00	0,00	0,00	
CHINCA BONITAS	4	F	PUR SANG	1	0	0	0,00	0,00	0,00	0,00	
SAINTE STYLEE	4	F	PUR SANG	1	0	0	0,00	0,00	0,00	0,00	
DE TALE	4	M	PUR SANG	1	0	0	0,00	0,00	0,00	0,00	
DEUXMILLE	4	H	PUR SANG	3	0	0	0,00	0,00	0,00	0,00	240
SIR MORIARTY	4	H	PUR SANG	5	0	0	0,00	0,00	0,00	0,00	
FREED FROM DESIRE	4	F	PUR SANG	1	0	0	0,00	0,00	0,00	0,00	275
MASTER DES CARRES	4	H	PUR SANG	2	0	0	0,00	0,00	0,00	0,00	
ETOILE DE RIO	4	H	PUR SANG	4	0	0	0,00	0,00	0,00	0,00	215
LUCKY LUKE STEFAN	4	H	PUR SANG	2	0	0	0,00	0,00	0,00	0,00	220
KARMAA	4	F	PUR SANG	1	0	0	0,00	0,00	0,00	0,00	220
JONH LEMON	4	H	PUR SANG	2	0	0	0,00	0,00	0,00	0,00	165
OPI DAQUI	4	M	PUR SANG	1	0	0	0,00	0,00	0,00	0,00	270
METAMORPHIC	4	H	PUR SANG	2	0	0	0,00	0,00	0,00	0,00	360
ETREHAM	4	H	PUR SANG	3	0	0	0,00	0,00	0,00	0,00	290
TOCA BOCA	4	H	PUR SANG	1	0	0	0,00	0,00	0,00	0,00	250
DAY DREAMING	4	F	PUR SANG	4	0	0	0,00	0,00	0,00	0,00	330
ANCOLIE	4	F	PUR SANG	1	0	0	0,00	0,00	0,00	0,00	270
MATADOR BLOU	4	H	PUR SANG	2	0	0	0,00	0,00	0,00	0,00	
GIFT OF JO	4	H	PUR SANG	1	0	0	0,00	0,00	0,00	0,00	
MAYA DU FENOIR	4	F	PUR SANG	1	0	0	0,00	0,00	0,00	0,00	
SKOLL AMARA	4	H	PUR SANG	2	0	0	0,00	0,00	0,00	0,00	
MA TORNADE	4	F	PUR SANG	3	0	0	0,00	0,00	0,00	0,00	190
ZERALDA	4	F	PUR SANG	2	0	0	0,00	0,00	0,00	0,00	155
DSCHINGIS POWER	4	H	PUR SANG	2	0	0	0,00	0,00	0,00	0,00	310
DSCHINGIS RUN	4	F	PUR SANG	2	0	0	0,00	0,00	0,00	0,00	230
DSCHINGIS NOBLESSE	4	F	PUR SANG	1	0	0	0,00	0,00	0,00	0,00	260
MAMOUR	4	H	PUR SANG	3	0	0	0,00	0,00	0,00	0,00	
MARS DIVIN	4	H	PUR SANG	1	0	0	0,00	0,00	0,00	0,00	
MY JO OF COURSE	4	H	PUR SANG	1	0	0	0,00	0,00	0,00	0,00	
GALAXINA	4	F	PUR SANG	2	0	0	0,00	0,00	0,00	0,00	200
ETOILE DE LA PREE	4	F	PUR SANG	2	0	0	0,00	0,00	0,00	0,00	
BAI TU LONG	4	F	PUR SANG	4	0	0	0,00	0,00	0,00	0,00	165
ROYAL PLATIN	4	H	PUR SANG	1	0	0	0,00	0,00	0,00	0,00	240
ISPERIA	4	F	PUR SANG	1	0	0	0,00	0,00	0,00	0,00	325
JERRY LEE	4	H	PUR SANG	3	0	0	0,00	0,00	0,00	0,00	240
ZYA D'AUMONT	4	F	PUR SANG	1	0	0	0,00	0,00	0,00	0,00	250
BELLA INDIA	4	F	PUR SANG	3	0	0	0,00	0,00	0,00	0,00	290
POSAFOLIE	4	F	PUR SANG	1	0	0	0,00	0,00	0,00	0,00	290
CRATERE	4	H	PUR SANG	1	0	0	0,00	0,00	0,00	0,00	
ETAMINE VAL	4	F	PUR SANG	1	0	0	0,00	0,00	0,00	0,00	
MAT LOSANA	4	F	PUR SANG	1	0	0	0,00	0,00	0,00	0,00	
BLACK BOSS	4	H	PUR SANG	1	0	0	0,00	0,00	0,00	0,00	325
TORPILLON	4	H	PUR SANG	2	0	0	0,00	0,00	0,00	0,00	205
WESTI CHOPE	4	F	PUR SANG	2	0	0	0,00	0,00	0,00	0,00	285
GAYLE	4	F	PUR SANG	1	0	0	0,00	0,00	0,00	0,00	240
LEYF CHOP	4	H	PUR SANG	1	0	0	0,00	0,00	0,00	0,00	
BOMBE LA VIE	4	F	PUR SANG	1	0	0	0,00	0,00	0,00	0,00	245
NUIT DE L'HOMME	4	H	PUR SANG	1	0	0	0,00	0,00	0,00	0,00	245
JUNGLE CHOP	4	H	PUR SANG	1	0	0	0,00	0,00	0,00	0,00	225
HEY VINCE	4	H	PUR SANG	3	0	0	0,00	0,00	0,00	0,00	330
MIL'LEZ HYMME	4	F	PUR SANG	2	0	0	0,00	0,00	0,00	0,00	230
MAGIC TOPISSIMA	4	F	PUR SANG	1	0	0	0,00	0,00	0,00	0,00	155
JERRYAFTA	4	M	PUR SANG	1	0	0	0,00	0,00	0,00	0,00	
PREA GIANCA	4	F	PUR SANG	5	0	0	0,00	0,00	0,00	0,00	200
VERYTE	4	F	PUR SANG	3	0	0	0,00	0,00	0,00	0,00	555
ZINAMIX	4	H	PUR SANG	1	0	0	0,00	0,00	0,00	0,00	
MASCALIE	4	F	PUR SANG	1	0	0	0,00	0,00	0,00	0,00	
PASTISSE	4	F	PUR SANG	2	0	0	0,00	0,00	0,00	0,00	335
HAPPY SPIRIT	4	F	PUR SANG	1	0	0	0,00	0,00	0,00	0,00	260
JONES	4	F	PUR SANG	3	0	0	0,00	0,00	0,00	0,00	440
TIGRE DORE	4	H	PUR SANG	3	0	0	0,00	0,00	0,00	0,00	195
BLAZING STAR	4	F	PUR SANG	1	0	0	0,00	0,00	0,00	0,00	330
WALLEAH	4	F	PUR SANG	1	0	0	0,00	0,00	0,00	0,00	395
MONNET	4	H	PUR SANG	1	0	0	0,00	0,00	0,00	0,00	
FORZA BELLA	4	F	PUR SANG	5	0	0	0,00	0,00	0,00	0,00	150
TREVI	4	H	PUR SANG	1	0	0	0,00	0,00	0,00	0,00	200
MELBA BAM'S	4	F	PUR SANG	1	0	0	0,00	0,00	0,00	0,00	
AVEC PLAISIR	4	F	PUR SANG	1	0	0	0,00	0,00	0,00	0,00	
TOMLAND	4	H	PUR SANG	1	0	0	0,00	0,00	0,00	0,00	520
VERYBAND DE COUELY	4	H	PUR SANG	1	0	0	0,00	0,00	0,00	0,00	
SOL MARIE	4	F	PUR SANG	1	0	0	0,00	0,00	0,00	0,00	270
MADJIC LIST	4	H	PUR SANG	1	0	0	0,00	0,00	0,00	0,00	
SHAMROCK MELODY	4	F	PUR SANG	1	0	0	0,00	0,00	0,00	0,00	535
ROYALTY FAIR	4	F	PUR SANG	2	0	0	0,00	0,00	0,00	0,00	190
BIRCHPACOLAURGREEN	4	F	PUR SANG	3	0	0	0,00	0,00	0,00	0,00	200
AIME VIPI	4	H	PUR SANG	2	0	0	0,00	0,00	0,00	0,00	230
LADY MERA	4	F	PUR SANG	1	0	0	0,00	0,00	0,00	0,00	240
BEYOND THE STARS	4	F	PUR SANG	2	0	0	0,00	0,00	0,00	0,00	380
KNIGHTOFTHEFOREST	4	H	PUR SANG	1	0	0	0,00	0,00	0,00	0,00	490
BEARN IN LOVE	4	F	PUR SANG	1	0	0	0,00	0,00	0,00	0,00	250
LADELONETTE	4	F	PUR SANG	2	0	0	0,00	0,00	0,00	0,00	215
KEETA	4	F	PUR SANG	2	0	0	0,00	0,00	0,00	0,00	260
ASTON JUAN	4	M	PUR SANG	1	0	0	0,00	0,00	0,00	0,00	255
SIXTEEN PARK	4	F	PUR SANG	1	0	0	0,00	0,00	0,00	0,00	250
SAWAF	4	H	PUR SANG	2	0	0	0,00	0,00	0,00	0,00	170
PUMBA	4	F	PUR SANG	1	0	0	0,00	0,00	0,00	0,00	335
NAIROBI NIGHTS	4	F	PUR SANG	4	0	0	0,00	0,00	0,00	0,00	215
L AVENTURIER	4	H	PUR SANG	1	0	0	0,00	0,00	0,00	0,00	
HEY FABULOUS	4	H	PUR SANG	1	0	0	0,00	0,00	0,00	0,00	
SUN THE MOON	4	F	PUR SANG	4	0	0	0,00	0,00	0,00	0,00	220
WORLD AMIRAL PARK	4	H	PUR SANG	5	0	0	0,00	0,00	0,00	0,00	180
MONSIEUR BERE	4	H	PUR SANG	3	0	0	0,00	0,00	0,00	0,00	
TILLMOUTH	4	H	PUR SANG	2	0	0	0,00	0,00	0,00	0,00	510
ESCOUBLAC	4	H	PUR SANG	2	0	0	0,00	0,00	0,00	0,00	185
MEMOIRE DU LARGE	4	F	PUR SANG	1	0	0	0,00	0,00	0,00	0,00	
WHIPPY	4	F	PUR SANG	2	0	0	0,00	0,00	0,00	0,00	200
VINTUNA	4	F	PUR SANG	3	0	0	0,00	0,00	0,00	0,00	180
BRAVE FUNY	4	F	PUR SANG	2	0	0	0,00	0,00	0,00	0,00	
TREDCITY	4	F	PUR SANG	2	0	0	0,00	0,00	0,00	0,00	
CHARMANDER	4	M	PUR SANG	3	0	0	0,00	0,00	0,00	0,00	
SANS REGRETS HEM	4	F	PUR SANG	2	0	0	0,00	0,00	0,00	0,00	240
PARAMECIUM	4	H	PUR SANG	1	0	0	0,00	0,00	0,00	0,00	345
ROMANESQUE	4	F	PUR SANG	3	0	0	0,00	0,00	0,00	0,00	230
YOUNG AND PROUD	4	M	PUR SANG	1	0	0	0,00	0,00	0,00	0,00	345
ZIA AGNESE	4	F	PUR SANG	2	0	0	0,00	0,00	0,00	0,00	460
BELLE ROME	4	F	PUR SANG	2	0	0	0,00	0,00	0,00	0,00	240
ANAMALAY	4	H	PUR SANG	6	0	0	0,00	0,00	0,00	0,00	200
DIEGO BELLO	4	H	PUR SANG	3	0	0	0,00	0,00	0,00	0,00	230
MISSCRINIERE	4	F	PUR SANG	1	0	0	0,00	0,00	0,00	0,00	
MEA CULPA	4	H	PUR SANG	1	0	0	0,00	0,00	0,00	0,00	
ZENGEL REBEL TAVEL	4	F	PUR SANG	1	0	0	0,00	0,00	0,00	0,00	
BELLA REBELLE	4	F	PUR SANG	4	0	0	0,00	0,00	0,00	0,00	290
DISARMARINE	4	F	PUR SANG	3	0	0	0,00	0,00	0,00	0,00	180
DADEICOS LAER	4	H	PUR SANG	4	0	0	0,00	0,00	0,00	0,00	165
TIME TO SHIVER	4	F	PUR SANG	4	0	0	0,00	0,00	0,00	0,00	180
BOVOL	4	H	PUR SANG	2	0	0	0,00	0,00	0,00	0,00	
VIRARASA	4	H	PUR SANG	2	0	0	0,00	0,00	0,00	0,00	
ROSES AND DREAM	4	F	PUR SANG	1	0	0	0,00	0,00	0,00	0,00	270
CINNKAT	4	H	PUR SANG	1	0	0	0,00	0,00	0,00	0,00	210
SOURIS BLEUE	4	F	PUR SANG	3	0	0	0,00	0,00	0,00	0,00	
CHIMERIQUE	4	F	PUR SANG	1	0	0	0,00	0,00	0,00	0,00	
MA START UP	4	F	PUR SANG	2	0	0	0,00	0,00	0,00	0,00	265
KEL REGAL D'APACHE	4	F	PUR SANG	3	0	0	0,00	0,00	0,00	0,00	190
BABAAS	4	H	PUR SANG	1	0	0	0,00	0,00	0,00	0,00	
LOUZAMIX	4	H	PUR SANG	1	0	0	0,00	0,00	0,00	0,00	
LA FAILLE	4	F	PUR SANG	2	0	0	0,00	0,00	0,00	0,00	
BENINCA	4	F	PUR SANG	1	0	0	0,00	0,00	0,00	0,00	
BALKIOLO DE PAIX	4	H	PUR SANG	1	0	0	0,00	0,00	0,00	0,00	
KEYANI	4	F	PUR SANG	1	0	0	0,00	0,00	0,00	0,00	
READY	4	H	PUR SANG	2	0	0	0,00	0,00	0,00	0,00	290
IMAYA	4	F	PUR SANG	4	0	0	0,00	0,00	0,00	0,00	185
BAHIA DARNOULT	4	F	PUR SANG	1	0	0	0,00	0,00	0,00	0,00	
MAM'ZELLE DE BALME	4	F	PUR SANG	1	0	0	0,00	0,00	0,00	0,00	
VALLEE DE CAUX	4	F	PUR SANG	2	0	0	0,00	0,00	0,00	0,00	
BELLE VICTORIA	4	F	PUR SANG	4	0	0	0,00	0,00	0,00	0,00	
VICOMT DE BELLOUET	4	H	PUR SANG	1	0	0	0,00	0,00	0,00	0,00	
LIGHT KING	4	H	PUR SANG	2	0	0	0,00	0,00	0,00	0,00	220
MY LINK	4	F	PUR SANG	2	0	0	0,00	0,00	0,00	0,00	
MALICE DES BLINS	4	F	PUR SANG	1	0	0	0,00	0,00	0,00	0,00	
MAGIC MIDGREY	4	H	PUR SANG	5	0	0	0,00	0,00	0,00	0,00	195
BULGROOM	4	F	PUR SANG	6	0	0	0,00	0,00	0,00	0,00	150
BRIGHTON BEACH	4	F	PUR SANG	1	0	0	0,00	0,00	0,00	0,00	200
MONDINE	4	F	PUR SANG	2	0	0	0,00	0,00	0,00	0,00	
GIRAFO	4	H	PUR SANG	3	0	0	0,00	0,00	0,00	0,00	
OUTRENOIR	4	H	PUR SANG	1	0	0	0,00	0,00	0,00	0,00	260
MISTRAL DE COCAGNE	4	H	PUR SANG	5	0	0	0,00	0,00	0,00	0,00	220
YO GANE	4	F	PUR SANG	2	0	0	0,00	0,00	0,00	0,00	
MISS EXCELLENCE	4	F	PUR SANG	1	0	0	0,00	0,00	0,00	0,00	
NOCTAMBULE	4	M	PUR SANG	1	0	0	0,00	0,00	0,00	0,00	510
SILVER BUSINESS	4	H	PUR SANG	1	0	0	0,00	0,00	0,00	0,00	
MACAO ROQUE	4	H	PUR SANG	1	0	0	0,00	0,00	0,00	0,00	500
DIEGO D'ARTOIS	4	H	PUR SANG	4	0	0	0,00	0,00	0,00	0,00	215
OCEAN KINGDOM	4	H	PUR SANG	2	0	0	0,00	0,00	0,00	0,00	185
WAVETEENE D'AUTHIE	4	F	PUR SANG	1	0	0	0,00	0,00	0,00	0,00	
LAFORMUL SANSOUCI	4	F	PUR SANG	1	0	0	0,00	0,00	0,00	0,00	235
SILVER RHYME	4	F	PUR SANG	2	0	0	0,00	0,00	0,00	0,00	
CANZONISSIMA	4	F	PUR SANG	3	0	0	0,00	0,00	0,00	0,00	215
FRESH DADDY	4	H	PUR SANG	2	0	0	0,00	0,00	0,00	0,00	225
FLY BY	4	F	PUR SANG	1	0	0	0,00	0,00	0,00	0,00	
MONZON	4	H	PUR SANG	1	0	0	0,00	0,00	0,00	0,00	290
NIGHT NURSE	4	F	PUR SANG	4	0	0	0,00	0,00	0,00	0,00	
BUCK'S BUNNY	4	H	PUR SANG	1	0	0	0,00	0,00	0,00	0,00	520
MA ORENA	4	F	PUR SANG	2	0	0	0,00	0,00	0,00	0,00	185
MAMZELLE D'AUTHIE	4	F	PUR SANG	1	0	0	0,00	0,00	0,00	0,00	
NOVA LUNA	4	F	PUR SANG	1	0	0	0,00	0,00	0,00	0,00	
MITCHI	4	F	PUR SANG	4	0	0	0,00	0,00	0,00	0,00	185
LENASSI	4	F	PUR SANG	1	0	0	0,00	0,00	0,00	0,00	245
LOUGIE LINK	4	F	PUR SANG	1	0	0	0,00	0,00	0,00	0,00	
UNWAVERING MONARCH	4	F	PUR SANG	1	0	0	0,00	0,00	0,00	0,00	
IRISH QUEEN	4	F	PUR SANG	2	0	0	0,00	0,00	0,00	0,00	
SOURCE CODE	4	M	PUR SANG	3	0	0	0,00	0,00	0,00	0,00	340
BONJOUR MON AMOUR	4	F	PUR SANG	2	0	0	0,00	0,00	0,00	0,00	275
ESPRIT DE LA FORET	4	H	PUR SANG	2	0	0	0,00	0,00	0,00	0,00	530
PERCIVAL	4	H	PUR SANG	1	0	0	0,00	0,00	0,00	0,00	380
RAIDEN	4	H	PUR SANG	2	0	0	0,00	0,00	0,00	0,00	280
LA FLEUR DE PIERRE	4	F	PUR SANG	1	0	0	0,00	0,00	0,00	0,00	260
LAWLIET	4	H	PUR SANG	1	0	0	0,00	0,00	0,00	0,00	370
ANTICIPATION ZERO	4	F	PUR SANG	1	0	0	0,00	0,00	0,00	0,00	325
MAKE BARAKET	4	M	PUR SANG	1	0	0	0,00	0,00	0,00	0,00	270
TOO EMIN	4	H	PUR SANG	2	0	0	0,00	0,00	0,00	0,00	195
TANFEPAS	4	F	PUR SANG	4	0	0	0,00	0,00	0,00	0,00	225
SUPIDO	4	H	PUR SANG	1	0	0	0,00	0,00	0,00	0,00	425
PEPPER SNOW	4	F	PUR SANG	4	0	0	0,00	0,00	0,00	0,00	200
LANTANA	4	F	PUR SANG	2	0	0	0,00	0,00	0,00	0,00	370
KODIACOLOR	4	F	PUR SANG	1	0	0	0,00	0,00	0,00	0,00	345
BRADIANCOURT	4	H	PUR SANG	1	0	0	0,00	0,00	0,00	0,00	315
SOUTH BAY	4	F	PUR SANG	4	0	0	0,00	0,00	0,00	0,00	440
BLAZING SPIRIT	4	F	PUR SANG	2	0	0	0,00	0,00	0,00	0,00	305
MOON CLOUD	4	F	PUR SANG	2	0	0	0,00	0,00	0,00	0,00	475
PACIFISTE	4	M	PUR SANG	1	0	0	0,00	0,00	0,00	0,00	380
RUE ROY	4	F	PUR SANG	1	0	0	0,00	0,00	0,00	0,00	325
VALMACCA	4	F	PUR SANG	2	0	0	0,00	0,00	0,00	0,00	380
BUFFALO WOMAN	4	F	PUR SANG	1	0	0	0,00	0,00	0,00	0,00	285
SUMMER WINE	4	F	PUR SANG	3	0	0	0,00	0,00	0,00	0,00	185
BAILEYS HIGHFLYER	3	F	PUR SANG	1	0	0	0,00	0,00	0,00	0,00	250
LA TCHIKITA	3	F	PUR SANG	2	0	0	0,00	0,00	0,00	0,00	
NEIGE DE JED	3	F	PUR SANG	1	0	0	0,00	0,00	0,00	0,00	
LEROCK	3	H	PUR SANG	1	0	0	0,00	0,00	0,00	0,00	580
NIKAYA SPORT	3	F	PUR SANG	1	0	0	0,00	0,00	0,00	0,00	
ROYAL MARVEL	3	H	PUR SANG	1	0	0	0,00	0,00	0,00	0,00	610
LA PETITE ROSE	3	F	PUR SANG	2	0	0	0,00	0,00	0,00	0,00	
ROSE BODUON	3	F	PUR SANG	1	0	0	0,00	0,00	0,00	0,00	
SO WE PRAY	3	F	PUR SANG	2	0	0	0,00	0,00	0,00	0,00	
REGALANT	3	H	PUR SANG	1	0	0	0,00	0,00	0,00	0,00	
HAPP'INES	3	F	PUR SANG	4	0	0	0,00	0,00	0,00	0,00	260
POLCA	3	F	PUR SANG	3	0	0	0,00	0,00	0,00	0,00	
QALABOURDANE	3	F	PUR SANG	1	0	0	0,00	0,00	0,00	0,00	
ALSOU	3	F	PUR SANG	1	0	0	0,00	0,00	0,00	0,00	
VENETO	3	H	PUR SANG	1	0	0	0,00	0,00	0,00	0,00	
NAIADE BLAGNY	3	F	PUR SANG	2	0	0	0,00	0,00	0,00	0,00	
QUEEN DEDEL	3	F	PUR SANG	2	0	0	0,00	0,00	0,00	0,00	
NARNIA DU LARGE	3	H	PUR SANG	1	0	0	0,00	0,00	0,00	0,00	
SHAMAR CHRISNAT	3	H	PUR SANG	1	0	0	0,00	0,00	0,00	0,00	
TIERRA NUEVA	3	F	PUR SANG	1	0	0	0,00	0,00	0,00	0,00	
BRIZIANO	3	M	PUR SANG	2	0	0	0,00	0,00	0,00	0,00	260
ORANGE SANGUINE	3	F	PUR SANG	1	0	0	0,00	0,00	0,00	0,00	
FAUSTIMINE	3	F	PUR SANG	3	0	0	0,00	0,00	0,00	0,00	
UN POCO MAS	3	H	PUR SANG	1	0	0	0,00	0,00	0,00	0,00	
AREYOUONTHELIST	3	M	PUR SANG	1	0	0	0,00	0,00	0,00	0,00	
SEMPER ADAMAS	3	H	PUR SANG	1	0	0	0,00	0,00	0,00	0,00	
GRIBALINO	3	H	PUR SANG	3	0	0	0,00	0,00	0,00	0,00	280
BLACK BETTY	3	F	PUR SANG	1	0	0	0,00	0,00	0,00	0,00	
FREE STYLE SPIGAO	3	F	PUR SANG	2	0	0	0,00	0,00	0,00	0,00	
NOBLE CAUSE	3	F	PUR SANG	1	0	0	0,00	0,00	0,00	0,00	
DI CHOPE	3	F	PUR SANG	1	0	0	0,00	0,00	0,00	0,00	
SWEET CAROLINA	3	F	PUR SANG	1	0	0	0,00	0,00	0,00	0,00	
BORN TO SUN	3	F	PUR SANG	5	0	0	0,00	0,00	0,00	0,00	
KEEP DREAMING	3	H	PUR SANG	3	0	0	0,00	0,00	0,00	0,00	
DALERIYAN	3	H	PUR SANG	2	0	0	0,00	0,00	0,00	0,00	
BANDAGIRL	3	F	PUR SANG	1	0	0	0,00	0,00	0,00	0,00	
BORSALINO	3	H	PUR SANG	2	0	0	0,00	0,00	0,00	0,00	
CARRYAN	3	H	PUR SANG	1	0	0	0,00	0,00	0,00	0,00	
LIV HARTWOOD	3	F	PUR SANG	5	0	0	0,00	0,00	0,00	0,00	
STORM TRAVELLER	3	H	PUR SANG	1	0	0	0,00	0,00	0,00	0,00	
WIND SPARKLE	3	F	PUR SANG	1	0	0	0,00	0,00	0,00	0,00	
MISSWAKI'JAC	3	F	PUR SANG	3	0	0	0,00	0,00	0,00	0,00	
ZARAK STUD CEN	3	M	PUR SANG	2	0	0	0,00	0,00	0,00	0,00	270
SAURON	3	M	PUR SANG	1	0	0	0,00	0,00	0,00	0,00	270
ELISE	3	F	PUR SANG	2	0	0	0,00	0,00	0,00	0,00	280
WONDER SYMPHONIE	3	F	PUR SANG	2	0	0	0,00	0,00	0,00	0,00	
ODEON TOWER	3	M	PUR SANG	2	0	0	0,00	0,00	0,00	0,00	280
SEPTIEME TERRE	3	H	PUR SANG	2	0	0	0,00	0,00	0,00	0,00	250
PEARL DE NUIT	3	F	PUR SANG	3	0	0	0,00	0,00	0,00	0,00	
DRAGON	3	H	PUR SANG	2	0	0	0,00	0,00	0,00	0,00	
MERI SIVA	3	F	PUR SANG	1	0	0	0,00	0,00	0,00	0,00	
TWICKENHAM	3	M	PUR SANG	1	0	0	0,00	0,00	0,00	0,00	
TIAKOS	3	H	PUR SANG	1	0	0	0,00	0,00	0,00	0,00	
BONNI CHOP	3	M	PUR SANG	2	0	0	0,00	0,00	0,00	0,00	280
CLEA CHOPE	3	F	PUR SANG	2	0	0	0,00	0,00	0,00	0,00	455
KEEL MALPIC	3	F	PUR SANG	2	0	0	0,00	0,00	0,00	0,00	
MALOULO	3	M	PUR SANG	4	0	0	0,00	0,00	0,00	0,00	240
JOLIE MISS	3	F	PUR SANG	4	0	0	0,00	0,00	0,00	0,00	
FIRSTAU CHOPE	3	F	PUR SANG	1	0	0	0,00	0,00	0,00	0,00	280
CIELA	3	F	PUR SANG	1	0	0	0,00	0,00	0,00	0,00	
LIGHT CITY	3	F	PUR SANG	2	0	0	0,00	0,00	0,00	0,00	
GHENGIS KHAN	3	H	PUR SANG	1	0	0	0,00	0,00	0,00	0,00	
SHAROULE	3	M	PUR SANG	2	0	0	0,00	0,00	0,00	0,00	
LIGHTNING SKY	3	M	PUR SANG	1	0	0	0,00	0,00	0,00	0,00	
MARVELLOUS CITY	3	M	PUR SANG	1	0	0	0,00	0,00	0,00	0,00	
PRECISE	3	F	PUR SANG	2	0	0	0,00	0,00	0,00	0,00	250
ALVANI	3	M	PUR SANG	2	0	0	0,00	0,00	0,00	0,00	
QUEEN TAKA	3	F	PUR SANG	1	0	0	0,00	0,00	0,00	0,00	
BYZANTIN	3	H	PUR SANG	1	0	0	0,00	0,00	0,00	0,00	
NOBLESSE D'ANJOU	3	F	PUR SANG	1	0	0	0,00	0,00	0,00	0,00	
TOUZ BAY	3	H	PUR SANG	1	0	0	0,00	0,00	0,00	0,00	
RHIYANNA	3	F	PUR SANG	1	0	0	0,00	0,00	0,00	0,00	465
MOELWYNION	3	H	PUR SANG	1	0	0	0,00	0,00	0,00	0,00	
CUENTISTA	3	H	PUR SANG	3	0	0	0,00	0,00	0,00	0,00	265
AZZOURO	3	M	PUR SANG	2	0	0	0,00	0,00	0,00	0,00	
MASTER QAM	3	M	PUR SANG	2	0	0	0,00	0,00	0,00	0,00	315
LUSON	3	H	PUR SANG	3	0	0	0,00	0,00	0,00	0,00	
NUMA NADAU	3	H	PUR SANG	1	0	0	0,00	0,00	0,00	0,00	
GUJANAIS	3	H	PUR SANG	2	0	0	0,00	0,00	0,00	0,00	250
TOUR TO VANCOUVER	3	F	PUR SANG	2	0	0	0,00	0,00	0,00	0,00	260
GEORGE IS FIRE	3	H	PUR SANG	3	0	0	0,00	0,00	0,00	0,00	
PRETTY GEORGE	3	H	PUR SANG	3	0	0	0,00	0,00	0,00	0,00	
DAME DE LA STELLA	3	F	PUR SANG	1	0	0	0,00	0,00	0,00	0,00	
ELECTRIK DU GRENAT	3	H	PUR SANG	1	0	0	0,00	0,00	0,00	0,00	
STIMULATIVE TRIP	3	F	PUR SANG	2	0	0	0,00	0,00	0,00	0,00	410
YUSCARAN	3	M	PUR SANG	1	0	0	0,00	0,00	0,00	0,00	
MISS YOUMZAIN	3	F	PUR SANG	3	0	0	0,00	0,00	0,00	0,00	230
SILVER EAGLE	3	H	PUR SANG	2	0	0	0,00	0,00	0,00	0,00	
HELLO ZAIN	3	H	PUR SANG	3	0	0	0,00	0,00	0,00	0,00	250
SIR HORNIG	3	M	PUR SANG	1	0	0	0,00	0,00	0,00	0,00	
PHU QUOC	3	H	PUR SANG	1	0	0	0,00	0,00	0,00	0,00	
BAGATELLE	3	F	PUR SANG	1	0	0	0,00	0,00	0,00	0,00	
ESTHETE	3	F	PUR SANG	2	0	0	0,00	0,00	0,00	0,00	295
VENT D'OR	3	M	PUR SANG	5	0	0	0,00	0,00	0,00	0,00	310
GLORY ALLELUIA	3	F	PUR SANG	1	0	0	0,00	0,00	0,00	0,00	
RUBIS DREAMS	3	F	PUR SANG	1	0	0	0,00	0,00	0,00	0,00	
AVISIO	3	H	PUR SANG	1	0	0	0,00	0,00	0,00	0,00	380
ALICIA PRINCESS	3	F	PUR SANG	1	0	0	0,00	0,00	0,00	0,00	
ISTWOOD	3	H	PUR SANG	1	0	0	0,00	0,00	0,00	0,00	
PALAOS	3	H	PUR SANG	1	0	0	0,00	0,00	0,00	0,00	
NEPTUNE LE DUN	3	H	PUR SANG	1	0	0	0,00	0,00	0,00	0,00	
GARTREE	3	M	PUR SANG	2	0	0	0,00	0,00	0,00	0,00	265
BELLO CONDOR	3	H	PUR SANG	2	0	0	0,00	0,00	0,00	0,00	
NOVA DES LITEAUX	3	F	PUR SANG	1	0	0	0,00	0,00	0,00	0,00	275
EXXPERT	3	H	PUR SANG	2	0	0	0,00	0,00	0,00	0,00	350
WOODINA	3	F	PUR SANG	1	0	0	0,00	0,00	0,00	0,00	
BELLOUNIA	3	F	PUR SANG	3	0	0	0,00	0,00	0,00	0,00	260
TIME LIKE A RIVER	3	F	PUR SANG	3	0	0	0,00	0,00	0,00	0,00	
MOONLIGHT STORY	3	F	PUR SANG	1	0	0	0,00	0,00	0,00	0,00	
IRONWOOD	3	F	PUR SANG	2	0	0	0,00	0,00	0,00	0,00	
WOODGIRL	3	F	PUR SANG	2	0	0	0,00	0,00	0,00	0,00	
YOUWANTAPIECEOFME	3	H	PUR SANG	1	0	0	0,00	0,00	0,00	0,00	
MISS DYA	3	F	PUR SANG	4	0	0	0,00	0,00	0,00	0,00	
TARATEEL	3	F	PUR SANG	2	0	0	0,00	0,00	0,00	0,00	370
MYSTERE ZEL	3	F	PUR SANG	1	0	0	0,00	0,00	0,00	0,00	
ANAGRAMME	3	H	PUR SANG	1	0	0	0,00	0,00	0,00	0,00	
STEPHANIE	3	F	PUR SANG	5	0	0	0,00	0,00	0,00	0,00	275
PIANA	3	F	PUR SANG	1	0	0	0,00	0,00	0,00	0,00	405
DORZAL	3	M	PUR SANG	2	0	0	0,00	0,00	0,00	0,00	390
LORD HIGH MASTER	3	H	PUR SANG	5	0	0	0,00	0,00	0,00	0,00	260
MARTELLA	3	F	PUR SANG	1	0	0	0,00	0,00	0,00	0,00	
AVENUE MIA	3	F	PUR SANG	1	0	0	0,00	0,00	0,00	0,00	
STARNADO	3	M	PUR SANG	2	0	0	0,00	0,00	0,00	0,00	
LION MARCHE SEUL	3	H	PUR SANG	2	0	0	0,00	0,00	0,00	0,00	
BOIS DORE	3	H	PUR SANG	1	0	0	0,00	0,00	0,00	0,00	
SAHMAT	3	M	PUR SANG	1	0	0	0,00	0,00	0,00	0,00	
BELLE GRISE	3	F	PUR SANG	1	0	0	0,00	0,00	0,00	0,00	
HIRAYA	3	F	PUR SANG	2	0	0	0,00	0,00	0,00	0,00	
MAILUNE	3	F	PUR SANG	1	0	0	0,00	0,00	0,00	0,00	
RUE DARU	3	F	PUR SANG	1	0	0	0,00	0,00	0,00	0,00	
MARCO AURELIO	3	H	PUR SANG	1	0	0	0,00	0,00	0,00	0,00	280
ROMAN MOON	3	F	PUR SANG	1	0	0	0,00	0,00	0,00	0,00	290
CAPELLE	3	F	PUR SANG	1	0	0	0,00	0,00	0,00	0,00	260
KING OF POP	3	H	PUR SANG	1	0	0	0,00	0,00	0,00	0,00	
JEAN CLAUDE	3	H	PUR SANG	2	0	0	0,00	0,00	0,00	0,00	
SQUARE DU CROISIC	3	H	PUR SANG	1	0	0	0,00	0,00	0,00	0,00	
TAYLOR	3	H	PUR SANG	2	0	0	0,00	0,00	0,00	0,00	
TERRA PROXIMA	3	F	PUR SANG	2	0	0	0,00	0,00	0,00	0,00	
AKIRA BACK	3	H	PUR SANG	1	0	0	0,00	0,00	0,00	0,00	
MAYZA	3	F	PUR SANG	1	0	0	0,00	0,00	0,00	0,00	545
BLUES MOON	3	H	PUR SANG	1	0	0	0,00	0,00	0,00	0,00	
AKENA	3	F	PUR SANG	1	0	0	0,00	0,00	0,00	0,00	
SPRINGSTEEL	3	H	PUR SANG	1	0	0	0,00	0,00	0,00	0,00	
MAIRI POWER	3	F	PUR SANG	3	0	0	0,00	0,00	0,00	0,00	250
PERD PAS L'NORD	3	F	PUR SANG	2	0	0	0,00	0,00	0,00	0,00	280
CHUNKY GIRL	3	F	PUR SANG	1	0	0	0,00	0,00	0,00	0,00	
AS JIM	3	H	PUR SANG	2	0	0	0,00	0,00	0,00	0,00	
LARAYA	3	F	PUR SANG	2	0	0	0,00	0,00	0,00	0,00	
NOBLESSE DE L'ARIE	3	F	PUR SANG	1	0	0	0,00	0,00	0,00	0,00	
I AM WHAT I AM	3	F	PUR SANG	1	0	0	0,00	0,00	0,00	0,00	
ZENITH CITY	3	F	PUR SANG	1	0	0	0,00	0,00	0,00	0,00	
YSER	3	H	PUR SANG	1	0	0	0,00	0,00	0,00	0,00	330
LE NOTABLE	3	H	PUR SANG	1	0	0	0,00	0,00	0,00	0,00	
ISLES DE BATZ	3	H	PUR SANG	1	0	0	0,00	0,00	0,00	0,00	
TRAOULAND FOR EVER	3	H	PUR SANG	5	0	0	0,00	0,00	0,00	0,00	230
ISMERIA	3	F	PUR SANG	1	0	0	0,00	0,00	0,00	0,00	
ABYWAY	3	F	PUR SANG	1	0	0	0,00	0,00	0,00	0,00	
FRANTONIO	3	H	PUR SANG	1	0	0	0,00	0,00	0,00	0,00	
BUGAWAY	3	F	PUR SANG	1	0	0	0,00	0,00	0,00	0,00	
BONBON CHOCOLAT	3	F	PUR SANG	1	0	0	0,00	0,00	0,00	0,00	
MARIE ALICE	3	F	PUR SANG	1	0	0	0,00	0,00	0,00	0,00	310
SILVER DEW	3	F	PUR SANG	4	0	0	0,00	0,00	0,00	0,00	
NOVELA	3	F	PUR SANG	1	0	0	0,00	0,00	0,00	0,00	
CHARLES KEN	3	H	PUR SANG	4	0	0	0,00	0,00	0,00	0,00	275
AUBERVILLE	3	F	PUR SANG	1	0	0	0,00	0,00	0,00	0,00	
AMOURS MULTIPLES	3	F	PUR SANG	2	0	0	0,00	0,00	0,00	0,00	260
EARN DREAM	3	H	PUR SANG	2	0	0	0,00	0,00	0,00	0,00	
MAXOU	3	M	PUR SANG	3	0	0	0,00	0,00	0,00	0,00	
LAST SHOW	3	F	PUR SANG	3	0	0	0,00	0,00	0,00	0,00	
DERAWLINA FIDJIS	3	F	PUR SANG	1	0	0	0,00	0,00	0,00	0,00	
STARSPIRIT GATSBY	3	H	PUR SANG	2	0	0	0,00	0,00	0,00	0,00	635
ESKENDER GLAZ	3	H	PUR SANG	3	0	0	0,00	0,00	0,00	0,00	
FALLINGINLOVE	3	F	PUR SANG	1	0	0	0,00	0,00	0,00	0,00	550
MOON GATSBY	3	F	PUR SANG	2	0	0	0,00	0,00	0,00	0,00	270
MONSIEUR GREY	3	H	PUR SANG	4	0	0	0,00	0,00	0,00	0,00	
ZOOMER	3	H	PUR SANG	1	0	0	0,00	0,00	0,00	0,00	290
WEAH KAIZEN	3	F	PUR SANG	1	0	0	0,00	0,00	0,00	0,00	
SWEET SUMERLY	3	F	PUR SANG	2	0	0	0,00	0,00	0,00	0,00	
MALABA TOISE	3	F	PUR SANG	2	0	0	0,00	0,00	0,00	0,00	
GALIE	3	F	PUR SANG	4	0	0	0,00	0,00	0,00	0,00	
LA SANSONNIERE	3	F	PUR SANG	3	0	0	0,00	0,00	0,00	0,00	
DANA JEM	3	F	PUR SANG	6	0	0	0,00	0,00	0,00	0,00	250
YACOMO	3	M	PUR SANG	1	0	0	0,00	0,00	0,00	0,00	455
AVADREAM	3	F	PUR SANG	2	0	0	0,00	0,00	0,00	0,00	270
PARAMORE	3	F	PUR SANG	1	0	0	0,00	0,00	0,00	0,00	
ROCKSTAR HAS	3	M	PUR SANG	1	0	0	0,00	0,00	0,00	0,00	
NEVERLAND	3	M	PUR SANG	1	0	0	0,00	0,00	0,00	0,00	
NINGER DES CHAMPS	3	F	PUR SANG	1	0	0	0,00	0,00	0,00	0,00	
HOOF HEARTED	3	F	PUR SANG	1	0	0	0,00	0,00	0,00	0,00	
HENJOSTONE	3	F	PUR SANG	2	0	0	0,00	0,00	0,00	0,00	
KARMACOMA	3	F	PUR SANG	4	0	0	0,00	0,00	0,00	0,00	
SQUARE DESNOUETTES	3	H	PUR SANG	1	0	0	0,00	0,00	0,00	0,00	
WIL'DREAM	3	H	PUR SANG	4	0	0	0,00	0,00	0,00	0,00	240
MASTER EMERY	3	H	PUR SANG	2	0	0	0,00	0,00	0,00	0,00	
HERECOMES FINNIGAN	3	H	PUR SANG	1	0	0	0,00	0,00	0,00	0,00	
GRIS NUIT	3	H	PUR SANG	1	0	0	0,00	0,00	0,00	0,00	
MAJESTE'BLAN	3	H	PUR SANG	1	0	0	0,00	0,00	0,00	0,00	
AUGIAS	3	H	PUR SANG	3	0	0	0,00	0,00	0,00	0,00	
ACHILEA CHOPE	3	F	PUR SANG	3	0	0	0,00	0,00	0,00	0,00	270
WANA CHOPE	3	F	PUR SANG	2	0	0	0,00	0,00	0,00	0,00	240
UNICORN DELAFLEUR	3	F	PUR SANG	1	0	0	0,00	0,00	0,00	0,00	260
FEEL THE LOVE	3	F	PUR SANG	1	0	0	0,00	0,00	0,00	0,00	
INVISIBLE FIGHTER	3	M	PUR SANG	2	0	0	0,00	0,00	0,00	0,00	270
CHARMEUR COOL	3	M	PUR SANG	2	0	0	0,00	0,00	0,00	0,00	240
NIGHTSPIRIT BLAGNY	3	M	PUR SANG	1	0	0	0,00	0,00	0,00	0,00	
EYNARD	3	F	PUR SANG	3	0	0	0,00	0,00	0,00	0,00	280
LES YEUX REVOLVER	3	F	PUR SANG	1	0	0	0,00	0,00	0,00	0,00	
SKY IS THE LIMIT	3	H	PUR SANG	2	0	0	0,00	0,00	0,00	0,00	
VICTORYNOX	3	F	PUR SANG	2	0	0	0,00	0,00	0,00	0,00	255
SATEEN BLUE	3	H	PUR SANG	6	0	0	0,00	0,00	0,00	0,00	215
JARRY STARS	3	F	PUR SANG	1	0	0	0,00	0,00	0,00	0,00	
NINJASK	3	H	PUR SANG	1	0	0	0,00	0,00	0,00	0,00	
NALINE	3	F	PUR SANG	2	0	0	0,00	0,00	0,00	0,00	
MILORD'INOR	3	H	PUR SANG	2	0	0	0,00	0,00	0,00	0,00	
ELLIE'S SECRET	3	F	PUR SANG	1	0	0	0,00	0,00	0,00	0,00	
GREAT TIME	3	H	PUR SANG	1	0	0	0,00	0,00	0,00	0,00	
HATSLIANA	3	F	PUR SANG	3	0	0	0,00	0,00	0,00	0,00	245
ARRADON	3	H	PUR SANG	3	0	0	0,00	0,00	0,00	0,00	
TAMKHARITE	3	F	PUR SANG	3	0	0	0,00	0,00	0,00	0,00	
NUANCE DES ONGRAIS	3	F	PUR SANG	1	0	0	0,00	0,00	0,00	0,00	
NOVA BAIE	3	F	PUR SANG	1	0	0	0,00	0,00	0,00	0,00	
NOURAIN	3	F	PUR SANG	2	0	0	0,00	0,00	0,00	0,00	
DREAM D'ARMOR	3	F	PUR SANG	1	0	0	0,00	0,00	0,00	0,00	550
MAZARA	3	F	PUR SANG	2	0	0	0,00	0,00	0,00	0,00	320
KALLI MALPIC	3	F	PUR SANG	3	0	0	0,00	0,00	0,00	0,00	220
LA LLOSA	3	F	PUR SANG	1	0	0	0,00	0,00	0,00	0,00	410
WOZ NOT WOZ	3	F	PUR SANG	2	0	0	0,00	0,00	0,00	0,00	
PILOTE DE CHARME	3	M	PUR SANG	2	0	0	0,00	0,00	0,00	0,00	
SUGARCANE	3	F	PUR SANG	4	0	0	0,00	0,00	0,00	0,00	315
BONJOUR PARIS	3	H	PUR SANG	1	0	0	0,00	0,00	0,00	0,00	
EPONA DES MOTTES	3	F	PUR SANG	2	0	0	0,00	0,00	0,00	0,00	
CHRISTIANOPOLO	3	H	PUR SANG	1	0	0	0,00	0,00	0,00	0,00	
JAMESIA	3	F	PUR SANG	1	0	0	0,00	0,00	0,00	0,00	
SMALL MOON	3	F	PUR SANG	2	0	0	0,00	0,00	0,00	0,00	
INCOMPRISE	3	F	PUR SANG	1	0	0	0,00	0,00	0,00	0,00	
SAINT URIEL	3	M	PUR SANG	1	0	0	0,00	0,00	0,00	0,00	
MARIA DEL FISH	3	F	PUR SANG	2	0	0	0,00	0,00	0,00	0,00	
NICOSIE ESSEF	3	F	PUR SANG	1	0	0	0,00	0,00	0,00	0,00	
PEPPONE	3	H	PUR SANG	1	0	0	0,00	0,00	0,00	0,00	
MIRMINE	3	M	PUR SANG	3	0	0	0,00	0,00	0,00	0,00	250
TEARDROP	3	F	PUR SANG	1	0	0	0,00	0,00	0,00	0,00	
WOODSHINE	3	F	PUR SANG	6	0	0	0,00	0,00	0,00	0,00	210
ROXANNE TAVEL	3	F	PUR SANG	2	0	0	0,00	0,00	0,00	0,00	
CHERIE DES BRIERES	3	F	PUR SANG	1	0	0	0,00	0,00	0,00	0,00	545
MARCHIONESS BIRCH	3	F	PUR SANG	2	0	0	0,00	0,00	0,00	0,00	265
MA BIRCH	3	F	PUR SANG	2	0	0	0,00	0,00	0,00	0,00	250
SEVERAC	3	H	PUR SANG	2	0	0	0,00	0,00	0,00	0,00	595
ZAKYALA	3	F	PUR SANG	1	0	0	0,00	0,00	0,00	0,00	290
BIBI DU MOULIN	3	F	PUR SANG	4	0	0	0,00	0,00	0,00	0,00	
ROSE DU MOULIN	3	F	PUR SANG	1	0	0	0,00	0,00	0,00	0,00	
UNEHISTOIREANODINE	3	F	PUR SANG	4	0	0	0,00	0,00	0,00	0,00	235
NORCISCO	3	H	PUR SANG	2	0	0	0,00	0,00	0,00	0,00	
ALBATROS DU VENT	3	H	PUR SANG	2	0	0	0,00	0,00	0,00	0,00	
DUCK CRY	3	H	PUR SANG	2	0	0	0,00	0,00	0,00	0,00	
JAKAYA DU MAZET	3	F	PUR SANG	4	0	0	0,00	0,00	0,00	0,00	230
EVAWOOD	3	F	PUR SANG	1	0	0	0,00	0,00	0,00	0,00	
LOVAWOOD	3	F	PUR SANG	2	0	0	0,00	0,00	0,00	0,00	
PEPSI DES BERNETS	3	H	PUR SANG	2	0	0	0,00	0,00	0,00	0,00	
ROCKY DU HOULEY	3	H	PUR SANG	3	0	0	0,00	0,00	0,00	0,00	
EFFET MER	3	F	PUR SANG	3	0	0	0,00	0,00	0,00	0,00	260
ARMEN DU RAZ	3	F	PUR SANG	2	0	0	0,00	0,00	0,00	0,00	
SPANISH LADY MOON	3	F	PUR SANG	1	0	0	0,00	0,00	0,00	0,00	
PALMYRA	3	F	PUR SANG	2	0	0	0,00	0,00	0,00	0,00	
XTREME	3	H	PUR SANG	1	0	0	0,00	0,00	0,00	0,00	
ZALINA	3	F	PUR SANG	2	0	0	0,00	0,00	0,00	0,00	405
LITTLE HAVANA	3	F	PUR SANG	3	0	0	0,00	0,00	0,00	0,00	250
SUPERNATURE	3	F	PUR SANG	1	0	0	0,00	0,00	0,00	0,00	
SEA THE STORM	3	F	PUR SANG	1	0	0	0,00	0,00	0,00	0,00	425
HALF MOON BAY	3	H	PUR SANG	1	0	0	0,00	0,00	0,00	0,00	
TOSCANE	3	F	PUR SANG	1	0	0	0,00	0,00	0,00	0,00	
ALL EYEZ ON ME	3	H	PUR SANG	1	0	0	0,00	0,00	0,00	0,00	
MOON FEVER	3	F	PUR SANG	1	0	0	0,00	0,00	0,00	0,00	
WALDBLUES	3	F	PUR SANG	1	0	0	0,00	0,00	0,00	0,00	
QANIPA	3	F	PUR SANG	1	0	0	0,00	0,00	0,00	0,00	
NEW COMMANDER	3	M	PUR SANG	1	0	0	0,00	0,00	0,00	0,00	
SAVE THE DATE	3	F	PUR SANG	2	0	0	0,00	0,00	0,00	0,00	
VILLA D'ESTE	3	F	PUR SANG	1	0	0	0,00	0,00	0,00	0,00	
MASHA	3	F	PUR SANG	2	0	0	0,00	0,00	0,00	0,00	305
AVENUE DE MESSINE	3	F	PUR SANG	1	0	0	0,00	0,00	0,00	0,00	
HALF SOVEREIGN	3	F	PUR SANG	2	0	0	0,00	0,00	0,00	0,00	475
MURMURATIONS	3	F	PUR SANG	2	0	0	0,00	0,00	0,00	0,00	
AURORIAN CLOUDS	3	H	PUR SANG	1	0	0	0,00	0,00	0,00	0,00	400
MRS THUNDERBOLT	3	F	PUR SANG	1	0	0	0,00	0,00	0,00	0,00	
AY	3	H	PUR SANG	1	0	0	0,00	0,00	0,00	0,00	240
OXAGON	3	H	PUR SANG	1	0	0	0,00	0,00	0,00	0,00	505
BALEINE	3	F	PUR SANG	2	0	0	0,00	0,00	0,00	0,00	250
AGNUS DEI	3	M	PUR SANG	2	0	0	0,00	0,00	0,00	0,00	
MARMOUZ	3	H	PUR SANG	1	0	0	0,00	0,00	0,00	0,00	
AFFAIRISTE	3	M	PUR SANG	3	0	0	0,00	0,00	0,00	0,00	270
UNE GRAVURE	3	F	PUR SANG	1	0	0	0,00	0,00	0,00	0,00	355
FANATICAL	3	F	PUR SANG	3	0	0	0,00	0,00	0,00	0,00	275
ZANTHOS	3	F	PUR SANG	1	0	0	0,00	0,00	0,00	0,00	
UN PTI TRUC ENPLUS	3	M	PUR SANG	1	0	0	0,00	0,00	0,00	0,00	265
PEPIER	3	H	PUR SANG	1	0	0	0,00	0,00	0,00	0,00	325
ARTISTA	3	F	PUR SANG	2	0	0	0,00	0,00	0,00	0,00	
FELDAFING	3	F	PUR SANG	1	0	0	0,00	0,00	0,00	0,00	
SEA BREEZE CEN	3	F	PUR SANG	1	0	0	0,00	0,00	0,00	0,00	
KALSARIKANNIT	3	H	PUR SANG	1	0	0	0,00	0,00	0,00	0,00	
NOLITA STAR	3	F	PUR SANG	2	0	0	0,00	0,00	0,00	0,00	285
BABY JOY	3	F	PUR SANG	3	0	0	0,00	0,00	0,00	0,00	
STEFFENOVA	3	F	PUR SANG	4	0	0	0,00	0,00	0,00	0,00	260
LADY CADRAN	2	F	PUR SANG	1	0	0	0,00	0,00	0,00	0,00	
MISS GATSBY	2	F	PUR SANG	1	0	0	0,00	0,00	0,00	0,00	
MIRYACALE	2	F	PUR SANG	1	0	0	0,00	0,00	0,00	0,00	
KORONTANA BE	2	M	PUR SANG	3	0	0	0,00	0,00	0,00	0,00	
SYNNEFIA	2	F	PUR SANG	1	0	0	0,00	0,00	0,00	0,00	
MAXIMUS	2	M	PUR SANG	2	0	0	0,00	0,00	0,00	0,00	
PRINCE D'AZUR	2	M	PUR SANG	1	0	0	0,00	0,00	0,00	0,00	
ADVISOR	2	M	PUR SANG	1	0	0	0,00	0,00	0,00	0,00	
GOLDEN PACO	2	M	PUR SANG	2	0	0	0,00	0,00	0,00	0,00	
COCO BEACH	2	M	PUR SANG	1	0	0	0,00	0,00	0,00	0,00	
GOTELLO	2	M	PUR SANG	1	0	0	0,00	0,00	0,00	0,00	
MISS RETRO	2	F	PUR SANG	1	0	0	0,00	0,00	0,00	0,00	
ORIZADA	2	F	PUR SANG	1	0	0	0,00	0,00	0,00	0,00	
CHICA LATINA	2	F	PUR SANG	1	0	0	0,00	0,00	0,00	0,00	
MAX WIN	2	F	PUR SANG	1	0	0	0,00	0,00	0,00	0,00	
SO COOL	2	M	PUR SANG	1	0	0	0,00	0,00	0,00	0,00	
TEXGOLD	2	H	PUR SANG	1	0	0	0,00	0,00	0,00	0,00	
OSCAR DE SKIRT	2	M	PUR SANG	2	0	0	0,00	0,00	0,00	0,00	
ALYA CHOPE	2	F	PUR SANG	1	0	0	0,00	0,00	0,00	0,00	
SPIA CHOP	2	M	PUR SANG	1	0	0	0,00	0,00	0,00	0,00	
WAIWERA MIA	2	F	PUR SANG	1	0	0	0,00	0,00	0,00	0,00	
MUHARA MOON	2	F	PUR SANG	1	0	0	0,00	0,00	0,00	0,00	
SALVADOR JUNIOR	2	M	PUR SANG	1	0	0	0,00	0,00	0,00	0,00	
DARSHKAN	2	M	PUR SANG	3	0	0	0,00	0,00	0,00	0,00	
MANZARAKA	2	F	PUR SANG	1	0	0	0,00	0,00	0,00	0,00	
PERLE DE LUNE	2	F	PUR SANG	2	0	0	0,00	0,00	0,00	0,00	
WOODOO CHILD	2	H	PUR SANG	1	0	0	0,00	0,00	0,00	0,00	
VIETTEOFCOURSES	2	F	PUR SANG	1	0	0	0,00	0,00	0,00	0,00	
TRIUMPH RETURN	2	M	PUR SANG	3	0	0	0,00	0,00	0,00	0,00	300
BISOUS SINCERES	2	M	PUR SANG	2	0	0	0,00	0,00	0,00	0,00	
LES COSMIQUES	2	F	PUR SANG	1	0	0	0,00	0,00	0,00	0,00	
CARMENNA	2	F	PUR SANG	1	0	0	0,00	0,00	0,00	0,00	
FLAMING ROSE	2	F	PUR SANG	1	0	0	0,00	0,00	0,00	0,00	
PERSIAN SAMA	2	F	PUR SANG	1	0	0	0,00	0,00	0,00	0,00	
OREA DE ROMAY	2	F	PUR SANG	1	0	0	0,00	0,00	0,00	0,00	
L'ESPAGNOL	2	H	PUR SANG	1	0	0	0,00	0,00	0,00	0,00	
SEAVELY	2	H	PUR SANG	2	0	0	0,00	0,00	0,00	0,00	
KUKINHA	2	F	PUR SANG	1	0	0	0,00	0,00	0,00	0,00	
FAHRENHEIT	2	M	PUR SANG	1	0	0	0,00	0,00	0,00	0,00	
FENIAN	2	M	PUR SANG	1	0	0	0,00	0,00	0,00	0,00	
VICTORSTRUNG	2	M	PUR SANG	1	0	0	0,00	0,00	0,00	0,00	
DOJAINA	2	F	PUR SANG	1	0	0	0,00	0,00	0,00	0,00	
NUMERI HOOVES	2	M	PUR SANG	1	0	0	0,00	0,00	0,00	0,00	
QUEEN OF SPADES	2	F	PUR SANG	1	0	0	0,00	0,00	0,00	0,00	
SPLENDIDA ONE	2	F	PUR SANG	2	0	0	0,00	0,00	0,00	0,00	
FABELLA	2	M	PUR SANG	2	0	0	0,00	0,00	0,00	0,00	
ELROMA	2	F	PUR SANG	1	0	0	0,00	0,00	0,00	0,00	
DONT YOU THINK	2	F	PUR SANG	3	0	0	0,00	0,00	0,00	0,00	300
FILLE D ARTISTE	2	F	PUR SANG	1	0	0	0,00	0,00	0,00	0,00	
ECLIPTIC	2	H	PUR SANG	1	0	0	0,00	0,00	0,00	0,00	
CHOIX DU CHAT	2	H	PUR SANG	1	0	0	0,00	0,00	0,00	0,00	
WAL HUNTER'S	2	M	PUR SANG	1	0	0	0,00	0,00	0,00	0,00	
PELUQUERO	2	M	PUR SANG	1	0	0	0,00	0,00	0,00	0,00	
NAUTILUS PARK	2	H	PUR SANG	1	0	0	0,00	0,00	0,00	0,00	
AL AHYAASHI	2	H	PUR SANG	1	0	0	0,00	0,00	0,00	0,00	
LADY VALKYRIA	2	F	PUR SANG	1	0	0	0,00	0,00	0,00	0,00	
NOWHERE MAN	2	M	PUR SANG	2	0	0	0,00	0,00	0,00	0,00	
MERI SHAKTI	2	F	PUR SANG	1	0	0	0,00	0,00	0,00	0,00	
SYRIUS	2	M	PUR SANG	1	0	0	0,00	0,00	0,00	0,00	
EGLANTINE	2	F	PUR SANG	3	0	0	0,00	0,00	0,00	0,00	305
BALMA	2	M	PUR SANG	2	0	0	0,00	0,00	0,00	0,00	
POINTE NOIRE	2	F	PUR SANG	1	0	0	0,00	0,00	0,00	0,00	
ROMANTIC DUBAI	2	M	PUR SANG	1	0	0	0,00	0,00	0,00	0,00	
SEA DIAMOND	2	F	PUR SANG	1	0	0	0,00	0,00	0,00	0,00	
HERHONOUR	2	F	PUR SANG	1	0	0	0,00	0,00	0,00	0,00	
NEW EVE	2	F	PUR SANG	1	0	0	0,00	0,00	0,00	0,00	
VIVIANNE	2	F	PUR SANG	1	0	0	0,00	0,00	0,00	0,00	
ROUGE PERRIERS	2	F	PUR SANG	1	0	0	0,00	0,00	0,00	0,00	
NATLY	2	M	PUR SANG	1	0	0	0,00	0,00	0,00	0,00	
CAPITAINE CHARLIE	2	F	PUR SANG	1	0	0	0,00	0,00	0,00	0,00	
HERMES DU HAUT	2	F	PUR SANG	1	0	0	0,00	0,00	0,00	0,00	
KANCHANA	2	F	PUR SANG	1	0	0	0,00	0,00	0,00	0,00	
KASA AMORE	2	F	PUR SANG	2	0	0	0,00	0,00	0,00	0,00	
AMIDABI	2	F	PUR SANG	1	0	0	0,00	0,00	0,00	0,00	
SHARON	2	H	PUR SANG	3	0	0	0,00	0,00	0,00	0,00	
CALINEDENUIT	2	F	PUR SANG	2	0	0	0,00	0,00	0,00	0,00	
MADRASSE	2	M	PUR SANG	1	0	0	0,00	0,00	0,00	0,00	
FETE DE TROP	2	F	PUR SANG	3	0	0	0,00	0,00	0,00	0,00	300
NAKAIA	2	F	PUR SANG	1	0	0	0,00	0,00	0,00	0,00	
OPAL FAL	2	M	PUR SANG	1	0	0	0,00	0,00	0,00	0,00	
BANDERRAS	2	F	PUR SANG	1	0	0	0,00	0,00	0,00	0,00	
QUEEN OF QUEENS	2	F	PUR SANG	1	0	0	0,00	0,00	0,00	0,00	
SEAL THE DEAL	2	H	PUR SANG	1	0	0	0,00	0,00	0,00	0,00	
ALGARADE	2	F	PUR SANG	2	0	0	0,00	0,00	0,00	0,00	
CORMAC	2	M	PUR SANG	1	0	0	0,00	0,00	0,00	0,00	
MR DOMID'OR	2	M	PUR SANG	1	0	0	0,00	0,00	0,00	0,00	
SANTO NAK	2	M	PUR SANG	1	0	0	0,00	0,00	0,00	0,00	
FINACRA FAL	2	F	PUR SANG	1	0	0	0,00	0,00	0,00	0,00	
TOKYO DREAMS	2	F	PUR SANG	1	0	0	0,00	0,00	0,00	0,00	
ROCCAPINA	2	F	PUR SANG	1	0	0	0,00	0,00	0,00	0,00	
MAYALILY	2	F	PUR SANG	1	0	0	0,00	0,00	0,00	0,00	
ALDAYEN	2	F	PUR SANG	1	0	0	0,00	0,00	0,00	0,00	
TOMAN	2	M	PUR SANG	1	0	0	0,00	0,00	0,00	0,00	
ARMY WOMEN	2	F	PUR SANG	1	0	0	0,00	0,00	0,00	0,00	
GAFARA	2	F	PUR SANG	1	0	0	0,00	0,00	0,00	0,00	
WITHIOU FAL	2	M	PUR SANG	1	0	0	0,00	0,00	0,00	0,00	
SEVEN BLUES	2	F	PUR SANG	2	0	0	0,00	0,00	0,00	0,00	
CAMDEN	2	M	PUR SANG	1	0	0	0,00	0,00	0,00	0,00	
MAJESTIC PEARL	2	F	PUR SANG	1	0	0	0,00	0,00	0,00	0,00	
CORRADO	2	M	PUR SANG	1	0	0	0,00	0,00	0,00	0,00	
GIMLI RUSH	2	M	PUR SANG	1	0	0	0,00	0,00	0,00	0,00	
ONE SHOT	2	M	PUR SANG	3	0	0	0,00	0,00	0,00	0,00	
STATE KING	2	M	PUR SANG	1	0	0	0,00	0,00	0,00	0,00	
SKYWARDS	2	F	PUR SANG	1	0	0	0,00	0,00	0,00	0,00	
WE RIDE THE WORLD	11	H	PUR SANG	4	0	0	0,00	0,00	0,00	0,00	345
SHIELDING	12	H	PUR SANG	1	0	0	0,00	0,00	0,00	0,00	320
SOHO VICKY	10	F	PUR SANG	4	0	0	0,00	0,00	0,00	0,00	155
ADRASTINA	11	F	PUR SANG	1	0	0	0,00	0,00	0,00	0,00	150
OXALIS	9	H	PUR SANG	1	0	0	0,00	0,00	0,00	0,00	340
MISS ROAZHON	9	F	PUR SANG	2	0	0	0,00	0,00	0,00	0,00	205
CINQUAIN	10	F	PUR SANG	2	0	0	0,00	0,00	0,00	0,00	150
AVERNES	8	F	PUR SANG	1	0	0	0,00	0,00	0,00	0,00	315
FARAHNAZ	7	F	PUR SANG	4	0	0	0,00	0,00	0,00	0,00	200
SIETE MISTERIOS	7	H	PUR SANG	1	0	0	0,00	0,00	0,00	0,00	280
MITARC	8	M	PUR SANG	4	0	0	0,00	0,00	0,00	0,00	150
FLAMINGO HOLLOW	8	H	PUR SANG	1	0	0	0,00	0,00	0,00	0,00	300
WE GET BY	8	H	PUR SANG	1	0	0	0,00	0,00	0,00	0,00	165
REGIONAL	8	H	PUR SANG	1	0	0	0,00	0,00	0,00	0,00	500
LOS ANGELES	8	H	PUR SANG	1	0	0	0,00	0,00	0,00	0,00	260
JUREER	8	H	PUR SANG	2	0	0	0,00	0,00	0,00	0,00	240
ACREGATE	7	H	PUR SANG	1	0	0	0,00	0,00	0,00	0,00	185
WOODY WOOD	8	H	PUR SANG	1	0	0	0,00	0,00	0,00	0,00	350
AMELIELYMPIQUE	6	F	PUR SANG	2	0	0	0,00	0,00	0,00	0,00	320
MGHEERA	6	F	PUR SANG	1	0	0	0,00	0,00	0,00	0,00	475
OCEAN DIAMOND	8	H	PUR SANG	1	0	0	0,00	0,00	0,00	0,00	295
MUGUETAJARRA	9	H	PUR SANG	1	0	0	0,00	0,00	0,00	0,00	
MITBAAHY	7	H	PUR SANG	1	0	0	0,00	0,00	0,00	0,00	485
UNEXPECTED GIRL	5	F	PUR SANG	1	0	0	0,00	0,00	0,00	0,00	220
TOLLARD ROYAL	7	H	PUR SANG	1	0	0	0,00	0,00	0,00	0,00	225
MONTEILLE	5	F	PUR SANG	1	0	0	0,00	0,00	0,00	0,00	485
SIOUX LIFE	5	F	PUR SANG	1	0	0	0,00	0,00	0,00	0,00	460
MEMENTO MORI	7	H	PUR SANG	1	0	0	0,00	0,00	0,00	0,00	
AMILY	6	F	PUR SANG	2	0	0	0,00	0,00	0,00	0,00	440
BREATHE ON	5	F	PUR SANG	3	0	0	0,00	0,00	0,00	0,00	160
MILLAR	4	M	PUR SANG	3	0	0	0,00	0,00	0,00	0,00	355
COMMING PULSE	7	F	PUR SANG	1	0	0	0,00	0,00	0,00	0,00	290
ARNAGA	4	F	PUR SANG	6	0	0	0,00	0,00	0,00	0,00	195
TIM TOP	4	F	PUR SANG	1	0	0	0,00	0,00	0,00	0,00	295
NEW WAY BABY	4	F	PUR SANG	4	0	0	0,00	0,00	0,00	0,00	250
UTHER	4	H	PUR SANG	1	0	0	0,00	0,00	0,00	0,00	490
ARTISTIC MAN	4	M	PUR SANG	2	0	0	0,00	0,00	0,00	0,00	315
SIX KINGS	4	H	PUR SANG	1	0	0	0,00	0,00	0,00	0,00	
BARITON BEAR	4	H	PUR SANG	2	0	0	0,00	0,00	0,00	0,00	275
SAN FANTASMA	4	F	PUR SANG	3	0	0	0,00	0,00	0,00	0,00	215
FRANCESCOLI	4	H	PUR SANG	1	0	0	0,00	0,00	0,00	0,00	340
WELCH FUSILIER	6	H	PUR SANG	1	0	0	0,00	0,00	0,00	0,00	235
VILLAIRES	6	M	PUR SANG	4	0	0	0,00	0,00	0,00	0,00	320
HOSAKA	4	F	PUR SANG	2	0	0	0,00	0,00	0,00	0,00	250
REINE DE MEDICIS	4	F	PUR SANG	2	0	0	0,00	0,00	0,00	0,00	415
EXCHANGE SQUARE	4	F	PUR SANG	1	0	0	0,00	0,00	0,00	0,00	315
MILL LANE	5	H	PUR SANG	4	0	0	0,00	0,00	0,00	0,00	150
MARINER BOY	4	H	PUR SANG	3	0	0	0,00	0,00	0,00	0,00	275
DAYANA AL GUNAY	5	F	PUR SANG	1	0	0	0,00	0,00	0,00	0,00	
CLEOPATRA AL GUNAY	5	F	PUR SANG	1	0	0	0,00	0,00	0,00	0,00	240
PASHA AL GUNAY	5	M	PUR SANG	3	0	0	0,00	0,00	0,00	0,00	250
DANCE AHEAD	6	H	PUR SANG	2	0	0	0,00	0,00	0,00	0,00	255
PHILIPPO	6	M	PUR SANG	1	0	0	0,00	0,00	0,00	0,00	420
SANTO	5	H	PUR SANG	3	0	0	0,00	0,00	0,00	0,00	245
SUPERMAX	4	H	PUR SANG	2	0	0	0,00	0,00	0,00	0,00	255
QUEEN'S REIGN	5	F	PUR SANG	1	0	0	0,00	0,00	0,00	0,00	
BONDINI	5	F	PUR SANG	1	0	0	0,00	0,00	0,00	0,00	185
ISFAND	5	F	PUR SANG	1	0	0	0,00	0,00	0,00	0,00	400
MAEVA'S STAR	3	F	PUR SANG	1	0	0	0,00	0,00	0,00	0,00	305
FAST TRACKER	5	H	PUR SANG	1	0	0	0,00	0,00	0,00	0,00	
LA LA VANDE	3	F	PUR SANG	1	0	0	0,00	0,00	0,00	0,00	
LISICLES	7	M	PUR SANG	3	0	0	0,00	0,00	0,00	0,00	395
BEAUTIFUL DIAMOND	5	F	PUR SANG	1	0	0	0,00	0,00	0,00	0,00	460
REAL LOVE	5	F	PUR SANG	1	0	0	0,00	0,00	0,00	0,00	
WILD COOPER	3	H	PUR SANG	2	0	0	0,00	0,00	0,00	0,00	
BAVAROISE	3	F	PUR SANG	2	0	0	0,00	0,00	0,00	0,00	250
GLAMOURDALE	4	H	PUR SANG	2	0	0	0,00	0,00	0,00	0,00	265
REINE DU CIEL	4	F	PUR SANG	1	0	0	0,00	0,00	0,00	0,00	315
MESSINA	5	F	PUR SANG	1	0	0	0,00	0,00	0,00	0,00	345
CTE DU BERGER	3	H	PUR SANG	1	0	0	0,00	0,00	0,00	0,00	
BREEZE D'AUTEUIL	5	H	PUR SANG	1	0	0	0,00	0,00	0,00	0,00	440
DRESSMAN	6	H	PUR SANG	1	0	0	0,00	0,00	0,00	0,00	345
AKAYA	3	F	PUR SANG	1	0	0	0,00	0,00	0,00	0,00	
CLEOPATRE	4	F	PUR SANG	1	0	0	0,00	0,00	0,00	0,00	235
SONNY ANGEL	3	F	PUR SANG	2	0	0	0,00	0,00	0,00	0,00	
EPSOM NAVY CEN	3	M	PUR SANG	1	0	0	0,00	0,00	0,00	0,00	
UNION HELPER CEN	3	F	PUR SANG	2	0	0	0,00	0,00	0,00	0,00	335
AUSSIE TEMPER CEN	3	F	PUR SANG	2	0	0	0,00	0,00	0,00	0,00	
WARREN HILL	4	H	PUR SANG	1	0	0	0,00	0,00	0,00	0,00	
ESTONIA MOON	5	H	PUR SANG	1	0	0	0,00	0,00	0,00	0,00	155
ABSOLUTO	3	H	PUR SANG	3	0	0	0,00	0,00	0,00	0,00	250
SWEET OHANA	3	F	PUR SANG	1	0	0	0,00	0,00	0,00	0,00	
MISS OXFORD	5	F	PUR SANG	2	0	0	0,00	0,00	0,00	0,00	405
NUGHAYA FAL	3	F	PUR SANG	4	0	0	0,00	0,00	0,00	0,00	250
MARIOENTO	5	H	PUR SANG	2	0	0	0,00	0,00	0,00	0,00	220
SPARKS FLY	6	F	PUR SANG	1	0	0	0,00	0,00	0,00	0,00	
TIME GOES ON	4	F	PUR SANG	3	0	0	0,00	0,00	0,00	0,00	350
LA BONNE ETOILE	4	F	PUR SANG	3	0	0	0,00	0,00	0,00	0,00	385
LOVEBIRD	6	F	PUR SANG	1	0	0	0,00	0,00	0,00	0,00	190
ZOUM ZOUM	5	H	PUR SANG	1	0	0	0,00	0,00	0,00	0,00	460
CLIMATIC	4	H	PUR SANG	2	0	0	0,00	0,00	0,00	0,00	495
REBEL MOON	3	F	PUR SANG	1	0	0	0,00	0,00	0,00	0,00	490
NIKAIA	3	F	PUR SANG	1	0	0	0,00	0,00	0,00	0,00	
KECH	3	H	PUR SANG	1	0	0	0,00	0,00	0,00	0,00	
PIETRA FORTUNATA	3	F	PUR SANG	1	0	0	0,00	0,00	0,00	0,00	
WONDER STAR	4	F	PUR SANG	1	0	0	0,00	0,00	0,00	0,00	
CONSENT	4	F	PUR SANG	1	0	0	0,00	0,00	0,00	0,00	
ROOFOFTHEWORLD	5	H	PUR SANG	1	0	0	0,00	0,00	0,00	0,00	180
ULURU	5	F	PUR SANG	1	0	0	0,00	0,00	0,00	0,00	440
PERSIAN SUN	4	H	PUR SANG	2	0	0	0,00	0,00	0,00	0,00	240
LARRY WINK	3	M	PUR SANG	3	0	0	0,00	0,00	0,00	0,00	300
EGGLESTON	4	M	PUR SANG	1	0	0	0,00	0,00	0,00	0,00	310
WHITE SHAMROCK	4	F	PUR SANG	1	0	0	0,00	0,00	0,00	0,00	360
CLASSIC SOVEREIGN	4	H	PUR SANG	3	0	0	0,00	0,00	0,00	0,00	310
KHYRILOVITCH	4	M	PUR SANG	1	0	0	0,00	0,00	0,00	0,00	260
SMERWICK	4	F	PUR SANG	2	0	0	0,00	0,00	0,00	0,00	290
PEONE	4	H	PUR SANG	4	0	0	0,00	0,00	0,00	0,00	185
FRANCIGENA	3	F	PUR SANG	2	0	0	0,00	0,00	0,00	0,00	
LILI MARLEEN	4	F	PUR SANG	2	0	0	0,00	0,00	0,00	0,00	320
RIKI SAN	2	H	PUR SANG	1	0	0	0,00	0,00	0,00	0,00	
HAND OF GOD	5	H	PUR SANG	1	0	0	0,00	0,00	0,00	0,00	485
DRIBBLE	2	M	PUR SANG	1	0	0	0,00	0,00	0,00	0,00	
KIMBAL	2	M	PUR SANG	1	0	0	0,00	0,00	0,00	0,00	
GARUDA	5	F	PUR SANG	1	0	0	0,00	0,00	0,00	0,00	190
DAKOTA GRACE	3	F	PUR SANG	3	0	0	0,00	0,00	0,00	0,00	285
BALTIC JUBILEE	3	F	PUR SANG	2	0	0	0,00	0,00	0,00	0,00	
LA TRAVERSETTE	3	F	PUR SANG	3	0	0	0,00	0,00	0,00	0,00	300
FELICITAS	3	F	PUR SANG	1	0	0	0,00	0,00	0,00	0,00	465
MARILLEVA	3	F	PUR SANG	1	0	0	0,00	0,00	0,00	0,00	
VEGA'S MUSE	4	F	PUR SANG	1	0	0	0,00	0,00	0,00	0,00	375
HOLA FLACA	2	F	PUR SANG	1	0	0	0,00	0,00	0,00	0,00	
SAME RULES APPLY	4	H	PUR SANG	2	0	0	0,00	0,00	0,00	0,00	270
ART MARKET	4	H	PUR SANG	1	0	0	0,00	0,00	0,00	0,00	340
CIRCINUS	3	H	PUR SANG	2	0	0	0,00	0,00	0,00	0,00	
FRANKINI	4	H	PUR SANG	2	0	0	0,00	0,00	0,00	0,00	315
ALL LUCKY	2	F	PUR SANG	2	0	0	0,00	0,00	0,00	0,00	
MAG MAS	2	H	PUR SANG	1	0	0	0,00	0,00	0,00	0,00	
EL ETERNITY	4	H	PUR SANG	1	0	0	0,00	0,00	0,00	0,00	
CARDINAL POINT	4	F	PUR SANG	1	0	0	0,00	0,00	0,00	0,00	
GENTLE BEAR	4	H	PUR SANG	1	0	0	0,00	0,00	0,00	0,00	240
DAWN SPIRIT	4	F	PUR SANG	1	0	0	0,00	0,00	0,00	0,00	
GREEN SPAIN	2	F	PUR SANG	1	0	0	0,00	0,00	0,00	0,00	
FARADAY	2	M	PUR SANG	1	0	0	0,00	0,00	0,00	0,00	
BANDIDA ESTRELLITA	4	F	PUR SANG	1	0	0	0,00	0,00	0,00	0,00	280
BIDEEW	3	F	PUR SANG	2	0	0	0,00	0,00	0,00	0,00	
KAMAND	4	F	PUR SANG	1	0	0	0,00	0,00	0,00	0,00	
BUSY KITTEN'S JOY	3	H	PUR SANG	1	0	0	0,00	0,00	0,00	0,00	
PRIDE OF ARRAS	4	H	PUR SANG	1	0	0	0,00	0,00	0,00	0,00	
ROSY AFFAIR	5	F	PUR SANG	1	0	0	0,00	0,00	0,00	0,00	485
TURTY TREE	3	M	PUR SANG	1	0	0	0,00	0,00	0,00	0,00	385
NAPKA FAL	3	F	PUR SANG	2	0	0	0,00	0,00	0,00	0,00	315
RED LETTER	4	F	PUR SANG	1	0	0	0,00	0,00	0,00	0,00	500
ROSE GREEN	3	F	PUR SANG	2	0	0	0,00	0,00	0,00	0,00	
TULLIS	3	F	PUR SANG	3	0	0	0,00	0,00	0,00	0,00	270
ROUGE	5	M	PUR SANG	3	0	0	0,00	0,00	0,00	0,00	250
GAME OF STARS	3	H	PUR SANG	1	0	0	0,00	0,00	0,00	0,00	
SPANISH VEGA	5	H	PUR SANG	1	0	0	0,00	0,00	0,00	0,00	200
GENEVA GEM	3	F	PUR SANG	1	0	0	0,00	0,00	0,00	0,00	
MARYS NOT CONTRARY	4	F	PUR SANG	4	0	0	0,00	0,00	0,00	0,00	250
LA SALUTE	3	F	PUR SANG	3	0	0	0,00	0,00	0,00	0,00	300
PAPPAGENA	3	F	PUR SANG	1	0	0	0,00	0,00	0,00	0,00	
ARCO DEI FUMI	3	F	PUR SANG	1	0	0	0,00	0,00	0,00	0,00	
DEBROUILLARDE	3	F	PUR SANG	1	0	0	0,00	0,00	0,00	0,00	
SYDNEY GIRLS	2	F	PUR SANG	1	0	0	0,00	0,00	0,00	0,00	
IRON ARROW	4	H	PUR SANG	1	0	0	0,00	0,00	0,00	0,00	250
CAPBEARD FAL	2	F	PUR SANG	1	0	0	0,00	0,00	0,00	0,00	
CAPTAIN AMERICWAN	2	H	PUR SANG	1	0	0	0,00	0,00	0,00	0,00	
QEYNAN	2	M	PUR SANG	1	0	0	0,00	0,00	0,00	0,00	
WOLLEMI	3	H	PUR SANG	1	0	0	0,00	0,00	0,00	0,00	415
TEN ICE	3	F	PUR SANG	1	0	0	0,00	0,00	0,00	0,00	340
NEVERBELL	3	F	PUR SANG	1	0	0	0,00	0,00	0,00	0,00	
POWAI	3	H	PUR SANG	1	0	0	0,00	0,00	0,00	0,00	415
LAMINARIA	4	F	PUR SANG	1	0	0	0,00	0,00	0,00	0,00	330
FINE BUBBLES	3	F	PUR SANG	1	0	0	0,00	0,00	0,00	0,00	365
SPANISH NATION CEN	2	M	PUR SANG	1	0	0	0,00	0,00	0,00	0,00	
WESTMINSTER FIRE	2	M	PUR SANG	1	0	0	0,00	0,00	0,00	0,00	
MON VIEUX JEAN	4	H	PUR SANG	1	0	0	0,00	0,00	0,00	0,00	530
LAWYER	3	M	PUR SANG	1	0	0	0,00	0,00	0,00	0,00	
SON OF REALITY	4	H	PUR SANG	1	0	0	0,00	0,00	0,00	0,00	230
LILT	3	F	PUR SANG	1	0	0	0,00	0,00	0,00	0,00	
OVEDENSA	2	F	PUR SANG	2	0	0	0,00	0,00	0,00	0,00	
PIZ PALU	4	H	PUR SANG	2	0	0	0,00	0,00	0,00	0,00	225
MIDYAN	3	M	PUR SANG	1	0	0	0,00	0,00	0,00	0,00	
ABRAKADABRA	3	F	PUR SANG	1	0	0	0,00	0,00	0,00	0,00	
STONE EYE	4	M	PUR SANG	1	0	0	0,00	0,00	0,00	0,00	
BARSAC	2	M	PUR SANG	1	0	0	0,00	0,00	0,00	0,00	
ROGUE DIPLOMAT	4	M	PUR SANG	1	0	0	0,00	0,00	0,00	0,00	445
FILLE DE LOUISE	3	F	PUR SANG	4	0	0	0,00	0,00	0,00	0,00	250
NEVER LET GO	4	F	PUR SANG	1	0	0	0,00	0,00	0,00	0,00	450
BROSNA	3	F	PUR SANG	1	0	0	0,00	0,00	0,00	0,00	
JAAMIR	5	H	PUR SANG	1	0	0	0,00	0,00	0,00	0,00	150
GOOD TIMING	3	F	PUR SANG	2	0	0	0,00	0,00	0,00	0,00	
KATELL GOLETT	3	F	PUR SANG	1	0	0	0,00	0,00	0,00	0,00	
CHERRY LOU	5	F	PUR SANG	1	0	0	0,00	0,00	0,00	0,00	
CAPIZA	3	F	PUR SANG	1	0	0	0,00	0,00	0,00	0,00	320
LIZETTE	3	F	PUR SANG	1	0	0	0,00	0,00	0,00	0,00	355
SARCASTIQUE	3	F	PUR SANG	2	0	0	0,00	0,00	0,00	0,00	
JESSE GREY	4	H	PUR SANG	1	0	0	0,00	0,00	0,00	0,00	230
QUIESCENT	3	F	PUR SANG	1	0	0	0,00	0,00	0,00	0,00	470
KAISERROSE	3	F	PUR SANG	1	0	0	0,00	0,00	0,00	0,00	
NESRYN	3	F	PUR SANG	2	0	0	0,00	0,00	0,00	0,00	
STAY AROUND	4	H	PUR SANG	1	0	0	0,00	0,00	0,00	0,00	260
ORION'S BELT	3	F	PUR SANG	1	0	0	0,00	0,00	0,00	0,00	430
STERNLE	3	F	PUR SANG	4	0	0	0,00	0,00	0,00	0,00	390
CATH HOCHE	3	F	PUR SANG	1	0	0	0,00	0,00	0,00	0,00	380
GREEN SENSE	3	F	PUR SANG	1	0	0	0,00	0,00	0,00	0,00	
COMMEVOUSSOUHAITEZ	3	F	PUR SANG	1	0	0	0,00	0,00	0,00	0,00	
FINOCCHIO	3	M	PUR SANG	1	0	0	0,00	0,00	0,00	0,00	
TOWER OF TRIPOLI	3	M	PUR SANG	1	0	0	0,00	0,00	0,00	0,00	
AIME RAPIDS	3	F	PUR SANG	1	0	0	0,00	0,00	0,00	0,00	
JAMAICA BAY	3	F	PUR SANG	1	0	0	0,00	0,00	0,00	0,00	
MOONLIGHT DREAMER	6	H	PUR SANG	1	0	0	0,00	0,00	0,00	0,00	150
LADY SHAMROCK	3	F	PUR SANG	4	0	0	0,00	0,00	0,00	0,00	315
TIME TO TURN	3	M	PUR SANG	1	0	0	0,00	0,00	0,00	0,00	485
WILD DESERT	3	M	PUR SANG	1	0	0	0,00	0,00	0,00	0,00	470
WISE APPROACH	3	M	PUR SANG	1	0	0	0,00	0,00	0,00	0,00	505
SIXPENCE	5	M	PUR SANG	1	0	0	0,00	0,00	0,00	0,00	535
WANDERLUST	4	H	PUR SANG	1	0	0	0,00	0,00	0,00	0,00	
VERSAILLES GLORY	3	M	PUR SANG	2	0	0	0,00	0,00	0,00	0,00	
AKVAREL	4	F	PUR SANG	2	0	0	0,00	0,00	0,00	0,00	325
TRUE TEST	3	F	PUR SANG	1	0	0	0,00	0,00	0,00	0,00	405
PEARL FORTUNE	3	F	PUR SANG	2	0	0	0,00	0,00	0,00	0,00	460
GRAN VENTURA	4	F	PUR SANG	1	0	0	0,00	0,00	0,00	0,00	
ISLAND SUNRISE	4	F	PUR SANG	2	0	0	0,00	0,00	0,00	0,00	250
YELLOW DREAM	4	F	PUR SANG	1	0	0	0,00	0,00	0,00	0,00	315
LIMESTONE	3	M	PUR SANG	1	0	0	0,00	0,00	0,00	0,00	475
MOMENTS OF JOY	3	F	PUR SANG	2	0	0	0,00	0,00	0,00	0,00	445
GREAT SPHINX	3	M	PUR SANG	1	0	0	0,00	0,00	0,00	0,00	
CAUSEWAY	3	M	PUR SANG	1	0	0	0,00	0,00	0,00	0,00	505
DORSET	3	M	PUR SANG	1	0	0	0,00	0,00	0,00	0,00	455
VENOSA	3	F	PUR SANG	1	0	0	0,00	0,00	0,00	0,00	
COMPOSING	3	F	PUR SANG	1	0	0	0,00	0,00	0,00	0,00	460
BEAUTIFY	3	F	PUR SANG	1	0	0	0,00	0,00	0,00	0,00	465
STREET CRY STAR	3	M	PUR SANG	1	0	0	0,00	0,00	0,00	0,00	
FEUERSTERN	4	H	PUR SANG	1	0	0	0,00	0,00	0,00	0,00	240
ZOROBABELE DI YORK	3	H	PUR SANG	1	0	0	0,00	0,00	0,00	0,00	
SONADOOR	4	F	PUR SANG	1	0	0	0,00	0,00	0,00	0,00	300
TAMOKA	2	F	PUR SANG	1	0	0	0,00	0,00	0,00	0,00	
WETSAND	3	F	PUR SANG	1	0	0	0,00	0,00	0,00	0,00	
EURIALO	5	H	PUR SANG	3	0	0	0,00	0,00	0,00	0,00	
ZUENDER	3	H	PUR SANG	1	0	0	0,00	0,00	0,00	0,00	
NOBLE RED	3	F	PUR SANG	2	0	0	0,00	0,00	0,00	0,00	265
KANAGAWA	3	H	PUR SANG	2	0	0	0,00	0,00	0,00	0,00	
AL QAYSIYYA	3	F	PUR SANG	2	0	0	0,00	0,00	0,00	0,00	
RIBBON OF SEA	3	F	PUR SANG	1	0	0	0,00	0,00	0,00	0,00	405
ASALET	3	H	PUR SANG	1	0	0	0,00	0,00	0,00	0,00	
EXCLAMATION	3	M	PUR SANG	1	0	0	0,00	0,00	0,00	0,00	
TRAITORS GATE	2	M	PUR SANG	1	0	0	0,00	0,00	0,00	0,00	
GOSTAM	3	M	PUR SANG	1	0	0	0,00	0,00	0,00	0,00	505
POKER	3	M	PUR SANG	1	0	0	0,00	0,00	0,00	0,00	360
AEIH	3	F	PUR SANG	3	0	0	0,00	0,00	0,00	0,00	255
BIG HEART	3	F	PUR SANG	1	0	0	0,00	0,00	0,00	0,00	
CHEATER	4	F	PUR SANG	2	0	0	0,00	0,00	0,00	0,00	
CHERRY CHILLI	2	F	PUR SANG	1	0	0	0,00	0,00	0,00	0,00	
LIBERTY LOU	2	F	PUR SANG	1	0	0	0,00	0,00	0,00	0,00	
OCTAVIO	5	H	PUR SANG	2	0	0	0,00	0,00	0,00	0,00	
NO TRACE	2	F	PUR SANG	1	0	0	0,00	0,00	0,00	0,00	
CHAMPAGNE SUNSET	2	F	PUR SANG	1	0	0	0,00	0,00	0,00	0,00	
MACHA'S DREAM	2	F	PUR SANG	1	0	0	0,00	0,00	0,00	0,00	
MARITIME MIST	6	F	PUR SANG	1	0	0	0,00	0,00	0,00	0,00	
LAMARA	4	F	PUR SANG	1	0	0	0,00	0,00	0,00	0,00	
KESTELI	2	M	PUR SANG	1	0	0	0,00	0,00	0,00	0,00	
BIRDCALL	3	F	PUR SANG	2	0	0	0,00	0,00	0,00	0,00	
ARDAGAN	3	H	PUR SANG	1	0	0	0,00	0,00	0,00	0,00	
WESTERN RULER	4	H	PUR SANG	1	0	0	0,00	0,00	0,00	0,00	
SASHAY AWAY	3	F	PUR SANG	1	0	0	0,00	0,00	0,00	0,00	
HIGHLIGHTING	3	F	PUR SANG	2	0	0	0,00	0,00	0,00	0,00	
HANYA	3	F	PUR SANG	1	0	0	0,00	0,00	0,00	0,00	
COSTA NAVARINO	3	M	PUR SANG	1	0	0	0,00	0,00	0,00	0,00	
MAGIC FIRE	3	M	PUR SANG	2	0	0	0,00	0,00	0,00	0,00	
OCEAN ODYSSEY	5	H	PUR SANG	2	0	0	0,00	0,00	0,00	0,00	
STRIKE IT RICH	3	H	PUR SANG	1	0	0	0,00	0,00	0,00	0,00	
CRITICAL THINKER	2	M	PUR SANG	1	0	0	0,00	0,00	0,00	0,00	
YAUPON DE REPLAY	3	F	PUR SANG	1	0	0	0,00	0,00	0,00	0,00	
SOUL LOVE	3	F	PUR SANG	1	0	0	0,00	0,00	0,00	0,00	
KATHY LIGHT	3	F	PUR SANG	1	0	0	0,00	0,00	0,00	0,00	350
KATHY STYLE	3	F	PUR SANG	1	0	0	0,00	0,00	0,00	0,00	315
ORTHODOX	2	M	PUR SANG	1	0	0	0,00	0,00	0,00	0,00	
MINZELLE	2	F	PUR SANG	1	0	0	0,00	0,00	0,00	0,00	
TRUE DAWN	3	F	PUR SANG	1	0	0	0,00	0,00	0,00	0,00	
LACE FLOWER	3	F	PUR SANG	2	0	0	0,00	0,00	0,00	0,00	
IWAJUR	3	M	PUR SANG	2	0	0	0,00	0,00	0,00	0,00	
BAKER BLUE	3	H	PUR SANG	1	0	0	0,00	0,00	0,00	0,00	435
LADY GARFIELD	3	F	PUR SANG	1	0	0	0,00	0,00	0,00	0,00	
ROXELINA	2	F	PUR SANG	1	0	0	0,00	0,00	0,00	0,00	385
SHANTIR	2	F	PUR SANG	1	0	0	0,00	0,00	0,00	0,00	
ROSA INGLESA	3	F	PUR SANG	1	0	0	0,00	0,00	0,00	0,00	410
REINA SIOUX	2	F	PUR SANG	1	0	0	0,00	0,00	0,00	0,00	
SLEMEN	2	M	PUR SANG	1	0	0	0,00	0,00	0,00	0,00	
SMOKEY SPIRIT	2	H	PUR SANG	1	0	0	0,00	0,00	0,00	0,00	
HARDSTYLE	3	H	PUR SANG	1	0	0	0,00	0,00	0,00	0,00	
NICELY	2	F	PUR SANG	1	0	0	0,00	0,00	0,00	0,00	
TERMINOLOGY	2	F	PUR SANG	1	0	0	0,00	0,00	0,00	0,00	350
URBAN COTAI	3	F	PUR SANG	3	0	0	0,00	0,00	0,00	0,00	
TRIBECA	2	M	PUR SANG	1	0	0	0,00	0,00	0,00	0,00	465
VALLEE DE MAI	3	F	PUR SANG	1	0	0	0,00	0,00	0,00	0,00	
DE LA LUNA	5	F	PUR SANG	1	0	0	0,00	0,00	0,00	0,00	
ARTHUR BEAR	2	M	PUR SANG	1	0	0	0,00	0,00	0,00	0,00	
ADHABI	2	F	PUR SANG	1	0	0	0,00	0,00	0,00	0,00	
NO FRANCAIS	2	M	PUR SANG	1	0	0	0,00	0,00	0,00	0,00	
MYANMAR	3	M	PUR SANG	1	0	0	0,00	0,00	0,00	0,00	
CHICABOO	3	M	PUR SANG	1	0	0	0,00	0,00	0,00	0,00	
STRAUSS	5	M	PUR SANG	1	0	0	0,00	0,00	0,00	0,00	520
VENETIA	3	F	PUR SANG	1	0	0	0,00	0,00	0,00	0,00	430
GAJ OF QUALITY	2	M	PUR SANG	2	0	0	0,00	0,00	0,00	0,00	
AMIRES	2	F	PUR SANG	2	0	0	0,00	0,00	0,00	0,00	
HALLO SPACEBOY	3	M	PUR SANG	1	0	0	0,00	0,00	0,00	0,00	405
DEE'S FUNNY GIRL	2	F	PUR SANG	1	0	0	0,00	0,00	0,00	0,00	450
TRIBAL QUEEN	3	F	PUR SANG	1	0	0	0,00	0,00	0,00	0,00	
ISABELLA GIGANTE	3	F	PUR SANG	1	0	0	0,00	0,00	0,00	0,00	
DISCOVERY DAY	6	H	PUR SANG	1	0	0	0,00	0,00	0,00	0,00	400
