{
  "_version": 2,
  "_generatedAt": "2026-04-24T11:30:40.854Z",
  "sprint": {
    "leviers": [
      "Cote (1/cote)",
      "Dérive cote"
    ],
    "poids": [
      0.8,
      0.2
    ],
    "top1": 30.89887640449438,
    "top2": 46.06741573033708,
    "top3": 58.98876404494382,
    "avgCote": 3.2981818181818183,
    "courses": 178,
    "coursesUtilisables": 178,
    "degen": 0
  },
  "mile": {
    "leviers": [
      "Cote (1/cote)",
      "TauxV indiv"
    ],
    "poids": [
      0.5,
      0.5
    ],
    "top1": 34.375,
    "top2": 46.875,
    "top3": 60.71428571428571,
    "avgCote": 3.4116883116883123,
    "courses": 224,
    "coursesUtilisables": 224,
    "degen": 0
  },
  "middle": {
    "leviers": [
      "Cote (1/cote)",
      "Cravache Rang"
    ],
    "poids": [
      0.5,
      0.5
    ],
    "top1": 33.33333333333333,
    "top2": 48.35680751173709,
    "top3": 62.441314553990615,
    "avgCote": 3.507042253521127,
    "courses": 213,
    "coursesUtilisables": 213,
    "degen": 0
  },
  "staying": {
    "leviers": [
      "Cote (1/cote)",
      "Cote ref",
      "Musique",
      "Jk Rang",
      "Jk GainMoy"
    ],
    "poids": [
      0.2,
      0.2,
      0.2,
      0.2,
      0.2
    ],
    "top1": 34.63687150837989,
    "top2": 49.72067039106145,
    "top3": 59.77653631284916,
    "avgCote": 3.6790322580645154,
    "courses": 179,
    "coursesUtilisables": 179,
    "degen": 0
  },
  "premium": {
    "leviers": [
      "Cote (1/cote)",
      "Cote ref",
      "Dérive cote",
      "Cravache Rang",
      "Ch TauxP",
      "Jk GainMoy"
    ],
    "poids": [
      0.25,
      0.2,
      0.15,
      0.15,
      0.15,
      0.1
    ],
    "top1": 29.629629629629626,
    "top2": 44.97354497354497,
    "top3": 58.201058201058196,
    "avgCote": 4.105357142857144,
    "courses": 189,
    "coursesUtilisables": 189,
    "degen": 0
  }
}