{
  "_version": 2,
  "_generatedAt": "2026-04-24T14:44:38.806Z",
  "sprint": {
    "leviers": [
      "Jk Rang",
      "Cote (1/cote)",
      "Cote ref",
      "Dérive cote",
      "NbVictoires"
    ],
    "poids": [
      0.2,
      0.2,
      0.2,
      0.2,
      0.2
    ],
    "top1": 31.666666666666664,
    "top2": 46.666666666666664,
    "top3": 56.666666666666664,
    "avgCote": 4.163157894736842,
    "courses": 60,
    "coursesUtilisables": 60,
    "degen": 0
  },
  "mile": {
    "leviers": [
      "Cote (1/cote)",
      "Jk Rang",
      "TauxV indiv"
    ],
    "poids": [
      0.4,
      0.3,
      0.3
    ],
    "top1": 45.33333333333333,
    "top2": 54.666666666666664,
    "top3": 64,
    "avgCote": 3.38235294117647,
    "courses": 75,
    "coursesUtilisables": 75,
    "degen": 0
  },
  "middle": {
    "leviers": [
      "Cote (1/cote)",
      "Cote ref"
    ],
    "poids": [
      0.5,
      0.5
    ],
    "top1": 42.22222222222222,
    "top2": 51.11111111111111,
    "top3": 62.22222222222222,
    "avgCote": 3.2263157894736842,
    "courses": 45,
    "coursesUtilisables": 45,
    "degen": 0
  },
  "staying": {
    "leviers": [
      "TauxP indiv",
      "Cote (1/cote)",
      "Valeur FG",
      "Jk Rang",
      "Cravache Rang"
    ],
    "poids": [
      0.2,
      0.2,
      0.2,
      0.2,
      0.2
    ],
    "top1": 40,
    "top2": 43.333333333333336,
    "top3": 53.333333333333336,
    "avgCote": 3.983333333333333,
    "courses": 30,
    "coursesUtilisables": 30,
    "degen": 0
  },
  "premium": {
    "leviers": [
      "Cote ref",
      "Valeur FG",
      "Ch GainMoy"
    ],
    "poids": [
      0.5,
      0.3,
      0.2
    ],
    "top1": 44.18604651162791,
    "top2": 58.139534883720934,
    "top3": 60.46511627906976,
    "avgCote": 3.5842105263157893,
    "courses": 43,
    "coursesUtilisables": 43,
    "degen": 0
  },
  "1000m": {
    "leviers": [
      "Forme récente",
      "Valeur FG",
      "NbVictoires",
      "Cote (1/cote)"
    ],
    "poids": [
      0.4,
      0.3,
      0.2,
      0.1
    ],
    "top1": 34.78260869565217,
    "top2": 47.82608695652174,
    "top3": 60.86956521739131,
    "avgCote": 7.512499999999999,
    "courses": 23,
    "coursesUtilisables": 23,
    "degen": 0
  },
  "1200m": {
    "leviers": [
      "Jk Rang",
      "Dérive cote",
      "Ch Rang",
      "Combo Jk*Ent",
      "Cote (1/cote)",
      "TauxV indiv"
    ],
    "poids": [
      0.17,
      0.17,
      0.17,
      0.17,
      0.16,
      0.16
    ],
    "top1": 43.75,
    "top2": 53.125,
    "top3": 62.5,
    "avgCote": 4.3428571428571425,
    "courses": 32,
    "coursesUtilisables": 32,
    "degen": 0
  },
  "1400m": {
    "leviers": [
      "Cote (1/cote)",
      "TauxV indiv",
      "Cote ref",
      "Dérive cote"
    ],
    "poids": [
      0.4,
      0.3,
      0.2,
      0.1
    ],
    "top1": 77.27272727272727,
    "top2": 77.27272727272727,
    "top3": 90.9090909090909,
    "avgCote": 3.0352941176470587,
    "courses": 22,
    "coursesUtilisables": 22,
    "degen": 0
  },
  "1600m": {
    "leviers": [
      "Cote (1/cote)",
      "Ch GainMoy",
      "Jk TauxV"
    ],
    "poids": [
      0.4,
      0.4,
      0.2
    ],
    "top1": 40.909090909090914,
    "top2": 47.72727272727273,
    "top3": 59.09090909090909,
    "avgCote": 3.344444444444445,
    "courses": 44,
    "coursesUtilisables": 44,
    "degen": 0
  },
  "1800m": {
    "leviers": [
      "Ch Rang"
    ],
    "poids": [
      1
    ],
    "top1": 66.66666666666666,
    "top2": 66.66666666666666,
    "top3": 66.66666666666666,
    "avgCote": 5.3999999999999995,
    "courses": 10,
    "coursesUtilisables": 3,
    "degen": 7
  },
  "2000m": {
    "leviers": [
      "Cote ref",
      "Cote (1/cote)"
    ],
    "poids": [
      0.5,
      0.5
    ],
    "top1": 46.42857142857143,
    "top2": 57.14285714285714,
    "top3": 67.85714285714286,
    "avgCote": 3.4615384615384617,
    "courses": 28,
    "coursesUtilisables": 28,
    "degen": 0
  },
  "2400m": {
    "leviers": [
      "TauxP indiv"
    ],
    "poids": [
      1
    ],
    "top1": 34.78260869565217,
    "top2": 47.82608695652174,
    "top3": 47.82608695652174,
    "avgCote": 12.237500000000002,
    "courses": 24,
    "coursesUtilisables": 23,
    "degen": 1
  }
}