{
  "_version": 2,
  "_generatedAt": "2026-04-24T15:03:48.853Z",
  "sprint": {
    "leviers": [
      "Cote × Valeur",
      "Cote × ChTauxV",
      "Cote (1/cote)",
      "Cote × JkRang",
      "Dérive × ChTauxV"
    ],
    "poids": [
      0.2,
      0.2,
      0.2,
      0.2,
      0.2
    ],
    "top1": 33.33333333333333,
    "top2": 48.333333333333336,
    "top3": 61.66666666666667,
    "avgCote": 3.3300000000000005,
    "courses": 60,
    "coursesUtilisables": 60,
    "degen": 0
  },
  "mile": {
    "leviers": [
      "Cote (1/cote)",
      "Cote × ChTauxV"
    ],
    "poids": [
      0.2,
      0.8
    ],
    "top1": 44,
    "top2": 61.33333333333333,
    "top3": 70.66666666666667,
    "avgCote": 2.7848484848484847,
    "courses": 75,
    "coursesUtilisables": 75,
    "degen": 0
  },
  "middle": {
    "leviers": [
      "Cote (1/cote)",
      "Cote ref"
    ],
    "poids": [
      0.5,
      0.5
    ],
    "top1": 41.30434782608695,
    "top2": 50,
    "top3": 60.86956521739131,
    "avgCote": 3.2263157894736842,
    "courses": 46,
    "coursesUtilisables": 46,
    "degen": 0
  },
  "staying": {
    "leviers": [
      "Cote × JkRang",
      "Cote (1/cote)",
      "JkRang × Musique",
      "Cote ref"
    ],
    "poids": [
      0.4,
      0.2,
      0.2,
      0.2
    ],
    "top1": 36.666666666666664,
    "top2": 56.666666666666664,
    "top3": 63.33333333333333,
    "avgCote": 3.027272727272727,
    "courses": 30,
    "coursesUtilisables": 30,
    "degen": 0
  },
  "premium": {
    "leviers": [
      "Cote ref",
      "Cote × ChTauxV",
      "Valeur FG"
    ],
    "poids": [
      0.6,
      0.2,
      0.2
    ],
    "top1": 40.909090909090914,
    "top2": 56.81818181818182,
    "top3": 63.63636363636363,
    "avgCote": 3.1777777777777776,
    "courses": 44,
    "coursesUtilisables": 44,
    "degen": 0
  },
  "1000m": {
    "leviers": [
      "Forme récente",
      "Cote × Valeur",
      "Valeur FG",
      "NbVictoires"
    ],
    "poids": [
      0.3,
      0.3,
      0.2,
      0.2
    ],
    "top1": 34.78260869565217,
    "top2": 47.82608695652174,
    "top3": 60.86956521739131,
    "avgCote": 7.512499999999999,
    "courses": 23,
    "coursesUtilisables": 23,
    "degen": 0
  },
  "1200m": {
    "leviers": [
      "Jk Rang",
      "Dérive × ChTauxV"
    ],
    "poids": [
      0.5,
      0.5
    ],
    "top1": 40.74074074074074,
    "top2": 55.55555555555556,
    "top3": 62.96296296296296,
    "avgCote": 4.890909090909091,
    "courses": 32,
    "coursesUtilisables": 27,
    "degen": 5
  },
  "1400m": {
    "leviers": [
      "Cote × Valeur",
      "Cote × ChTauxV",
      "Dérive × Cote",
      "TauxV indiv",
      "Cote ref"
    ],
    "poids": [
      0.2,
      0.2,
      0.2,
      0.2,
      0.2
    ],
    "top1": 72.72727272727273,
    "top2": 81.81818181818183,
    "top3": 90.9090909090909,
    "avgCote": 2.8000000000000003,
    "courses": 22,
    "coursesUtilisables": 22,
    "degen": 0
  },
  "1600m": {
    "leviers": [
      "Cote × ChTauxV",
      "Cote (1/cote)",
      "Cote × Valeur",
      "Ch GainMoy"
    ],
    "poids": [
      0.3,
      0.3,
      0.2,
      0.2
    ],
    "top1": 38.63636363636363,
    "top2": 50,
    "top3": 59.09090909090909,
    "avgCote": 2.7294117647058824,
    "courses": 44,
    "coursesUtilisables": 44,
    "degen": 0
  },
  "1800m": {
    "leviers": [
      "Ch Rang"
    ],
    "poids": [
      1
    ],
    "top1": 66.66666666666666,
    "top2": 66.66666666666666,
    "top3": 66.66666666666666,
    "avgCote": 5.3999999999999995,
    "courses": 10,
    "coursesUtilisables": 3,
    "degen": 7
  },
  "2000m": {
    "leviers": [
      "Cote ref",
      "Cote (1/cote)"
    ],
    "poids": [
      0.5,
      0.5
    ],
    "top1": 44.827586206896555,
    "top2": 55.172413793103445,
    "top3": 65.51724137931035,
    "avgCote": 3.4615384615384617,
    "courses": 29,
    "coursesUtilisables": 29,
    "degen": 0
  },
  "2400m": {
    "leviers": [
      "TauxP indiv"
    ],
    "poids": [
      1
    ],
    "top1": 34.78260869565217,
    "top2": 47.82608695652174,
    "top3": 47.82608695652174,
    "avgCote": 12.237500000000002,
    "courses": 24,
    "coursesUtilisables": 23,
    "degen": 1
  }
}