{
  "_version": 3,
  "_generatedAt": "2026-04-30T13:16:52.983Z",
  "sprint": {
    "leviers": [
      "Ch TauxV",
      "Jk Rang"
    ],
    "poids": [
      0.6000000000000001,
      0.4
    ],
    "top1": 13.333333333333334,
    "top2": 46.666666666666664,
    "top3": 70,
    "avgCote": 2.975,
    "courses": 116,
    "coursesUtilisables": 30,
    "degen": 86
  },
  "mile": {
    "leviers": [
      "Cote (1/cote)",
      "Cote ref"
    ],
    "poids": [
      0.6000000000000001,
      0.4
    ],
    "top1": 34.18803418803419,
    "top2": 55.55555555555556,
    "top3": 70.08547008547008,
    "avgCote": 2.76,
    "courses": 117,
    "coursesUtilisables": 117,
    "degen": 0
  },
  "middle": {
    "leviers": [
      "Cote (1/cote)",
      "Cote ref",
      "Ch Rang"
    ],
    "poids": [
      0.2,
      0.6000000000000001,
      0.2
    ],
    "top1": 37.80487804878049,
    "top2": 57.3170731707317,
    "top3": 69.51219512195121,
    "avgCote": 3.6258064516129034,
    "courses": 82,
    "coursesUtilisables": 82,
    "degen": 0
  },
  "staying": {
    "leviers": [
      "Jk GainMoy",
      "Cote ref",
      "Jk Rang"
    ],
    "poids": [
      0.2,
      0.30000000000000004,
      0.5
    ],
    "top1": 34.78260869565217,
    "top2": 56.52173913043478,
    "top3": 71.73913043478261,
    "avgCote": 3.05625,
    "courses": 48,
    "coursesUtilisables": 46,
    "degen": 2
  },
  "premium": {
    "leviers": [
      "Cote (1/cote)",
      "Ch GainMoy",
      "Combo Jk*Ent"
    ],
    "poids": [
      0.8,
      0.1,
      0.1
    ],
    "top1": 35.61643835616438,
    "top2": 49.31506849315068,
    "top3": 68.4931506849315,
    "avgCote": 2.988461538461539,
    "courses": 73,
    "coursesUtilisables": 73,
    "degen": 0
  },
  "1000m": {
    "leviers": [
      "Ch TauxV"
    ],
    "poids": [
      1
    ],
    "top1": 0,
    "top2": 100,
    "top3": 100,
    "avgCote": 0,
    "courses": 36,
    "coursesUtilisables": 1,
    "degen": 35
  },
  "1200m": {
    "leviers": [
      "Musique",
      "Cote (1/cote)",
      "Dérive cote",
      "Ch TauxV",
      "Ch Rang"
    ],
    "poids": [
      0.1,
      0.1,
      0.1,
      0.1,
      0.6000000000000001
    ],
    "top1": 32.857142857142854,
    "top2": 54.285714285714285,
    "top3": 74.28571428571429,
    "avgCote": 4.304545454545455,
    "courses": 70,
    "coursesUtilisables": 70,
    "degen": 0
  },
  "1300m": {
    "leviers": [
      "Jk TauxV"
    ],
    "poids": [
      1
    ],
    "top1": 100,
    "top2": 100,
    "top3": 100,
    "avgCote": 23,
    "courses": 10,
    "coursesUtilisables": 1,
    "degen": 9
  },
  "1400m": {
    "leviers": [
      "Cote (1/cote)",
      "TauxV indiv"
    ],
    "poids": [
      0.9,
      0.1
    ],
    "top1": 42.5,
    "top2": 65,
    "top3": 75,
    "avgCote": 2.8705882352941177,
    "courses": 40,
    "coursesUtilisables": 40,
    "degen": 0
  },
  "1500m": {
    "leviers": [
      "Cote (1/cote)",
      "Ch TauxV",
      "Valeur FG",
      "Jk TauxP"
    ],
    "poids": [
      0.2,
      0.1,
      0.6000000000000001,
      0.1
    ],
    "top1": 30.76923076923077,
    "top2": 69.23076923076923,
    "top3": 92.3076923076923,
    "avgCote": 3.625,
    "courses": 13,
    "coursesUtilisables": 13,
    "degen": 0
  },
  "1600m": {
    "leviers": [
      "Cote (1/cote)",
      "Jk TauxV",
      "Ch GainMoy",
      "TauxP indiv"
    ],
    "poids": [
      0.30000000000000004,
      0.5,
      0.1,
      0.1
    ],
    "top1": 32.8125,
    "top2": 56.25,
    "top3": 67.1875,
    "avgCote": 3.3285714285714283,
    "courses": 64,
    "coursesUtilisables": 64,
    "degen": 0
  },
  "1800m": {
    "leviers": [
      "Jk GainMoy",
      "Ch GainMoy",
      "Ch Rang",
      "Cravache Rang"
    ],
    "poids": [
      0.4,
      0.30000000000000004,
      0.2,
      0.1
    ],
    "top1": 18.75,
    "top2": 75,
    "top3": 81.25,
    "avgCote": 2.766666666666667,
    "courses": 25,
    "coursesUtilisables": 16,
    "degen": 9
  },
  "2000m": {
    "leviers": [
      "Cote (1/cote)",
      "Cote ref",
      "Ch Rang"
    ],
    "poids": [
      0.7000000000000001,
      0.2,
      0.1
    ],
    "top1": 36.17021276595745,
    "top2": 55.319148936170215,
    "top3": 72.3404255319149,
    "avgCote": 3.2823529411764705,
    "courses": 47,
    "coursesUtilisables": 47,
    "degen": 0
  },
  "2100m": {
    "leviers": [
      "Ch TauxV",
      "Jk TauxV",
      "Cote (1/cote)",
      "Combo Jk*Ent"
    ],
    "poids": [
      0.1,
      0.6000000000000001,
      0.2,
      0.1
    ],
    "top1": 50,
    "top2": 70,
    "top3": 90,
    "avgCote": 3.66,
    "courses": 10,
    "coursesUtilisables": 10,
    "degen": 0
  },
  "2400m": {
    "leviers": [
      "Jk GainMoy",
      "Cote ref",
      "Jk Rang"
    ],
    "poids": [
      0.2,
      0.30000000000000004,
      0.5
    ],
    "top1": 27.027027027027028,
    "top2": 48.64864864864865,
    "top3": 67.56756756756756,
    "avgCote": 3.3,
    "courses": 38,
    "coursesUtilisables": 37,
    "degen": 1
  },
  "3000m+": {
    "leviers": [
      "Cote ref",
      "Ch GainMoy",
      "Jk TauxP"
    ],
    "poids": [
      0.1,
      0.6000000000000001,
      0.30000000000000004
    ],
    "top1": 88.88888888888889,
    "top2": 100,
    "top3": 100,
    "avgCote": 3.8249999999999997,
    "courses": 10,
    "coursesUtilisables": 9,
    "degen": 1
  }
}