{
  "_version": 2,
  "_generatedAt": "2026-04-24T09:28:40.297Z",
  "sprint": {
    "leviers": [
      "Cote (1/cote)",
      "Dérive cote"
    ],
    "poids": [
      0.8,
      0.2
    ],
    "top1": 30.89887640449438,
    "top2": 46.06741573033708,
    "top3": 58.98876404494382,
    "avgCote": 3.2981818181818183,
    "courses": 178,
    "coursesUtilisables": 178,
    "degen": 0
  },
  "mile": {
    "leviers": [
      "Cote (1/cote)",
      "Cote ref",
      "Jk Rang"
    ],
    "poids": [
      0.5,
      0.3,
      0.2
    ],
    "top1": 31.69642857142857,
    "top2": 49.107142857142854,
    "top3": 60.26785714285714,
    "avgCote": 3.008450704225351,
    "courses": 224,
    "coursesUtilisables": 224,
    "degen": 0
  },
  "middle": {
    "leviers": [
      "Cote (1/cote)",
      "Jk Rang",
      "Jk TauxV",
      "Jk GainMoy"
    ],
    "poids": [
      0.5,
      0.2,
      0.2,
      0.1
    ],
    "top1": 33.80281690140845,
    "top2": 51.64319248826291,
    "top3": 63.38028169014085,
    "avgCote": 3.355555555555556,
    "courses": 213,
    "coursesUtilisables": 213,
    "degen": 0
  },
  "staying": {
    "leviers": [
      "Cote (1/cote)",
      "Musique",
      "Jk Rang",
      "Jk GainMoy"
    ],
    "poids": [
      0.4,
      0.2,
      0.2,
      0.2
    ],
    "top1": 35.19553072625698,
    "top2": 51.955307262569825,
    "top3": 60.893854748603346,
    "avgCote": 3.557142857142857,
    "courses": 179,
    "coursesUtilisables": 179,
    "degen": 0
  },
  "premium": {
    "leviers": [
      "Cote (1/cote)",
      "Cote ref",
      "Dérive cote",
      "Jk Rang",
      "Ch TauxP",
      "Musique"
    ],
    "poids": [
      0.25,
      0.2,
      0.15,
      0.15,
      0.15,
      0.1
    ],
    "top1": 30.158730158730158,
    "top2": 46.03174603174603,
    "top3": 59.25925925925925,
    "avgCote": 3.9649122807017547,
    "courses": 189,
    "coursesUtilisables": 189,
    "degen": 0
  }
}