{
  "sprint": {
    "leviers": [
      "Ch TauxV"
    ],
    "poids": [
      1
    ],
    "top1": 78.04878048780488,
    "courses": 123
  },
  "mile": {
    "leviers": [
      "Ch TauxV"
    ],
    "poids": [
      1
    ],
    "top1": 63.31360946745562,
    "courses": 169
  },
  "middle": {
    "leviers": [
      "Musique"
    ],
    "poids": [
      1
    ],
    "top1": 61.93181818181818,
    "courses": 176
  },
  "staying": {
    "leviers": [
      "Musique"
    ],
    "poids": [
      1
    ],
    "top1": 69.56521739130434,
    "courses": 161
  }
}